File Name,Size (MB),Full Folder Path
changelog.md,0.19,C:\$RECYCLE.BIN\S-1-5-21-1116276999-3700152778-1265500334-1023\$R4QIEBQ\resources\app\extensions\copilot
readme.md,0.01,C:\$RECYCLE.BIN\S-1-5-21-1116276999-3700152778-1265500334-1023\$R4QIEBQ\resources\app\extensions\copilot
chronicle-cost-tips.prompt.md,0.00,C:\$RECYCLE.BIN\S-1-5-21-1116276999-3700152778-1265500334-1023\$R4QIEBQ\resources\app\extensions\copilot\assets\prompts
chronicle-improve.prompt.md,0.00,C:\$RECYCLE.BIN\S-1-5-21-1116276999-3700152778-1265500334-1023\$R4QIEBQ\resources\app\extensions\copilot\assets\prompts
chronicle-reindex.prompt.md,0.00,C:\$RECYCLE.BIN\S-1-5-21-1116276999-3700152778-1265500334-1023\$R4QIEBQ\resources\app\extensions\copilot\assets\prompts
chronicle-search.prompt.md,0.00,C:\$RECYCLE.BIN\S-1-5-21-1116276999-3700152778-1265500334-1023\$R4QIEBQ\resources\app\extensions\copilot\assets\prompts
chronicle-standup.prompt.md,0.00,C:\$RECYCLE.BIN\S-1-5-21-1116276999-3700152778-1265500334-1023\$R4QIEBQ\resources\app\extensions\copilot\assets\prompts
chronicle-tips.prompt.md,0.00,C:\$RECYCLE.BIN\S-1-5-21-1116276999-3700152778-1265500334-1023\$R4QIEBQ\resources\app\extensions\copilot\assets\prompts
plan.prompt.md,0.00,C:\$RECYCLE.BIN\S-1-5-21-1116276999-3700152778-1265500334-1023\$R4QIEBQ\resources\app\extensions\copilot\assets\prompts
SKILL.md,0.01,C:\$RECYCLE.BIN\S-1-5-21-1116276999-3700152778-1265500334-1023\$R4QIEBQ\resources\app\extensions\copilot\assets\prompts\skills\agent-customization
agent-instructions.md,0.00,C:\$RECYCLE.BIN\S-1-5-21-1116276999-3700152778-1265500334-1023\$R4QIEBQ\resources\app\extensions\copilot\assets\prompts\skills\agent-customization\references
agents.md,0.00,C:\$RECYCLE.BIN\S-1-5-21-1116276999-3700152778-1265500334-1023\$R4QIEBQ\resources\app\extensions\copilot\assets\prompts\skills\agent-customization\references
hooks.md,0.00,C:\$RECYCLE.BIN\S-1-5-21-1116276999-3700152778-1265500334-1023\$R4QIEBQ\resources\app\extensions\copilot\assets\prompts\skills\agent-customization\references
instructions.md,0.00,C:\$RECYCLE.BIN\S-1-5-21-1116276999-3700152778-1265500334-1023\$R4QIEBQ\resources\app\extensions\copilot\assets\prompts\skills\agent-customization\references
prompts.md,0.00,C:\$RECYCLE.BIN\S-1-5-21-1116276999-3700152778-1265500334-1023\$R4QIEBQ\resources\app\extensions\copilot\assets\prompts\skills\agent-customization\references
skills.md,0.00,C:\$RECYCLE.BIN\S-1-5-21-1116276999-3700152778-1265500334-1023\$R4QIEBQ\resources\app\extensions\copilot\assets\prompts\skills\agent-customization\references
SKILL.md,0.03,C:\$RECYCLE.BIN\S-1-5-21-1116276999-3700152778-1265500334-1023\$R4QIEBQ\resources\app\extensions\copilot\assets\prompts\skills\chronicle
SKILL.md,0.00,C:\$RECYCLE.BIN\S-1-5-21-1116276999-3700152778-1265500334-1023\$R4QIEBQ\resources\app\extensions\copilot\assets\prompts\skills\create-agent
SKILL.md,0.00,C:\$RECYCLE.BIN\S-1-5-21-1116276999-3700152778-1265500334-1023\$R4QIEBQ\resources\app\extensions\copilot\assets\prompts\skills\create-hook
SKILL.md,0.00,C:\$RECYCLE.BIN\S-1-5-21-1116276999-3700152778-1265500334-1023\$R4QIEBQ\resources\app\extensions\copilot\assets\prompts\skills\create-instructions
SKILL.md,0.00,C:\$RECYCLE.BIN\S-1-5-21-1116276999-3700152778-1265500334-1023\$R4QIEBQ\resources\app\extensions\copilot\assets\prompts\skills\create-prompt
SKILL.md,0.00,C:\$RECYCLE.BIN\S-1-5-21-1116276999-3700152778-1265500334-1023\$R4QIEBQ\resources\app\extensions\copilot\assets\prompts\skills\create-skill
SKILL.md,0.00,C:\$RECYCLE.BIN\S-1-5-21-1116276999-3700152778-1265500334-1023\$R4QIEBQ\resources\app\extensions\copilot\assets\prompts\skills\get-search-view-results
SKILL.md,0.00,C:\$RECYCLE.BIN\S-1-5-21-1116276999-3700152778-1265500334-1023\$R4QIEBQ\resources\app\extensions\copilot\assets\prompts\skills\init
SKILL.md,0.00,C:\$RECYCLE.BIN\S-1-5-21-1116276999-3700152778-1265500334-1023\$R4QIEBQ\resources\app\extensions\copilot\assets\prompts\skills\install-vscode-extension
SKILL.md,0.00,C:\$RECYCLE.BIN\S-1-5-21-1116276999-3700152778-1265500334-1023\$R4QIEBQ\resources\app\extensions\copilot\assets\prompts\skills\project-setup-info-context7
SKILL.md,0.01,C:\$RECYCLE.BIN\S-1-5-21-1116276999-3700152778-1265500334-1023\$R4QIEBQ\resources\app\extensions\copilot\assets\prompts\skills\project-setup-info-local
SKILL.md,0.02,C:\$RECYCLE.BIN\S-1-5-21-1116276999-3700152778-1265500334-1023\$R4QIEBQ\resources\app\extensions\copilot\assets\prompts\skills\troubleshoot
README.md,0.00,C:\$RECYCLE.BIN\S-1-5-21-1116276999-3700152778-1265500334-1023\$R4QIEBQ\resources\app\extensions\css-language-features
README.md,0.00,C:\$RECYCLE.BIN\S-1-5-21-1116276999-3700152778-1265500334-1023\$R4QIEBQ\resources\app\extensions\emmet
README.md,0.00,C:\$RECYCLE.BIN\S-1-5-21-1116276999-3700152778-1265500334-1023\$R4QIEBQ\resources\app\extensions\git
README.md,0.00,C:\$RECYCLE.BIN\S-1-5-21-1116276999-3700152778-1265500334-1023\$R4QIEBQ\resources\app\extensions\git\node_modules\@vscode\fs-copyfile
SECURITY.md,0.00,C:\$RECYCLE.BIN\S-1-5-21-1116276999-3700152778-1265500334-1023\$R4QIEBQ\resources\app\extensions\git\node_modules\@vscode\fs-copyfile
README.md,0.00,C:\$RECYCLE.BIN\S-1-5-21-1116276999-3700152778-1265500334-1023\$R4QIEBQ\resources\app\extensions\git-base
README.md,0.00,C:\$RECYCLE.BIN\S-1-5-21-1116276999-3700152778-1265500334-1023\$R4QIEBQ\resources\app\extensions\github
README.md,0.00,C:\$RECYCLE.BIN\S-1-5-21-1116276999-3700152778-1265500334-1023\$R4QIEBQ\resources\app\extensions\github-authentication
README.md,0.00,C:\$RECYCLE.BIN\S-1-5-21-1116276999-3700152778-1265500334-1023\$R4QIEBQ\resources\app\extensions\grunt
README.md,0.00,C:\$RECYCLE.BIN\S-1-5-21-1116276999-3700152778-1265500334-1023\$R4QIEBQ\resources\app\extensions\gulp
README.md,0.00,C:\$RECYCLE.BIN\S-1-5-21-1116276999-3700152778-1265500334-1023\$R4QIEBQ\resources\app\extensions\html-language-features
README.md,0.00,C:\$RECYCLE.BIN\S-1-5-21-1116276999-3700152778-1265500334-1023\$R4QIEBQ\resources\app\extensions\ipynb
README.md,0.00,C:\$RECYCLE.BIN\S-1-5-21-1116276999-3700152778-1265500334-1023\$R4QIEBQ\resources\app\extensions\jake
README.md,0.00,C:\$RECYCLE.BIN\S-1-5-21-1116276999-3700152778-1265500334-1023\$R4QIEBQ\resources\app\extensions\json-language-features
README.md,0.00,C:\$RECYCLE.BIN\S-1-5-21-1116276999-3700152778-1265500334-1023\$R4QIEBQ\resources\app\extensions\markdown-language-features
README.md,0.00,C:\$RECYCLE.BIN\S-1-5-21-1116276999-3700152778-1265500334-1023\$R4QIEBQ\resources\app\extensions\markdown-math
README.md,0.00,C:\$RECYCLE.BIN\S-1-5-21-1116276999-3700152778-1265500334-1023\$R4QIEBQ\resources\app\extensions\media-preview
README.md,0.00,C:\$RECYCLE.BIN\S-1-5-21-1116276999-3700152778-1265500334-1023\$R4QIEBQ\resources\app\extensions\merge-conflict
README.md,0.00,C:\$RECYCLE.BIN\S-1-5-21-1116276999-3700152778-1265500334-1023\$R4QIEBQ\resources\app\extensions\mermaid-markdown-features
README.md,0.00,C:\$RECYCLE.BIN\S-1-5-21-1116276999-3700152778-1265500334-1023\$R4QIEBQ\resources\app\extensions\microsoft-authentication
readme.md,0.01,C:\$RECYCLE.BIN\S-1-5-21-1116276999-3700152778-1265500334-1023\$R4QIEBQ\resources\app\extensions\ms-vscode.js-debug
README.md,0.00,C:\$RECYCLE.BIN\S-1-5-21-1116276999-3700152778-1265500334-1023\$R4QIEBQ\resources\app\extensions\ms-vscode.js-debug-companion
SECURITY.md,0.00,C:\$RECYCLE.BIN\S-1-5-21-1116276999-3700152778-1265500334-1023\$R4QIEBQ\resources\app\extensions\ms-vscode.js-debug-companion
readme.md,0.00,C:\$RECYCLE.BIN\S-1-5-21-1116276999-3700152778-1265500334-1023\$R4QIEBQ\resources\app\extensions\ms-vscode.vscode-js-profile-table
README.md,0.00,C:\$RECYCLE.BIN\S-1-5-21-1116276999-3700152778-1265500334-1023\$R4QIEBQ\resources\app\extensions\notebook-renderers
README.md,0.00,C:\$RECYCLE.BIN\S-1-5-21-1116276999-3700152778-1265500334-1023\$R4QIEBQ\resources\app\extensions\npm
README.md,0.00,C:\$RECYCLE.BIN\S-1-5-21-1116276999-3700152778-1265500334-1023\$R4QIEBQ\resources\app\extensions\php-language-features
README.md,0.00,C:\$RECYCLE.BIN\S-1-5-21-1116276999-3700152778-1265500334-1023\$R4QIEBQ\resources\app\extensions\references-view
README.md,0.00,C:\$RECYCLE.BIN\S-1-5-21-1116276999-3700152778-1265500334-1023\$R4QIEBQ\resources\app\extensions\search-result
README.md,0.00,C:\$RECYCLE.BIN\S-1-5-21-1116276999-3700152778-1265500334-1023\$R4QIEBQ\resources\app\extensions\simple-browser
README.md,0.00,C:\$RECYCLE.BIN\S-1-5-21-1116276999-3700152778-1265500334-1023\$R4QIEBQ\resources\app\extensions\terminal-suggest
README.md,0.00,C:\$RECYCLE.BIN\S-1-5-21-1116276999-3700152778-1265500334-1023\$R4QIEBQ\resources\app\extensions\theme-modern-icons
README.md,0.00,C:\$RECYCLE.BIN\S-1-5-21-1116276999-3700152778-1265500334-1023\$R4QIEBQ\resources\app\extensions\theme-seti
README.md,0.00,C:\$RECYCLE.BIN\S-1-5-21-1116276999-3700152778-1265500334-1023\$R4QIEBQ\resources\app\extensions\typescript-language-features
readme.md,0.00,C:\$RECYCLE.BIN\S-1-5-21-1116276999-3700152778-1265500334-1023\$R4QIEBQ\resources\app\extensions\TypeScriptTeam.jsts-chat-features
SKILL.md,0.00,C:\$RECYCLE.BIN\S-1-5-21-1116276999-3700152778-1265500334-1023\$R4QIEBQ\resources\app\extensions\TypeScriptTeam.jsts-chat-features\skills\typescript-setup
4to5.md,0.00,C:\$RECYCLE.BIN\S-1-5-21-1116276999-3700152778-1265500334-1023\$R4QIEBQ\resources\app\extensions\TypeScriptTeam.jsts-chat-features\skills\typescript-update
5to6.md,0.01,C:\$RECYCLE.BIN\S-1-5-21-1116276999-3700152778-1265500334-1023\$R4QIEBQ\resources\app\extensions\TypeScriptTeam.jsts-chat-features\skills\typescript-update
6to7.md,0.00,C:\$RECYCLE.BIN\S-1-5-21-1116276999-3700152778-1265500334-1023\$R4QIEBQ\resources\app\extensions\TypeScriptTeam.jsts-chat-features\skills\typescript-update
SKILL.md,0.00,C:\$RECYCLE.BIN\S-1-5-21-1116276999-3700152778-1265500334-1023\$R4QIEBQ\resources\app\extensions\TypeScriptTeam.jsts-chat-features\skills\typescript-update
Readme.md,0.04,C:\$RECYCLE.BIN\S-1-5-21-1116276999-3700152778-1265500334-1023\$R4QIEBQ\resources\app\node_modules\@vscode\sandbox-runtime\node_modules\commander
README.md,0.00,C:\$RECYCLE.BIN\S-1-5-21-1116276999-3700152778-1265500334-1023\$RKGGFLJ
README.md,0.00,C:\Program Files\Adobe\Adobe Creative Cloud Experience\js\node_modules\@babel\runtime
README.md,0.00,C:\Program Files\Adobe\Adobe Creative Cloud Experience\js\node_modules\@ccx\parallel-fetch
LICENSE.md,0.00,C:\Program Files\Adobe\Adobe Creative Cloud Experience\js\node_modules\@gar\promisify
README.md,0.00,C:\Program Files\Adobe\Adobe Creative Cloud Experience\js\node_modules\@gar\promisify
LICENSE.md,0.00,C:\Program Files\Adobe\Adobe Creative Cloud Experience\js\node_modules\@npmcli\move-file
README.md,0.00,C:\Program Files\Adobe\Adobe Creative Cloud Experience\js\node_modules\@npmcli\move-file
README.md,0.01,C:\Program Files\Adobe\Adobe Creative Cloud Experience\js\node_modules\@npmcli\move-file\node_modules\glob
CHANGELOG.md,0.00,C:\Program Files\Adobe\Adobe Creative Cloud Experience\js\node_modules\@npmcli\move-file\node_modules\mkdirp
CHANGELOG.md,0.00,C:\Program Files\Adobe\Adobe Creative Cloud Experience\js\node_modules\@npmcli\move-file\node_modules\rimraf
README.md,0.00,C:\Program Files\Adobe\Adobe Creative Cloud Experience\js\node_modules\@npmcli\move-file\node_modules\rimraf
README.md,0.00,C:\Program Files\Adobe\Adobe Creative Cloud Experience\js\node_modules\@tootallnate\once
CHANGELOG.md,0.02,C:\Program Files\Adobe\Adobe Creative Cloud Experience\js\node_modules\@xmldom\xmldom
readme.md,0.01,C:\Program Files\Adobe\Adobe Creative Cloud Experience\js\node_modules\@xmldom\xmldom
SECURITY.md,0.00,C:\Program Files\Adobe\Adobe Creative Cloud Experience\js\node_modules\@xmldom\xmldom
README.md,0.00,C:\Program Files\Adobe\Adobe Creative Cloud Experience\js\node_modules\abort-controller
History.md,0.01,C:\Program Files\Adobe\Adobe Creative Cloud Experience\js\node_modules\agentkeepalive
README.md,0.01,C:\Program Files\Adobe\Adobe Creative Cloud Experience\js\node_modules\agentkeepalive
readme.md,0.00,C:\Program Files\Adobe\Adobe Creative Cloud Experience\js\node_modules\aggregate-error
CHANGELOG.md,0.00,C:\Program Files\Adobe\Adobe Creative Cloud Experience\js\node_modules\aproba
README.md,0.00,C:\Program Files\Adobe\Adobe Creative Cloud Experience\js\node_modules\aproba
LICENSE.md,0.00,C:\Program Files\Adobe\Adobe Creative Cloud Experience\js\node_modules\are-we-there-yet
README.md,0.01,C:\Program Files\Adobe\Adobe Creative Cloud Experience\js\node_modules\are-we-there-yet
CONTRIBUTING.md,0.00,C:\Program Files\Adobe\Adobe Creative Cloud Experience\js\node_modules\are-we-there-yet\node_modules\readable-stream
GOVERNANCE.md,0.01,C:\Program Files\Adobe\Adobe Creative Cloud Experience\js\node_modules\are-we-there-yet\node_modules\readable-stream
README.md,0.00,C:\Program Files\Adobe\Adobe Creative Cloud Experience\js\node_modules\are-we-there-yet\node_modules\readable-stream
README.md,0.00,C:\Program Files\Adobe\Adobe Creative Cloud Experience\js\node_modules\are-we-there-yet\node_modules\string_decoder
LICENSE.md,0.00,C:\Program Files\Adobe\Adobe Creative Cloud Experience\js\node_modules\balanced-match
README.md,0.00,C:\Program Files\Adobe\Adobe Creative Cloud Experience\js\node_modules\balanced-match
README.md,0.00,C:\Program Files\Adobe\Adobe Creative Cloud Experience\js\node_modules\base64-js
README.md,0.02,C:\Program Files\Adobe\Adobe Creative Cloud Experience\js\node_modules\big-integer
LICENSE.md,0.00,C:\Program Files\Adobe\Adobe Creative Cloud Experience\js\node_modules\bl
README.md,0.01,C:\Program Files\Adobe\Adobe Creative Cloud Experience\js\node_modules\bl
README.md,0.00,C:\Program Files\Adobe\Adobe Creative Cloud Experience\js\node_modules\bplist-creator
README.md,0.00,C:\Program Files\Adobe\Adobe Creative Cloud Experience\js\node_modules\bplist-parser
README.md,0.00,C:\Program Files\Adobe\Adobe Creative Cloud Experience\js\node_modules\brace-expansion
AUTHORS.md,0.00,C:\Program Files\Adobe\Adobe Creative Cloud Experience\js\node_modules\buffer
README.md,0.02,C:\Program Files\Adobe\Adobe Creative Cloud Experience\js\node_modules\buffer
readme.md,0.00,C:\Program Files\Adobe\Adobe Creative Cloud Experience\js\node_modules\buffer-alloc
readme.md,0.00,C:\Program Files\Adobe\Adobe Creative Cloud Experience\js\node_modules\buffer-alloc-unsafe
README.md,0.00,C:\Program Files\Adobe\Adobe Creative Cloud Experience\js\node_modules\buffer-crc32
readme.md,0.00,C:\Program Files\Adobe\Adobe Creative Cloud Experience\js\node_modules\buffer-fill
README.md,0.00,C:\Program Files\Adobe\Adobe Creative Cloud Experience\js\node_modules\chownr
readme.md,0.00,C:\Program Files\Adobe\Adobe Creative Cloud Experience\js\node_modules\clean-stack
README.md,0.00,C:\Program Files\Adobe\Adobe Creative Cloud Experience\js\node_modules\color-support
CHANGELOG.md,0.01,C:\Program Files\Adobe\Adobe Creative Cloud Experience\js\node_modules\commander
Readme.md,0.01,C:\Program Files\Adobe\Adobe Creative Cloud Experience\js\node_modules\commander
README.md,0.00,C:\Program Files\Adobe\Adobe Creative Cloud Experience\js\node_modules\console-control-strings
README.md,0.00,C:\Program Files\Adobe\Adobe Creative Cloud Experience\js\node_modules\core-util-is
README.md,0.00,C:\Program Files\Adobe\Adobe Creative Cloud Experience\js\node_modules\data-uri-to-buffer
README.md,0.02,C:\Program Files\Adobe\Adobe Creative Cloud Experience\js\node_modules\debug
readme.md,0.00,C:\Program Files\Adobe\Adobe Creative Cloud Experience\js\node_modules\decompress
readme.md,0.00,C:\Program Files\Adobe\Adobe Creative Cloud Experience\js\node_modules\decompress-tar
readme.md,0.00,C:\Program Files\Adobe\Adobe Creative Cloud Experience\js\node_modules\decompress-tarbz2
readme.md,0.01,C:\Program Files\Adobe\Adobe Creative Cloud Experience\js\node_modules\decompress-tarbz2\node_modules\file-type
readme.md,0.00,C:\Program Files\Adobe\Adobe Creative Cloud Experience\js\node_modules\decompress-targz
readme.md,0.00,C:\Program Files\Adobe\Adobe Creative Cloud Experience\js\node_modules\decompress-unzip
readme.md,0.00,C:\Program Files\Adobe\Adobe Creative Cloud Experience\js\node_modules\decompress-unzip\node_modules\file-type
readme.md,0.00,C:\Program Files\Adobe\Adobe Creative Cloud Experience\js\node_modules\decompress-unzip\node_modules\get-stream
History.md,0.00,C:\Program Files\Adobe\Adobe Creative Cloud Experience\js\node_modules\delegates
Readme.md,0.00,C:\Program Files\Adobe\Adobe Creative Cloud Experience\js\node_modules\delegates
README.md,0.00,C:\Program Files\Adobe\Adobe Creative Cloud Experience\js\node_modules\emoji-regex
README.md,0.00,C:\Program Files\Adobe\Adobe Creative Cloud Experience\js\node_modules\encoding
README.md,0.00,C:\Program Files\Adobe\Adobe Creative Cloud Experience\js\node_modules\end-of-stream
readme.md,0.00,C:\Program Files\Adobe\Adobe Creative Cloud Experience\js\node_modules\env-paths
README.md,0.00,C:\Program Files\Adobe\Adobe Creative Cloud Experience\js\node_modules\err-code
README.md,0.01,C:\Program Files\Adobe\Adobe Creative Cloud Experience\js\node_modules\event-target-shim
README.md,0.00,C:\Program Files\Adobe\Adobe Creative Cloud Experience\js\node_modules\exponential-backoff
CHANGELOG.md,0.00,C:\Program Files\Adobe\Adobe Creative Cloud Experience\js\node_modules\fd-slicer
README.md,0.01,C:\Program Files\Adobe\Adobe Creative Cloud Experience\js\node_modules\fd-slicer
CHANGELOG.md,0.00,C:\Program Files\Adobe\Adobe Creative Cloud Experience\js\node_modules\fetch-blob
README.md,0.00,C:\Program Files\Adobe\Adobe Creative Cloud Experience\js\node_modules\fetch-blob
readme.md,0.01,C:\Program Files\Adobe\Adobe Creative Cloud Experience\js\node_modules\file-type
README.md,0.00,C:\Program Files\Adobe\Adobe Creative Cloud Experience\js\node_modules\fs-constants
README.md,0.01,C:\Program Files\Adobe\Adobe Creative Cloud Experience\js\node_modules\fs-extra
README.md,0.00,C:\Program Files\Adobe\Adobe Creative Cloud Experience\js\node_modules\fs-minipass
README.md,0.00,C:\Program Files\Adobe\Adobe Creative Cloud Experience\js\node_modules\fs.realpath
LICENSE.md,0.00,C:\Program Files\Adobe\Adobe Creative Cloud Experience\js\node_modules\gauge
README.md,0.01,C:\Program Files\Adobe\Adobe Creative Cloud Experience\js\node_modules\gauge
readme.md,0.00,C:\Program Files\Adobe\Adobe Creative Cloud Experience\js\node_modules\gauge\node_modules\ansi-regex
readme.md,0.00,C:\Program Files\Adobe\Adobe Creative Cloud Experience\js\node_modules\gauge\node_modules\strip-ansi
README.md,0.00,C:\Program Files\Adobe\Adobe Creative Cloud Experience\js\node_modules\graceful-fs
README.md,0.00,C:\Program Files\Adobe\Adobe Creative Cloud Experience\js\node_modules\has-unicode
README.md,0.01,C:\Program Files\Adobe\Adobe Creative Cloud Experience\js\node_modules\http-cache-semantics
README.md,0.00,C:\Program Files\Adobe\Adobe Creative Cloud Experience\js\node_modules\http-proxy-agent
README.md,0.00,C:\Program Files\Adobe\Adobe Creative Cloud Experience\js\node_modules\http-proxy-agent\node_modules\agent-base
README.md,0.00,C:\Program Files\Adobe\Adobe Creative Cloud Experience\js\node_modules\https-proxy-agent
README.md,0.00,C:\Program Files\Adobe\Adobe Creative Cloud Experience\js\node_modules\https-proxy-agent\node_modules\agent-base
History.md,0.00,C:\Program Files\Adobe\Adobe Creative Cloud Experience\js\node_modules\humanize-ms
README.md,0.00,C:\Program Files\Adobe\Adobe Creative Cloud Experience\js\node_modules\humanize-ms
Changelog.md,0.01,C:\Program Files\Adobe\Adobe Creative Cloud Experience\js\node_modules\iconv-lite
README.md,0.01,C:\Program Files\Adobe\Adobe Creative Cloud Experience\js\node_modules\iconv-lite
README.md,0.00,C:\Program Files\Adobe\Adobe Creative Cloud Experience\js\node_modules\ieee754
README.md,0.00,C:\Program Files\Adobe\Adobe Creative Cloud Experience\js\node_modules\imurmurhash
readme.md,0.00,C:\Program Files\Adobe\Adobe Creative Cloud Experience\js\node_modules\indent-string
README.md,0.00,C:\Program Files\Adobe\Adobe Creative Cloud Experience\js\node_modules\infer-owner
README.md,0.00,C:\Program Files\Adobe\Adobe Creative Cloud Experience\js\node_modules\inflight
LICENSE.md,0.00,C:\Program Files\Adobe\Adobe Creative Cloud Experience\js\node_modules\ingest
README.md,0.00,C:\Program Files\Adobe\Adobe Creative Cloud Experience\js\node_modules\inherits
README.md,0.00,C:\Program Files\Adobe\Adobe Creative Cloud Experience\js\node_modules\ip-address
CHANGELOG.md,0.00,C:\Program Files\Adobe\Adobe Creative Cloud Experience\js\node_modules\ip-address\node_modules\jsbn
README.md,0.00,C:\Program Files\Adobe\Adobe Creative Cloud Experience\js\node_modules\ip-address\node_modules\jsbn
CONTRIBUTORS.md,0.00,C:\Program Files\Adobe\Adobe Creative Cloud Experience\js\node_modules\ip-address\node_modules\sprintf-js
README.md,0.01,C:\Program Files\Adobe\Adobe Creative Cloud Experience\js\node_modules\ip-address\node_modules\sprintf-js
readme.md,0.00,C:\Program Files\Adobe\Adobe Creative Cloud Experience\js\node_modules\is-fullwidth-code-point
README.md,0.00,C:\Program Files\Adobe\Adobe Creative Cloud Experience\js\node_modules\is-lambda
README.md,0.00,C:\Program Files\Adobe\Adobe Creative Cloud Experience\js\node_modules\is-natural-number
readme.md,0.00,C:\Program Files\Adobe\Adobe Creative Cloud Experience\js\node_modules\is-stream
readme.md,0.00,C:\Program Files\Adobe\Adobe Creative Cloud Experience\js\node_modules\is-wsl
README.md,0.00,C:\Program Files\Adobe\Adobe Creative Cloud Experience\js\node_modules\isarray
README.md,0.00,C:\Program Files\Adobe\Adobe Creative Cloud Experience\js\node_modules\isexe
CHANGELOG.md,0.01,C:\Program Files\Adobe\Adobe Creative Cloud Experience\js\node_modules\jsonfile
README.md,0.01,C:\Program Files\Adobe\Adobe Creative Cloud Experience\js\node_modules\jsonfile
README.md,0.01,C:\Program Files\Adobe\Adobe Creative Cloud Experience\js\node_modules\jsonschema
README.md,0.01,C:\Program Files\Adobe\Adobe Creative Cloud Experience\js\node_modules\lru-cache
readme.md,0.00,C:\Program Files\Adobe\Adobe Creative Cloud Experience\js\node_modules\make-dir
readme.md,0.00,C:\Program Files\Adobe\Adobe Creative Cloud Experience\js\node_modules\make-dir\node_modules\pify
CHANGELOG.md,0.01,C:\Program Files\Adobe\Adobe Creative Cloud Experience\js\node_modules\mime
README.md,0.00,C:\Program Files\Adobe\Adobe Creative Cloud Experience\js\node_modules\mime
README.md,0.01,C:\Program Files\Adobe\Adobe Creative Cloud Experience\js\node_modules\minimatch
README.md,0.00,C:\Program Files\Adobe\Adobe Creative Cloud Experience\js\node_modules\minimatch\node_modules\brace-expansion
README.md,0.02,C:\Program Files\Adobe\Adobe Creative Cloud Experience\js\node_modules\minipass
README.md,0.00,C:\Program Files\Adobe\Adobe Creative Cloud Experience\js\node_modules\minipass-collect
README.md,0.00,C:\Program Files\Adobe\Adobe Creative Cloud Experience\js\node_modules\minipass-flush
README.md,0.00,C:\Program Files\Adobe\Adobe Creative Cloud Experience\js\node_modules\minipass-pipeline
README.md,0.00,C:\Program Files\Adobe\Adobe Creative Cloud Experience\js\node_modules\minipass-sized
README.md,0.00,C:\Program Files\Adobe\Adobe Creative Cloud Experience\js\node_modules\minizlib
license.md,0.00,C:\Program Files\Adobe\Adobe Creative Cloud Experience\js\node_modules\ms
readme.md,0.00,C:\Program Files\Adobe\Adobe Creative Cloud Experience\js\node_modules\ms
CHANGELOG.md,0.02,C:\Program Files\Adobe\Adobe Creative Cloud Experience\js\node_modules\nan
LICENSE.md,0.00,C:\Program Files\Adobe\Adobe Creative Cloud Experience\js\node_modules\nan
README.md,0.03,C:\Program Files\Adobe\Adobe Creative Cloud Experience\js\node_modules\nan
asyncworker.md,0.01,C:\Program Files\Adobe\Adobe Creative Cloud Experience\js\node_modules\nan\doc
buffers.md,0.00,C:\Program Files\Adobe\Adobe Creative Cloud Experience\js\node_modules\nan\doc
callback.md,0.00,C:\Program Files\Adobe\Adobe Creative Cloud Experience\js\node_modules\nan\doc
converters.md,0.00,C:\Program Files\Adobe\Adobe Creative Cloud Experience\js\node_modules\nan\doc
errors.md,0.01,C:\Program Files\Adobe\Adobe Creative Cloud Experience\js\node_modules\nan\doc
json.md,0.00,C:\Program Files\Adobe\Adobe Creative Cloud Experience\js\node_modules\nan\doc
maybe_types.md,0.02,C:\Program Files\Adobe\Adobe Creative Cloud Experience\js\node_modules\nan\doc
methods.md,0.03,C:\Program Files\Adobe\Adobe Creative Cloud Experience\js\node_modules\nan\doc
new.md,0.00,C:\Program Files\Adobe\Adobe Creative Cloud Experience\js\node_modules\nan\doc
node_misc.md,0.01,C:\Program Files\Adobe\Adobe Creative Cloud Experience\js\node_modules\nan\doc
object_wrappers.md,0.01,C:\Program Files\Adobe\Adobe Creative Cloud Experience\js\node_modules\nan\doc
persistent.md,0.01,C:\Program Files\Adobe\Adobe Creative Cloud Experience\js\node_modules\nan\doc
scopes.md,0.00,C:\Program Files\Adobe\Adobe Creative Cloud Experience\js\node_modules\nan\doc
script.md,0.00,C:\Program Files\Adobe\Adobe Creative Cloud Experience\js\node_modules\nan\doc
string_bytes.md,0.00,C:\Program Files\Adobe\Adobe Creative Cloud Experience\js\node_modules\nan\doc
v8_internals.md,0.01,C:\Program Files\Adobe\Adobe Creative Cloud Experience\js\node_modules\nan\doc
v8_misc.md,0.00,C:\Program Files\Adobe\Adobe Creative Cloud Experience\js\node_modules\nan\doc
README.md,0.00,C:\Program Files\Adobe\Adobe Creative Cloud Experience\js\node_modules\nan\tools
HISTORY.md,0.00,C:\Program Files\Adobe\Adobe Creative Cloud Experience\js\node_modules\negotiator
README.md,0.01,C:\Program Files\Adobe\Adobe Creative Cloud Experience\js\node_modules\negotiator
LICENSE.md,0.00,C:\Program Files\Adobe\Adobe Creative Cloud Experience\js\node_modules\node-addon-api
README.md,0.01,C:\Program Files\Adobe\Adobe Creative Cloud Experience\js\node_modules\node-addon-api
README.md,0.00,C:\Program Files\Adobe\Adobe Creative Cloud Experience\js\node_modules\node-addon-api\tools
LICENSE.md,0.00,C:\Program Files\Adobe\Adobe Creative Cloud Experience\js\node_modules\node-fetch
README.md,0.02,C:\Program Files\Adobe\Adobe Creative Cloud Experience\js\node_modules\node-fetch
LICENSE.md,0.00,C:\Program Files\Adobe\Adobe Creative Cloud Experience\js\node_modules\npmlog
README.md,0.01,C:\Program Files\Adobe\Adobe Creative Cloud Experience\js\node_modules\npmlog
README.md,0.00,C:\Program Files\Adobe\Adobe Creative Cloud Experience\js\node_modules\ntlm
readme.md,0.00,C:\Program Files\Adobe\Adobe Creative Cloud Experience\js\node_modules\object-assign
README.md,0.00,C:\Program Files\Adobe\Adobe Creative Cloud Experience\js\node_modules\once
readme.md,0.00,C:\Program Files\Adobe\Adobe Creative Cloud Experience\js\node_modules\opn
readme.md,0.00,C:\Program Files\Adobe\Adobe Creative Cloud Experience\js\node_modules\p-map
readme.md,0.00,C:\Program Files\Adobe\Adobe Creative Cloud Experience\js\node_modules\path-is-absolute
README.md,0.00,C:\Program Files\Adobe\Adobe Creative Cloud Experience\js\node_modules\pend
readme.md,0.00,C:\Program Files\Adobe\Adobe Creative Cloud Experience\js\node_modules\pify
readme.md,0.00,C:\Program Files\Adobe\Adobe Creative Cloud Experience\js\node_modules\pinkie
readme.md,0.00,C:\Program Files\Adobe\Adobe Creative Cloud Experience\js\node_modules\pinkie-promise
History.md,0.01,C:\Program Files\Adobe\Adobe Creative Cloud Experience\js\node_modules\plist
README.md,0.00,C:\Program Files\Adobe\Adobe Creative Cloud Experience\js\node_modules\plist
CHANGELOG.md,0.03,C:\Program Files\Adobe\Adobe Creative Cloud Experience\js\node_modules\plist\node_modules\xmlbuilder
README.md,0.00,C:\Program Files\Adobe\Adobe Creative Cloud Experience\js\node_modules\plist\node_modules\xmlbuilder
license.md,0.00,C:\Program Files\Adobe\Adobe Creative Cloud Experience\js\node_modules\process-nextick-args
readme.md,0.00,C:\Program Files\Adobe\Adobe Creative Cloud Experience\js\node_modules\process-nextick-args
README.md,0.00,C:\Program Files\Adobe\Adobe Creative Cloud Experience\js\node_modules\promise-inflight
README.md,0.00,C:\Program Files\Adobe\Adobe Creative Cloud Experience\js\node_modules\promise-retry
CONTRIBUTING.md,0.00,C:\Program Files\Adobe\Adobe Creative Cloud Experience\js\node_modules\readable-stream
GOVERNANCE.md,0.01,C:\Program Files\Adobe\Adobe Creative Cloud Experience\js\node_modules\readable-stream
README.md,0.00,C:\Program Files\Adobe\Adobe Creative Cloud Experience\js\node_modules\readable-stream
2015-01-30.md,0.00,C:\Program Files\Adobe\Adobe Creative Cloud Experience\js\node_modules\readable-stream\doc\wg-meetings
README.md,0.02,C:\Program Files\Adobe\Adobe Creative Cloud Experience\js\node_modules\readable-stream\node_modules\safe-buffer
README.md,0.00,C:\Program Files\Adobe\Adobe Creative Cloud Experience\js\node_modules\regenerator-runtime
README.md,0.01,C:\Program Files\Adobe\Adobe Creative Cloud Experience\js\node_modules\retry
README.md,0.02,C:\Program Files\Adobe\Adobe Creative Cloud Experience\js\node_modules\safe-buffer
Porting-Buffer.md,0.01,C:\Program Files\Adobe\Adobe Creative Cloud Experience\js\node_modules\safer-buffer
Readme.md,0.01,C:\Program Files\Adobe\Adobe Creative Cloud Experience\js\node_modules\safer-buffer
README.md,0.01,C:\Program Files\Adobe\Adobe Creative Cloud Experience\js\node_modules\sax
README.md,0.01,C:\Program Files\Adobe\Adobe Creative Cloud Experience\js\node_modules\seek-bzip
README.md,0.01,C:\Program Files\Adobe\Adobe Creative Cloud Experience\js\node_modules\semver
CHANGELOG.md,0.00,C:\Program Files\Adobe\Adobe Creative Cloud Experience\js\node_modules\set-blocking
README.md,0.00,C:\Program Files\Adobe\Adobe Creative Cloud Experience\js\node_modules\set-blocking
README.md,0.00,C:\Program Files\Adobe\Adobe Creative Cloud Experience\js\node_modules\signal-exit
README.md,0.00,C:\Program Files\Adobe\Adobe Creative Cloud Experience\js\node_modules\simple-plist
README.md,0.02,C:\Program Files\Adobe\Adobe Creative Cloud Experience\js\node_modules\smart-buffer
CHANGELOG.md,0.00,C:\Program Files\Adobe\Adobe Creative Cloud Experience\js\node_modules\smart-buffer\docs
README_v3.md,0.01,C:\Program Files\Adobe\Adobe Creative Cloud Experience\js\node_modules\smart-buffer\docs
ROADMAP.md,0.00,C:\Program Files\Adobe\Adobe Creative Cloud Experience\js\node_modules\smart-buffer\docs
README.md,0.02,C:\Program Files\Adobe\Adobe Creative Cloud Experience\js\node_modules\socks
index.md,0.00,C:\Program Files\Adobe\Adobe Creative Cloud Experience\js\node_modules\socks\docs
migratingFromV1.md,0.00,C:\Program Files\Adobe\Adobe Creative Cloud Experience\js\node_modules\socks\docs
index.md,0.00,C:\Program Files\Adobe\Adobe Creative Cloud Experience\js\node_modules\socks\docs\examples
associateExample.md,0.00,C:\Program Files\Adobe\Adobe Creative Cloud Experience\js\node_modules\socks\docs\examples\javascript
bindExample.md,0.00,C:\Program Files\Adobe\Adobe Creative Cloud Experience\js\node_modules\socks\docs\examples\javascript
connectExample.md,0.01,C:\Program Files\Adobe\Adobe Creative Cloud Experience\js\node_modules\socks\docs\examples\javascript
associateExample.md,0.00,C:\Program Files\Adobe\Adobe Creative Cloud Experience\js\node_modules\socks\docs\examples\typescript
bindExample.md,0.00,C:\Program Files\Adobe\Adobe Creative Cloud Experience\js\node_modules\socks\docs\examples\typescript
connectExample.md,0.01,C:\Program Files\Adobe\Adobe Creative Cloud Experience\js\node_modules\socks\docs\examples\typescript
README.md,0.00,C:\Program Files\Adobe\Adobe Creative Cloud Experience\js\node_modules\socks-proxy-agent
README.md,0.00,C:\Program Files\Adobe\Adobe Creative Cloud Experience\js\node_modules\socks-proxy-agent\node_modules\agent-base
README.md,0.01,C:\Program Files\Adobe\Adobe Creative Cloud Experience\js\node_modules\stream-buffers
readme.md,0.00,C:\Program Files\Adobe\Adobe Creative Cloud Experience\js\node_modules\string-width
readme.md,0.00,C:\Program Files\Adobe\Adobe Creative Cloud Experience\js\node_modules\string-width\node_modules\ansi-regex
readme.md,0.00,C:\Program Files\Adobe\Adobe Creative Cloud Experience\js\node_modules\string-width\node_modules\strip-ansi
README.md,0.00,C:\Program Files\Adobe\Adobe Creative Cloud Experience\js\node_modules\string_decoder
README.md,0.02,C:\Program Files\Adobe\Adobe Creative Cloud Experience\js\node_modules\string_decoder\node_modules\safe-buffer
README.md,0.00,C:\Program Files\Adobe\Adobe Creative Cloud Experience\js\node_modules\strip-dirs
README.md,0.04,C:\Program Files\Adobe\Adobe Creative Cloud Experience\js\node_modules\tar
README.md,0.02,C:\Program Files\Adobe\Adobe Creative Cloud Experience\js\node_modules\tar\node_modules\minipass
CHANGELOG.md,0.00,C:\Program Files\Adobe\Adobe Creative Cloud Experience\js\node_modules\tar\node_modules\mkdirp
README.md,0.00,C:\Program Files\Adobe\Adobe Creative Cloud Experience\js\node_modules\tar-stream
README.md,0.00,C:\Program Files\Adobe\Adobe Creative Cloud Experience\js\node_modules\to-buffer
README.md,0.00,C:\Program Files\Adobe\Adobe Creative Cloud Experience\js\node_modules\unbzip2-stream
README.md,0.00,C:\Program Files\Adobe\Adobe Creative Cloud Experience\js\node_modules\universalify
History.md,0.00,C:\Program Files\Adobe\Adobe Creative Cloud Experience\js\node_modules\util-deprecate
README.md,0.00,C:\Program Files\Adobe\Adobe Creative Cloud Experience\js\node_modules\util-deprecate
CHANGELOG.md,0.02,C:\Program Files\Adobe\Adobe Creative Cloud Experience\js\node_modules\uuid
CONTRIBUTING.md,0.00,C:\Program Files\Adobe\Adobe Creative Cloud Experience\js\node_modules\uuid
LICENSE.md,0.00,C:\Program Files\Adobe\Adobe Creative Cloud Experience\js\node_modules\uuid
README.md,0.02,C:\Program Files\Adobe\Adobe Creative Cloud Experience\js\node_modules\uuid
README.md,0.00,C:\Program Files\Adobe\Adobe Creative Cloud Experience\js\node_modules\wide-align
README.md,0.01,C:\Program Files\Adobe\Adobe Creative Cloud Experience\js\node_modules\winreg
README.md,0.00,C:\Program Files\Adobe\Adobe Creative Cloud Experience\js\node_modules\wrappy
README.md,0.02,C:\Program Files\Adobe\Adobe Creative Cloud Experience\js\node_modules\xml2js
CHANGELOG.md,0.02,C:\Program Files\Adobe\Adobe Creative Cloud Experience\js\node_modules\xmlbuilder
README.md,0.00,C:\Program Files\Adobe\Adobe Creative Cloud Experience\js\node_modules\xmlbuilder
README.md,0.00,C:\Program Files\Adobe\Adobe Creative Cloud Experience\js\node_modules\xtend
README.md,0.00,C:\Program Files\Adobe\Adobe Creative Cloud Experience\js\node_modules\yallist
README.md,0.03,C:\Program Files\Adobe\Adobe Creative Cloud Experience\js\node_modules\yauzl
README.md,0.01,C:\Program Files\Adobe\Adobe Illustrator 2021\Support Files\Required\CEP\extensions\com.adobe.svgwriter\node_modules\svgWriter
readme.md,0.00,C:\Program Files\Adobe\Adobe InDesign 2022\Resources\CEP\extensions\HTMLPosterGenerator\node_modules\ansi-regex
readme.md,0.00,C:\Program Files\Adobe\Adobe InDesign 2022\Resources\CEP\extensions\HTMLPosterGenerator\node_modules\ansi-styles
README.md,0.00,C:\Program Files\Adobe\Adobe InDesign 2022\Resources\CEP\extensions\HTMLPosterGenerator\node_modules\asn1
CHANGES.md,0.00,C:\Program Files\Adobe\Adobe InDesign 2022\Resources\CEP\extensions\HTMLPosterGenerator\node_modules\assert-plus
README.md,0.00,C:\Program Files\Adobe\Adobe InDesign 2022\Resources\CEP\extensions\HTMLPosterGenerator\node_modules\assert-plus
CHANGELOG.md,0.01,C:\Program Files\Adobe\Adobe InDesign 2022\Resources\CEP\extensions\HTMLPosterGenerator\node_modules\async
README.md,0.00,C:\Program Files\Adobe\Adobe InDesign 2022\Resources\CEP\extensions\HTMLPosterGenerator\node_modules\async
README.md,0.00,C:\Program Files\Adobe\Adobe InDesign 2022\Resources\CEP\extensions\HTMLPosterGenerator\node_modules\aws-sign2
README.md,0.02,C:\Program Files\Adobe\Adobe InDesign 2022\Resources\CEP\extensions\HTMLPosterGenerator\node_modules\aws4
LICENSE.md,0.00,C:\Program Files\Adobe\Adobe InDesign 2022\Resources\CEP\extensions\HTMLPosterGenerator\node_modules\balanced-match
README.md,0.00,C:\Program Files\Adobe\Adobe InDesign 2022\Resources\CEP\extensions\HTMLPosterGenerator\node_modules\balanced-match
README.md,0.00,C:\Program Files\Adobe\Adobe InDesign 2022\Resources\CEP\extensions\HTMLPosterGenerator\node_modules\bcrypt-pbkdf
LICENSE.md,0.00,C:\Program Files\Adobe\Adobe InDesign 2022\Resources\CEP\extensions\HTMLPosterGenerator\node_modules\bl
README.md,0.01,C:\Program Files\Adobe\Adobe InDesign 2022\Resources\CEP\extensions\HTMLPosterGenerator\node_modules\bl
CONTRIBUTING.md,0.00,C:\Program Files\Adobe\Adobe InDesign 2022\Resources\CEP\extensions\HTMLPosterGenerator\node_modules\boom
README.md,0.02,C:\Program Files\Adobe\Adobe InDesign 2022\Resources\CEP\extensions\HTMLPosterGenerator\node_modules\boom
README.md,0.00,C:\Program Files\Adobe\Adobe InDesign 2022\Resources\CEP\extensions\HTMLPosterGenerator\node_modules\brace-expansion
README.md,0.00,C:\Program Files\Adobe\Adobe InDesign 2022\Resources\CEP\extensions\HTMLPosterGenerator\node_modules\caseless
readme.md,0.01,C:\Program Files\Adobe\Adobe InDesign 2022\Resources\CEP\extensions\HTMLPosterGenerator\node_modules\chalk
Readme.md,0.00,C:\Program Files\Adobe\Adobe InDesign 2022\Resources\CEP\extensions\HTMLPosterGenerator\node_modules\combined-stream
History.md,0.01,C:\Program Files\Adobe\Adobe InDesign 2022\Resources\CEP\extensions\HTMLPosterGenerator\node_modules\commander
Readme.md,0.01,C:\Program Files\Adobe\Adobe InDesign 2022\Resources\CEP\extensions\HTMLPosterGenerator\node_modules\commander
readme.md,0.00,C:\Program Files\Adobe\Adobe InDesign 2022\Resources\CEP\extensions\HTMLPosterGenerator\node_modules\concat-stream
README.md,0.00,C:\Program Files\Adobe\Adobe InDesign 2022\Resources\CEP\extensions\HTMLPosterGenerator\node_modules\core-util-is
README.md,0.00,C:\Program Files\Adobe\Adobe InDesign 2022\Resources\CEP\extensions\HTMLPosterGenerator\node_modules\cross-spawn
README.md,0.00,C:\Program Files\Adobe\Adobe InDesign 2022\Resources\CEP\extensions\HTMLPosterGenerator\node_modules\cryptiles
README.md,0.02,C:\Program Files\Adobe\Adobe InDesign 2022\Resources\CEP\extensions\HTMLPosterGenerator\node_modules\dashdash
Readme.md,0.00,C:\Program Files\Adobe\Adobe InDesign 2022\Resources\CEP\extensions\HTMLPosterGenerator\node_modules\debug
Readme.md,0.00,C:\Program Files\Adobe\Adobe InDesign 2022\Resources\CEP\extensions\HTMLPosterGenerator\node_modules\delayed-stream
README.md,0.00,C:\Program Files\Adobe\Adobe InDesign 2022\Resources\CEP\extensions\HTMLPosterGenerator\node_modules\ecc-jsbn
CHANGELOG.md,0.00,C:\Program Files\Adobe\Adobe InDesign 2022\Resources\CEP\extensions\HTMLPosterGenerator\node_modules\es6-promise
README.md,0.00,C:\Program Files\Adobe\Adobe InDesign 2022\Resources\CEP\extensions\HTMLPosterGenerator\node_modules\es6-promise
readme.md,0.00,C:\Program Files\Adobe\Adobe InDesign 2022\Resources\CEP\extensions\HTMLPosterGenerator\node_modules\escape-string-regexp
CHANGELOG.md,0.00,C:\Program Files\Adobe\Adobe InDesign 2022\Resources\CEP\extensions\HTMLPosterGenerator\node_modules\extend
README.md,0.00,C:\Program Files\Adobe\Adobe InDesign 2022\Resources\CEP\extensions\HTMLPosterGenerator\node_modules\extend
CONTRIBUTING.md,0.00,C:\Program Files\Adobe\Adobe InDesign 2022\Resources\CEP\extensions\HTMLPosterGenerator\node_modules\extract-zip
readme.md,0.00,C:\Program Files\Adobe\Adobe InDesign 2022\Resources\CEP\extensions\HTMLPosterGenerator\node_modules\extract-zip
README.md,0.00,C:\Program Files\Adobe\Adobe InDesign 2022\Resources\CEP\extensions\HTMLPosterGenerator\node_modules\extsprintf
CHANGELOG.md,0.00,C:\Program Files\Adobe\Adobe InDesign 2022\Resources\CEP\extensions\HTMLPosterGenerator\node_modules\fd-slicer
README.md,0.01,C:\Program Files\Adobe\Adobe InDesign 2022\Resources\CEP\extensions\HTMLPosterGenerator\node_modules\fd-slicer
README.md,0.00,C:\Program Files\Adobe\Adobe InDesign 2022\Resources\CEP\extensions\HTMLPosterGenerator\node_modules\forever-agent
README.md,0.01,C:\Program Files\Adobe\Adobe InDesign 2022\Resources\CEP\extensions\HTMLPosterGenerator\node_modules\form-data
CHANGELOG.md,0.04,C:\Program Files\Adobe\Adobe InDesign 2022\Resources\CEP\extensions\HTMLPosterGenerator\node_modules\fs-extra
README.md,0.02,C:\Program Files\Adobe\Adobe InDesign 2022\Resources\CEP\extensions\HTMLPosterGenerator\node_modules\fs-extra
README.md,0.00,C:\Program Files\Adobe\Adobe InDesign 2022\Resources\CEP\extensions\HTMLPosterGenerator\node_modules\fs.realpath
README.md,0.00,C:\Program Files\Adobe\Adobe InDesign 2022\Resources\CEP\extensions\HTMLPosterGenerator\node_modules\generate-function
README.md,0.00,C:\Program Files\Adobe\Adobe InDesign 2022\Resources\CEP\extensions\HTMLPosterGenerator\node_modules\generate-object-property
README.md,0.00,C:\Program Files\Adobe\Adobe InDesign 2022\Resources\CEP\extensions\HTMLPosterGenerator\node_modules\getpass
changelog.md,0.00,C:\Program Files\Adobe\Adobe InDesign 2022\Resources\CEP\extensions\HTMLPosterGenerator\node_modules\glob
README.md,0.01,C:\Program Files\Adobe\Adobe InDesign 2022\Resources\CEP\extensions\HTMLPosterGenerator\node_modules\glob
README.md,0.00,C:\Program Files\Adobe\Adobe InDesign 2022\Resources\CEP\extensions\HTMLPosterGenerator\node_modules\graceful-fs
README.md,0.00,C:\Program Files\Adobe\Adobe InDesign 2022\Resources\CEP\extensions\HTMLPosterGenerator\node_modules\graceful-readlink
README.md,0.01,C:\Program Files\Adobe\Adobe InDesign 2022\Resources\CEP\extensions\HTMLPosterGenerator\node_modules\har-validator
readme.md,0.00,C:\Program Files\Adobe\Adobe InDesign 2022\Resources\CEP\extensions\HTMLPosterGenerator\node_modules\has-ansi
readme.md,0.00,C:\Program Files\Adobe\Adobe InDesign 2022\Resources\CEP\extensions\HTMLPosterGenerator\node_modules\hasha
README.md,0.03,C:\Program Files\Adobe\Adobe InDesign 2022\Resources\CEP\extensions\HTMLPosterGenerator\node_modules\hawk
CONTRIBUTING.md,0.00,C:\Program Files\Adobe\Adobe InDesign 2022\Resources\CEP\extensions\HTMLPosterGenerator\node_modules\hoek
README.md,0.02,C:\Program Files\Adobe\Adobe InDesign 2022\Resources\CEP\extensions\HTMLPosterGenerator\node_modules\hoek
CHANGES.md,0.00,C:\Program Files\Adobe\Adobe InDesign 2022\Resources\CEP\extensions\HTMLPosterGenerator\node_modules\http-signature
http_signing.md,0.01,C:\Program Files\Adobe\Adobe InDesign 2022\Resources\CEP\extensions\HTMLPosterGenerator\node_modules\http-signature
README.md,0.00,C:\Program Files\Adobe\Adobe InDesign 2022\Resources\CEP\extensions\HTMLPosterGenerator\node_modules\http-signature
README.md,0.00,C:\Program Files\Adobe\Adobe InDesign 2022\Resources\CEP\extensions\HTMLPosterGenerator\node_modules\inflight
README.md,0.00,C:\Program Files\Adobe\Adobe InDesign 2022\Resources\CEP\extensions\HTMLPosterGenerator\node_modules\inherits
README.md,0.00,C:\Program Files\Adobe\Adobe InDesign 2022\Resources\CEP\extensions\HTMLPosterGenerator\node_modules\is-my-json-valid
README.md,0.00,C:\Program Files\Adobe\Adobe InDesign 2022\Resources\CEP\extensions\HTMLPosterGenerator\node_modules\is-property
readme.md,0.00,C:\Program Files\Adobe\Adobe InDesign 2022\Resources\CEP\extensions\HTMLPosterGenerator\node_modules\is-stream
LICENSE.md,0.00,C:\Program Files\Adobe\Adobe InDesign 2022\Resources\CEP\extensions\HTMLPosterGenerator\node_modules\is-typedarray
README.md,0.00,C:\Program Files\Adobe\Adobe InDesign 2022\Resources\CEP\extensions\HTMLPosterGenerator\node_modules\is-typedarray
README.md,0.00,C:\Program Files\Adobe\Adobe InDesign 2022\Resources\CEP\extensions\HTMLPosterGenerator\node_modules\isarray
README.md,0.00,C:\Program Files\Adobe\Adobe InDesign 2022\Resources\CEP\extensions\HTMLPosterGenerator\node_modules\isexe
LICENSE.md,0.00,C:\Program Files\Adobe\Adobe InDesign 2022\Resources\CEP\extensions\HTMLPosterGenerator\node_modules\isstream
README.md,0.00,C:\Program Files\Adobe\Adobe InDesign 2022\Resources\CEP\extensions\HTMLPosterGenerator\node_modules\isstream
AUTHORS.md,0.00,C:\Program Files\Adobe\Adobe InDesign 2022\Resources\CEP\extensions\HTMLPosterGenerator\node_modules\jodid25519
README.md,0.00,C:\Program Files\Adobe\Adobe InDesign 2022\Resources\CEP\extensions\HTMLPosterGenerator\node_modules\jodid25519
README.md,0.00,C:\Program Files\Adobe\Adobe InDesign 2022\Resources\CEP\extensions\HTMLPosterGenerator\node_modules\jsbn
README.md,0.00,C:\Program Files\Adobe\Adobe InDesign 2022\Resources\CEP\extensions\HTMLPosterGenerator\node_modules\json-schema
CHANGELOG.md,0.00,C:\Program Files\Adobe\Adobe InDesign 2022\Resources\CEP\extensions\HTMLPosterGenerator\node_modules\json-stringify-safe
README.md,0.00,C:\Program Files\Adobe\Adobe InDesign 2022\Resources\CEP\extensions\HTMLPosterGenerator\node_modules\json-stringify-safe
CHANGELOG.md,0.01,C:\Program Files\Adobe\Adobe InDesign 2022\Resources\CEP\extensions\HTMLPosterGenerator\node_modules\jsonfile
README.md,0.00,C:\Program Files\Adobe\Adobe InDesign 2022\Resources\CEP\extensions\HTMLPosterGenerator\node_modules\jsonfile
README.md,0.00,C:\Program Files\Adobe\Adobe InDesign 2022\Resources\CEP\extensions\HTMLPosterGenerator\node_modules\jsonpointer
CHANGES.md,0.00,C:\Program Files\Adobe\Adobe InDesign 2022\Resources\CEP\extensions\HTMLPosterGenerator\node_modules\jsprim
README.md,0.01,C:\Program Files\Adobe\Adobe InDesign 2022\Resources\CEP\extensions\HTMLPosterGenerator\node_modules\jsprim
README.md,0.01,C:\Program Files\Adobe\Adobe InDesign 2022\Resources\CEP\extensions\HTMLPosterGenerator\node_modules\kew
CHANGELOG.md,0.00,C:\Program Files\Adobe\Adobe InDesign 2022\Resources\CEP\extensions\HTMLPosterGenerator\node_modules\klaw
README.md,0.01,C:\Program Files\Adobe\Adobe InDesign 2022\Resources\CEP\extensions\HTMLPosterGenerator\node_modules\klaw
README.md,0.00,C:\Program Files\Adobe\Adobe InDesign 2022\Resources\CEP\extensions\HTMLPosterGenerator\node_modules\lodash
README.md,0.00,C:\Program Files\Adobe\Adobe InDesign 2022\Resources\CEP\extensions\HTMLPosterGenerator\node_modules\lru-cache
HISTORY.md,0.01,C:\Program Files\Adobe\Adobe InDesign 2022\Resources\CEP\extensions\HTMLPosterGenerator\node_modules\mime-db
README.md,0.00,C:\Program Files\Adobe\Adobe InDesign 2022\Resources\CEP\extensions\HTMLPosterGenerator\node_modules\mime-db
HISTORY.md,0.00,C:\Program Files\Adobe\Adobe InDesign 2022\Resources\CEP\extensions\HTMLPosterGenerator\node_modules\mime-types
README.md,0.00,C:\Program Files\Adobe\Adobe InDesign 2022\Resources\CEP\extensions\HTMLPosterGenerator\node_modules\mime-types
README.md,0.01,C:\Program Files\Adobe\Adobe InDesign 2022\Resources\CEP\extensions\HTMLPosterGenerator\node_modules\minimatch
README.md,0.00,C:\Program Files\Adobe\Adobe InDesign 2022\Resources\CEP\extensions\HTMLPosterGenerator\node_modules\natives
LICENSE.md,0.00,C:\Program Files\Adobe\Adobe InDesign 2022\Resources\CEP\extensions\HTMLPosterGenerator\node_modules\node-uuid
README.md,0.01,C:\Program Files\Adobe\Adobe InDesign 2022\Resources\CEP\extensions\HTMLPosterGenerator\node_modules\node-uuid
README.md,0.00,C:\Program Files\Adobe\Adobe InDesign 2022\Resources\CEP\extensions\HTMLPosterGenerator\node_modules\node-uuid\benchmark
README.md,0.00,C:\Program Files\Adobe\Adobe InDesign 2022\Resources\CEP\extensions\HTMLPosterGenerator\node_modules\oauth-sign
README.md,0.00,C:\Program Files\Adobe\Adobe InDesign 2022\Resources\CEP\extensions\HTMLPosterGenerator\node_modules\once
readme.md,0.00,C:\Program Files\Adobe\Adobe InDesign 2022\Resources\CEP\extensions\HTMLPosterGenerator\node_modules\os-tmpdir
readme.md,0.00,C:\Program Files\Adobe\Adobe InDesign 2022\Resources\CEP\extensions\HTMLPosterGenerator\node_modules\path-is-absolute
README.md,0.00,C:\Program Files\Adobe\Adobe InDesign 2022\Resources\CEP\extensions\HTMLPosterGenerator\node_modules\pend
README.md,0.01,C:\Program Files\Adobe\Adobe InDesign 2022\Resources\CEP\extensions\HTMLPosterGenerator\node_modules\phantomjs-prebuilt
README.md,0.00,C:\Program Files\Adobe\Adobe InDesign 2022\Resources\CEP\extensions\HTMLPosterGenerator\node_modules\phantomjs-prebuilt\lib\phantom
readme.md,0.00,C:\Program Files\Adobe\Adobe InDesign 2022\Resources\CEP\extensions\HTMLPosterGenerator\node_modules\pinkie
readme.md,0.00,C:\Program Files\Adobe\Adobe InDesign 2022\Resources\CEP\extensions\HTMLPosterGenerator\node_modules\pinkie-promise
license.md,0.00,C:\Program Files\Adobe\Adobe InDesign 2022\Resources\CEP\extensions\HTMLPosterGenerator\node_modules\process-nextick-args
readme.md,0.00,C:\Program Files\Adobe\Adobe InDesign 2022\Resources\CEP\extensions\HTMLPosterGenerator\node_modules\process-nextick-args
History.md,0.00,C:\Program Files\Adobe\Adobe InDesign 2022\Resources\CEP\extensions\HTMLPosterGenerator\node_modules\progress
Readme.md,0.00,C:\Program Files\Adobe\Adobe InDesign 2022\Resources\CEP\extensions\HTMLPosterGenerator\node_modules\progress
CHANGELOG.md,0.01,C:\Program Files\Adobe\Adobe InDesign 2022\Resources\CEP\extensions\HTMLPosterGenerator\node_modules\qs
CONTRIBUTING.md,0.00,C:\Program Files\Adobe\Adobe InDesign 2022\Resources\CEP\extensions\HTMLPosterGenerator\node_modules\qs
README.md,0.01,C:\Program Files\Adobe\Adobe InDesign 2022\Resources\CEP\extensions\HTMLPosterGenerator\node_modules\qs
README.md,0.00,C:\Program Files\Adobe\Adobe InDesign 2022\Resources\CEP\extensions\HTMLPosterGenerator\node_modules\readable-stream
2015-01-30.md,0.00,C:\Program Files\Adobe\Adobe InDesign 2022\Resources\CEP\extensions\HTMLPosterGenerator\node_modules\readable-stream\doc\wg-meetings
CHANGELOG.md,0.06,C:\Program Files\Adobe\Adobe InDesign 2022\Resources\CEP\extensions\HTMLPosterGenerator\node_modules\request
CONTRIBUTING.md,0.00,C:\Program Files\Adobe\Adobe InDesign 2022\Resources\CEP\extensions\HTMLPosterGenerator\node_modules\request
README.md,0.04,C:\Program Files\Adobe\Adobe InDesign 2022\Resources\CEP\extensions\HTMLPosterGenerator\node_modules\request
README.md,0.00,C:\Program Files\Adobe\Adobe InDesign 2022\Resources\CEP\extensions\HTMLPosterGenerator\node_modules\request-progress
README.md,0.00,C:\Program Files\Adobe\Adobe InDesign 2022\Resources\CEP\extensions\HTMLPosterGenerator\node_modules\rimraf
README.md,0.00,C:\Program Files\Adobe\Adobe InDesign 2022\Resources\CEP\extensions\HTMLPosterGenerator\node_modules\sntp
README.md,0.02,C:\Program Files\Adobe\Adobe InDesign 2022\Resources\CEP\extensions\HTMLPosterGenerator\node_modules\sshpk
README.md,0.00,C:\Program Files\Adobe\Adobe InDesign 2022\Resources\CEP\extensions\HTMLPosterGenerator\node_modules\stringstream
README.md,0.00,C:\Program Files\Adobe\Adobe InDesign 2022\Resources\CEP\extensions\HTMLPosterGenerator\node_modules\string_decoder
readme.md,0.00,C:\Program Files\Adobe\Adobe InDesign 2022\Resources\CEP\extensions\HTMLPosterGenerator\node_modules\strip-ansi
readme.md,0.00,C:\Program Files\Adobe\Adobe InDesign 2022\Resources\CEP\extensions\HTMLPosterGenerator\node_modules\supports-color
History.md,0.00,C:\Program Files\Adobe\Adobe InDesign 2022\Resources\CEP\extensions\HTMLPosterGenerator\node_modules\throttleit
Readme.md,0.00,C:\Program Files\Adobe\Adobe InDesign 2022\Resources\CEP\extensions\HTMLPosterGenerator\node_modules\throttleit
README.md,0.01,C:\Program Files\Adobe\Adobe InDesign 2022\Resources\CEP\extensions\HTMLPosterGenerator\node_modules\tmp
README.md,0.03,C:\Program Files\Adobe\Adobe InDesign 2022\Resources\CEP\extensions\HTMLPosterGenerator\node_modules\tough-cookie
README.md,0.00,C:\Program Files\Adobe\Adobe InDesign 2022\Resources\CEP\extensions\HTMLPosterGenerator\node_modules\tunnel-agent
CHANGELOG.md,0.00,C:\Program Files\Adobe\Adobe InDesign 2022\Resources\CEP\extensions\HTMLPosterGenerator\node_modules\tweetnacl
README.md,0.01,C:\Program Files\Adobe\Adobe InDesign 2022\Resources\CEP\extensions\HTMLPosterGenerator\node_modules\tweetnacl
History.md,0.00,C:\Program Files\Adobe\Adobe InDesign 2022\Resources\CEP\extensions\HTMLPosterGenerator\node_modules\util-deprecate
README.md,0.00,C:\Program Files\Adobe\Adobe InDesign 2022\Resources\CEP\extensions\HTMLPosterGenerator\node_modules\util-deprecate
README.md,0.00,C:\Program Files\Adobe\Adobe InDesign 2022\Resources\CEP\extensions\HTMLPosterGenerator\node_modules\verror
README.md,0.01,C:\Program Files\Adobe\Adobe InDesign 2022\Resources\CEP\extensions\HTMLPosterGenerator\node_modules\webshot
CHANGELOG.md,0.00,C:\Program Files\Adobe\Adobe InDesign 2022\Resources\CEP\extensions\HTMLPosterGenerator\node_modules\which
README.md,0.00,C:\Program Files\Adobe\Adobe InDesign 2022\Resources\CEP\extensions\HTMLPosterGenerator\node_modules\which
README.md,0.00,C:\Program Files\Adobe\Adobe InDesign 2022\Resources\CEP\extensions\HTMLPosterGenerator\node_modules\wrappy
README.md,0.00,C:\Program Files\Adobe\Adobe InDesign 2022\Resources\CEP\extensions\HTMLPosterGenerator\node_modules\xtend
README.md,0.02,C:\Program Files\Adobe\Adobe InDesign 2022\Resources\CEP\extensions\HTMLPosterGenerator\node_modules\yauzl
README.md,0.00,C:\Program Files\Adobe\Adobe InDesign 2022\Resources\CEP\extensions\HTMLPublish\node_modules\agent-base
CONTRIBUTING.md,0.00,C:\Program Files\Adobe\Adobe InDesign 2022\Resources\CEP\extensions\HTMLPublish\node_modules\aws-sdk
README.md,0.01,C:\Program Files\Adobe\Adobe InDesign 2022\Resources\CEP\extensions\HTMLPublish\node_modules\aws-sdk
UPGRADING.md,0.01,C:\Program Files\Adobe\Adobe InDesign 2022\Resources\CEP\extensions\HTMLPublish\node_modules\aws-sdk
Readme.md,0.01,C:\Program Files\Adobe\Adobe InDesign 2022\Resources\CEP\extensions\HTMLPublish\node_modules\debug
README.md,0.00,C:\Program Files\Adobe\Adobe InDesign 2022\Resources\CEP\extensions\HTMLPublish\node_modules\extend
README.md,0.00,C:\Program Files\Adobe\Adobe InDesign 2022\Resources\CEP\extensions\HTMLPublish\node_modules\https-proxy-agent
README.md,0.00,C:\Program Files\Adobe\Adobe InDesign 2022\Resources\CEP\extensions\HTMLPublish\node_modules\ms
LICENSE.md,0.00,C:\Program Files\Adobe\Adobe InDesign 2022\Resources\CEP\extensions\HTMLPublish\node_modules\node-uuid
README.md,0.01,C:\Program Files\Adobe\Adobe InDesign 2022\Resources\CEP\extensions\HTMLPublish\node_modules\node-uuid
README.md,0.00,C:\Program Files\Adobe\Adobe InDesign 2022\Resources\CEP\extensions\HTMLPublish\node_modules\node-uuid\benchmark
README.md,0.03,C:\Program Files\Adobe\Adobe InDesign 2022\Resources\CEP\extensions\HTMLPublish\node_modules\q
README.md,0.00,C:\Program Files\Adobe\Adobe InDesign 2022\Resources\CEP\extensions\HTMLPublish\node_modules\qlimit
README.md,0.01,C:\Program Files\Adobe\Adobe InDesign 2022\Resources\CEP\extensions\HTMLPublish\node_modules\sax
README.md,0.01,C:\Program Files\Adobe\Adobe InDesign 2022\Resources\CEP\extensions\HTMLPublish\node_modules\semver
README.md,0.01,C:\Program Files\Adobe\Adobe InDesign 2022\Resources\CEP\extensions\HTMLPublish\node_modules\xml2js
README.md,0.00,C:\Program Files\Adobe\Adobe InDesign 2022\Resources\CEP\extensions\HTMLPublish\node_modules\xmlbuilder
README.md,0.00,C:\Program Files\Adobe\Adobe Photoshop 2021\Required\Generator-builtin
README.md,0.00,C:\Program Files\Adobe\Adobe Photoshop 2021\Required\Generator-builtin\node_modules\options
CONTRIBUTING.md,0.00,C:\Program Files\Adobe\Adobe Photoshop 2021\Required\Generator-builtin\node_modules\q
README.md,0.02,C:\Program Files\Adobe\Adobe Photoshop 2021\Required\Generator-builtin\node_modules\q
README.md,0.01,C:\Program Files\Adobe\Adobe Photoshop 2021\Required\Generator-builtin\node_modules\semver
README.md,0.00,C:\Program Files\Adobe\Adobe Photoshop 2021\Required\Generator-builtin\node_modules\ultron
README.md,0.01,C:\Program Files\Adobe\Adobe Photoshop 2021\Required\Generator-builtin\node_modules\ws
README.md,0.00,C:\Program Files\Adobe\Adobe Photoshop 2021\Required\Plug-ins\Generator\assets.generate
CHANGELOG.md,0.06,C:\Program Files\Adobe\Adobe Photoshop 2021\Required\Plug-ins\Generator\assets.generate\node_modules\fs-extra
README.md,0.01,C:\Program Files\Adobe\Adobe Photoshop 2021\Required\Plug-ins\Generator\assets.generate\node_modules\fs-extra
copy-sync.md,0.00,C:\Program Files\Adobe\Adobe Photoshop 2021\Required\Plug-ins\Generator\assets.generate\node_modules\fs-extra\docs
copy.md,0.00,C:\Program Files\Adobe\Adobe Photoshop 2021\Required\Plug-ins\Generator\assets.generate\node_modules\fs-extra\docs
emptyDir-sync.md,0.00,C:\Program Files\Adobe\Adobe Photoshop 2021\Required\Plug-ins\Generator\assets.generate\node_modules\fs-extra\docs
emptyDir.md,0.00,C:\Program Files\Adobe\Adobe Photoshop 2021\Required\Plug-ins\Generator\assets.generate\node_modules\fs-extra\docs
ensureDir-sync.md,0.00,C:\Program Files\Adobe\Adobe Photoshop 2021\Required\Plug-ins\Generator\assets.generate\node_modules\fs-extra\docs
ensureDir.md,0.00,C:\Program Files\Adobe\Adobe Photoshop 2021\Required\Plug-ins\Generator\assets.generate\node_modules\fs-extra\docs
ensureFile-sync.md,0.00,C:\Program Files\Adobe\Adobe Photoshop 2021\Required\Plug-ins\Generator\assets.generate\node_modules\fs-extra\docs
ensureFile.md,0.00,C:\Program Files\Adobe\Adobe Photoshop 2021\Required\Plug-ins\Generator\assets.generate\node_modules\fs-extra\docs
ensureLink-sync.md,0.00,C:\Program Files\Adobe\Adobe Photoshop 2021\Required\Plug-ins\Generator\assets.generate\node_modules\fs-extra\docs
ensureLink.md,0.00,C:\Program Files\Adobe\Adobe Photoshop 2021\Required\Plug-ins\Generator\assets.generate\node_modules\fs-extra\docs
ensureSymlink-sync.md,0.00,C:\Program Files\Adobe\Adobe Photoshop 2021\Required\Plug-ins\Generator\assets.generate\node_modules\fs-extra\docs
ensureSymlink.md,0.00,C:\Program Files\Adobe\Adobe Photoshop 2021\Required\Plug-ins\Generator\assets.generate\node_modules\fs-extra\docs
fs-read-write.md,0.00,C:\Program Files\Adobe\Adobe Photoshop 2021\Required\Plug-ins\Generator\assets.generate\node_modules\fs-extra\docs
move-sync.md,0.00,C:\Program Files\Adobe\Adobe Photoshop 2021\Required\Plug-ins\Generator\assets.generate\node_modules\fs-extra\docs
move.md,0.00,C:\Program Files\Adobe\Adobe Photoshop 2021\Required\Plug-ins\Generator\assets.generate\node_modules\fs-extra\docs
outputFile-sync.md,0.00,C:\Program Files\Adobe\Adobe Photoshop 2021\Required\Plug-ins\Generator\assets.generate\node_modules\fs-extra\docs
outputFile.md,0.00,C:\Program Files\Adobe\Adobe Photoshop 2021\Required\Plug-ins\Generator\assets.generate\node_modules\fs-extra\docs
outputJson-sync.md,0.00,C:\Program Files\Adobe\Adobe Photoshop 2021\Required\Plug-ins\Generator\assets.generate\node_modules\fs-extra\docs
outputJson.md,0.00,C:\Program Files\Adobe\Adobe Photoshop 2021\Required\Plug-ins\Generator\assets.generate\node_modules\fs-extra\docs
pathExists-sync.md,0.00,C:\Program Files\Adobe\Adobe Photoshop 2021\Required\Plug-ins\Generator\assets.generate\node_modules\fs-extra\docs
pathExists.md,0.00,C:\Program Files\Adobe\Adobe Photoshop 2021\Required\Plug-ins\Generator\assets.generate\node_modules\fs-extra\docs
readJson-sync.md,0.00,C:\Program Files\Adobe\Adobe Photoshop 2021\Required\Plug-ins\Generator\assets.generate\node_modules\fs-extra\docs
readJson.md,0.00,C:\Program Files\Adobe\Adobe Photoshop 2021\Required\Plug-ins\Generator\assets.generate\node_modules\fs-extra\docs
remove-sync.md,0.00,C:\Program Files\Adobe\Adobe Photoshop 2021\Required\Plug-ins\Generator\assets.generate\node_modules\fs-extra\docs
remove.md,0.00,C:\Program Files\Adobe\Adobe Photoshop 2021\Required\Plug-ins\Generator\assets.generate\node_modules\fs-extra\docs
writeJson-sync.md,0.00,C:\Program Files\Adobe\Adobe Photoshop 2021\Required\Plug-ins\Generator\assets.generate\node_modules\fs-extra\docs
writeJson.md,0.00,C:\Program Files\Adobe\Adobe Photoshop 2021\Required\Plug-ins\Generator\assets.generate\node_modules\fs-extra\docs
README.md,0.00,C:\Program Files\Adobe\Adobe Photoshop 2021\Required\Plug-ins\Generator\assets.generate\node_modules\graceful-fs
CHANGELOG.md,0.01,C:\Program Files\Adobe\Adobe Photoshop 2021\Required\Plug-ins\Generator\assets.generate\node_modules\jsonfile
README.md,0.00,C:\Program Files\Adobe\Adobe Photoshop 2021\Required\Plug-ins\Generator\assets.generate\node_modules\jsonfile
readme.md,0.00,C:\Program Files\Adobe\Adobe Photoshop 2021\Required\Plug-ins\Generator\assets.generate\node_modules\os-tmpdir
CONTRIBUTING.md,0.00,C:\Program Files\Adobe\Adobe Photoshop 2021\Required\Plug-ins\Generator\assets.generate\node_modules\q
README.md,0.02,C:\Program Files\Adobe\Adobe Photoshop 2021\Required\Plug-ins\Generator\assets.generate\node_modules\q
Changelog.md,0.00,C:\Program Files\Adobe\Adobe Photoshop 2021\Required\Plug-ins\Generator\assets.generate\node_modules\svgobjectmodelgenerator
LICENSE.md,0.01,C:\Program Files\Adobe\Adobe Photoshop 2021\Required\Plug-ins\Generator\assets.generate\node_modules\svgobjectmodelgenerator
README.md,0.01,C:\Program Files\Adobe\Adobe Photoshop 2021\Required\Plug-ins\Generator\assets.generate\node_modules\svgobjectmodelgenerator
README.md,0.01,C:\Program Files\Adobe\Adobe Photoshop 2021\Required\Plug-ins\Generator\assets.generate\node_modules\tmp
README.md,0.00,C:\Program Files\Adobe\Adobe Photoshop 2021\Required\Plug-ins\Generator\assets.generate\node_modules\universalify
HISTORY.md,0.00,C:\Program Files\Adobe\Adobe Photoshop 2021\Required\Plug-ins\Generator\crema.generate\node_modules\basic-auth
README.md,0.00,C:\Program Files\Adobe\Adobe Photoshop 2021\Required\Plug-ins\Generator\crema.generate\node_modules\basic-auth
History.md,0.06,C:\Program Files\Adobe\Adobe Photoshop 2021\Required\Plug-ins\Generator\crema.generate\node_modules\connect
Readme.md,0.01,C:\Program Files\Adobe\Adobe Photoshop 2021\Required\Plug-ins\Generator\crema.generate\node_modules\connect
History.md,0.01,C:\Program Files\Adobe\Adobe Photoshop 2021\Required\Plug-ins\Generator\crema.generate\node_modules\debug
Readme.md,0.01,C:\Program Files\Adobe\Adobe Photoshop 2021\Required\Plug-ins\Generator\crema.generate\node_modules\debug
History.md,0.00,C:\Program Files\Adobe\Adobe Photoshop 2021\Required\Plug-ins\Generator\crema.generate\node_modules\depd
Readme.md,0.01,C:\Program Files\Adobe\Adobe Photoshop 2021\Required\Plug-ins\Generator\crema.generate\node_modules\depd
README.md,0.00,C:\Program Files\Adobe\Adobe Photoshop 2021\Required\Plug-ins\Generator\crema.generate\node_modules\ee-first
Readme.md,0.00,C:\Program Files\Adobe\Adobe Photoshop 2021\Required\Plug-ins\Generator\crema.generate\node_modules\escape-html
HISTORY.md,0.00,C:\Program Files\Adobe\Adobe Photoshop 2021\Required\Plug-ins\Generator\crema.generate\node_modules\finalhandler
README.md,0.00,C:\Program Files\Adobe\Adobe Photoshop 2021\Required\Plug-ins\Generator\crema.generate\node_modules\finalhandler
CHANGELOG.md,0.06,C:\Program Files\Adobe\Adobe Photoshop 2021\Required\Plug-ins\Generator\crema.generate\node_modules\fs-extra
README.md,0.01,C:\Program Files\Adobe\Adobe Photoshop 2021\Required\Plug-ins\Generator\crema.generate\node_modules\fs-extra
copy-sync.md,0.00,C:\Program Files\Adobe\Adobe Photoshop 2021\Required\Plug-ins\Generator\crema.generate\node_modules\fs-extra\docs
copy.md,0.00,C:\Program Files\Adobe\Adobe Photoshop 2021\Required\Plug-ins\Generator\crema.generate\node_modules\fs-extra\docs
emptyDir-sync.md,0.00,C:\Program Files\Adobe\Adobe Photoshop 2021\Required\Plug-ins\Generator\crema.generate\node_modules\fs-extra\docs
emptyDir.md,0.00,C:\Program Files\Adobe\Adobe Photoshop 2021\Required\Plug-ins\Generator\crema.generate\node_modules\fs-extra\docs
ensureDir-sync.md,0.00,C:\Program Files\Adobe\Adobe Photoshop 2021\Required\Plug-ins\Generator\crema.generate\node_modules\fs-extra\docs
ensureDir.md,0.00,C:\Program Files\Adobe\Adobe Photoshop 2021\Required\Plug-ins\Generator\crema.generate\node_modules\fs-extra\docs
ensureFile-sync.md,0.00,C:\Program Files\Adobe\Adobe Photoshop 2021\Required\Plug-ins\Generator\crema.generate\node_modules\fs-extra\docs
ensureFile.md,0.00,C:\Program Files\Adobe\Adobe Photoshop 2021\Required\Plug-ins\Generator\crema.generate\node_modules\fs-extra\docs
ensureLink-sync.md,0.00,C:\Program Files\Adobe\Adobe Photoshop 2021\Required\Plug-ins\Generator\crema.generate\node_modules\fs-extra\docs
ensureLink.md,0.00,C:\Program Files\Adobe\Adobe Photoshop 2021\Required\Plug-ins\Generator\crema.generate\node_modules\fs-extra\docs
ensureSymlink-sync.md,0.00,C:\Program Files\Adobe\Adobe Photoshop 2021\Required\Plug-ins\Generator\crema.generate\node_modules\fs-extra\docs
ensureSymlink.md,0.00,C:\Program Files\Adobe\Adobe Photoshop 2021\Required\Plug-ins\Generator\crema.generate\node_modules\fs-extra\docs
fs-read-write.md,0.00,C:\Program Files\Adobe\Adobe Photoshop 2021\Required\Plug-ins\Generator\crema.generate\node_modules\fs-extra\docs
move-sync.md,0.00,C:\Program Files\Adobe\Adobe Photoshop 2021\Required\Plug-ins\Generator\crema.generate\node_modules\fs-extra\docs
move.md,0.00,C:\Program Files\Adobe\Adobe Photoshop 2021\Required\Plug-ins\Generator\crema.generate\node_modules\fs-extra\docs
outputFile-sync.md,0.00,C:\Program Files\Adobe\Adobe Photoshop 2021\Required\Plug-ins\Generator\crema.generate\node_modules\fs-extra\docs
outputFile.md,0.00,C:\Program Files\Adobe\Adobe Photoshop 2021\Required\Plug-ins\Generator\crema.generate\node_modules\fs-extra\docs
outputJson-sync.md,0.00,C:\Program Files\Adobe\Adobe Photoshop 2021\Required\Plug-ins\Generator\crema.generate\node_modules\fs-extra\docs
outputJson.md,0.00,C:\Program Files\Adobe\Adobe Photoshop 2021\Required\Plug-ins\Generator\crema.generate\node_modules\fs-extra\docs
pathExists-sync.md,0.00,C:\Program Files\Adobe\Adobe Photoshop 2021\Required\Plug-ins\Generator\crema.generate\node_modules\fs-extra\docs
pathExists.md,0.00,C:\Program Files\Adobe\Adobe Photoshop 2021\Required\Plug-ins\Generator\crema.generate\node_modules\fs-extra\docs
readJson-sync.md,0.00,C:\Program Files\Adobe\Adobe Photoshop 2021\Required\Plug-ins\Generator\crema.generate\node_modules\fs-extra\docs
readJson.md,0.00,C:\Program Files\Adobe\Adobe Photoshop 2021\Required\Plug-ins\Generator\crema.generate\node_modules\fs-extra\docs
remove-sync.md,0.00,C:\Program Files\Adobe\Adobe Photoshop 2021\Required\Plug-ins\Generator\crema.generate\node_modules\fs-extra\docs
remove.md,0.00,C:\Program Files\Adobe\Adobe Photoshop 2021\Required\Plug-ins\Generator\crema.generate\node_modules\fs-extra\docs
writeJson-sync.md,0.00,C:\Program Files\Adobe\Adobe Photoshop 2021\Required\Plug-ins\Generator\crema.generate\node_modules\fs-extra\docs
writeJson.md,0.00,C:\Program Files\Adobe\Adobe Photoshop 2021\Required\Plug-ins\Generator\crema.generate\node_modules\fs-extra\docs
README.md,0.00,C:\Program Files\Adobe\Adobe Photoshop 2021\Required\Plug-ins\Generator\crema.generate\node_modules\generator-assets
CONTRIBUTING.md,0.00,C:\Program Files\Adobe\Adobe Photoshop 2021\Required\Plug-ins\Generator\crema.generate\node_modules\generator-assets\node_modules\q
README.md,0.02,C:\Program Files\Adobe\Adobe Photoshop 2021\Required\Plug-ins\Generator\crema.generate\node_modules\generator-assets\node_modules\q
Changelog.md,0.00,C:\Program Files\Adobe\Adobe Photoshop 2021\Required\Plug-ins\Generator\crema.generate\node_modules\generator-assets\node_modules\svgobjectmodelgenerator
LICENSE.md,0.01,C:\Program Files\Adobe\Adobe Photoshop 2021\Required\Plug-ins\Generator\crema.generate\node_modules\generator-assets\node_modules\svgobjectmodelgenerator
README.md,0.01,C:\Program Files\Adobe\Adobe Photoshop 2021\Required\Plug-ins\Generator\crema.generate\node_modules\generator-assets\node_modules\svgobjectmodelgenerator
README.md,0.00,C:\Program Files\Adobe\Adobe Photoshop 2021\Required\Plug-ins\Generator\crema.generate\node_modules\graceful-fs
CHANGELOG.md,0.01,C:\Program Files\Adobe\Adobe Photoshop 2021\Required\Plug-ins\Generator\crema.generate\node_modules\jsonfile
README.md,0.00,C:\Program Files\Adobe\Adobe Photoshop 2021\Required\Plug-ins\Generator\crema.generate\node_modules\jsonfile
HISTORY.md,0.00,C:\Program Files\Adobe\Adobe Photoshop 2021\Required\Plug-ins\Generator\crema.generate\node_modules\morgan
README.md,0.01,C:\Program Files\Adobe\Adobe Photoshop 2021\Required\Plug-ins\Generator\crema.generate\node_modules\morgan
History.md,0.01,C:\Program Files\Adobe\Adobe Photoshop 2021\Required\Plug-ins\Generator\crema.generate\node_modules\morgan\node_modules\debug
Readme.md,0.01,C:\Program Files\Adobe\Adobe Photoshop 2021\Required\Plug-ins\Generator\crema.generate\node_modules\morgan\node_modules\debug
History.md,0.00,C:\Program Files\Adobe\Adobe Photoshop 2021\Required\Plug-ins\Generator\crema.generate\node_modules\morgan\node_modules\ms
README.md,0.00,C:\Program Files\Adobe\Adobe Photoshop 2021\Required\Plug-ins\Generator\crema.generate\node_modules\morgan\node_modules\ms
README.md,0.00,C:\Program Files\Adobe\Adobe Photoshop 2021\Required\Plug-ins\Generator\crema.generate\node_modules\ms
HISTORY.md,0.00,C:\Program Files\Adobe\Adobe Photoshop 2021\Required\Plug-ins\Generator\crema.generate\node_modules\on-finished
README.md,0.00,C:\Program Files\Adobe\Adobe Photoshop 2021\Required\Plug-ins\Generator\crema.generate\node_modules\on-finished
README.md,0.00,C:\Program Files\Adobe\Adobe Photoshop 2021\Required\Plug-ins\Generator\crema.generate\node_modules\options
readme.md,0.00,C:\Program Files\Adobe\Adobe Photoshop 2021\Required\Plug-ins\Generator\crema.generate\node_modules\os-tmpdir
HISTORY.md,0.00,C:\Program Files\Adobe\Adobe Photoshop 2021\Required\Plug-ins\Generator\crema.generate\node_modules\parseurl
README.md,0.00,C:\Program Files\Adobe\Adobe Photoshop 2021\Required\Plug-ins\Generator\crema.generate\node_modules\parseurl
CHANGES.md,0.03,C:\Program Files\Adobe\Adobe Photoshop 2021\Required\Plug-ins\Generator\crema.generate\node_modules\q
README.md,0.02,C:\Program Files\Adobe\Adobe Photoshop 2021\Required\Plug-ins\Generator\crema.generate\node_modules\q
README.md,0.00,C:\Program Files\Adobe\Adobe Photoshop 2021\Required\Plug-ins\Generator\crema.generate\node_modules\shared
README.md,0.01,C:\Program Files\Adobe\Adobe Photoshop 2021\Required\Plug-ins\Generator\crema.generate\node_modules\tmp
README.md,0.00,C:\Program Files\Adobe\Adobe Photoshop 2021\Required\Plug-ins\Generator\crema.generate\node_modules\ultron
README.md,0.00,C:\Program Files\Adobe\Adobe Photoshop 2021\Required\Plug-ins\Generator\crema.generate\node_modules\underscore
README.md,0.00,C:\Program Files\Adobe\Adobe Photoshop 2021\Required\Plug-ins\Generator\crema.generate\node_modules\universalify
README.md,0.00,C:\Program Files\Adobe\Adobe Photoshop 2021\Required\Plug-ins\Generator\crema.generate\node_modules\utils-merge
README.md,0.01,C:\Program Files\Adobe\Adobe Photoshop 2021\Required\Plug-ins\Generator\crema.generate\node_modules\ws
README.md,0.00,C:\Program Files\Adobe\Adobe Photoshop 2022\Required\Generator-builtin
README.md,0.00,C:\Program Files\Adobe\Adobe Photoshop 2022\Required\Generator-builtin\node_modules\options
CONTRIBUTING.md,0.00,C:\Program Files\Adobe\Adobe Photoshop 2022\Required\Generator-builtin\node_modules\q
README.md,0.02,C:\Program Files\Adobe\Adobe Photoshop 2022\Required\Generator-builtin\node_modules\q
README.md,0.01,C:\Program Files\Adobe\Adobe Photoshop 2022\Required\Generator-builtin\node_modules\semver
README.md,0.00,C:\Program Files\Adobe\Adobe Photoshop 2022\Required\Generator-builtin\node_modules\ultron
README.md,0.01,C:\Program Files\Adobe\Adobe Photoshop 2022\Required\Generator-builtin\node_modules\ws
README.md,0.00,C:\Program Files\Adobe\Adobe Photoshop 2022\Required\Plug-ins\Generator\assets.generate
CHANGELOG.md,0.06,C:\Program Files\Adobe\Adobe Photoshop 2022\Required\Plug-ins\Generator\assets.generate\node_modules\fs-extra
README.md,0.01,C:\Program Files\Adobe\Adobe Photoshop 2022\Required\Plug-ins\Generator\assets.generate\node_modules\fs-extra
copy-sync.md,0.00,C:\Program Files\Adobe\Adobe Photoshop 2022\Required\Plug-ins\Generator\assets.generate\node_modules\fs-extra\docs
copy.md,0.00,C:\Program Files\Adobe\Adobe Photoshop 2022\Required\Plug-ins\Generator\assets.generate\node_modules\fs-extra\docs
emptyDir-sync.md,0.00,C:\Program Files\Adobe\Adobe Photoshop 2022\Required\Plug-ins\Generator\assets.generate\node_modules\fs-extra\docs
emptyDir.md,0.00,C:\Program Files\Adobe\Adobe Photoshop 2022\Required\Plug-ins\Generator\assets.generate\node_modules\fs-extra\docs
ensureDir-sync.md,0.00,C:\Program Files\Adobe\Adobe Photoshop 2022\Required\Plug-ins\Generator\assets.generate\node_modules\fs-extra\docs
ensureDir.md,0.00,C:\Program Files\Adobe\Adobe Photoshop 2022\Required\Plug-ins\Generator\assets.generate\node_modules\fs-extra\docs
ensureFile-sync.md,0.00,C:\Program Files\Adobe\Adobe Photoshop 2022\Required\Plug-ins\Generator\assets.generate\node_modules\fs-extra\docs
ensureFile.md,0.00,C:\Program Files\Adobe\Adobe Photoshop 2022\Required\Plug-ins\Generator\assets.generate\node_modules\fs-extra\docs
ensureLink-sync.md,0.00,C:\Program Files\Adobe\Adobe Photoshop 2022\Required\Plug-ins\Generator\assets.generate\node_modules\fs-extra\docs
ensureLink.md,0.00,C:\Program Files\Adobe\Adobe Photoshop 2022\Required\Plug-ins\Generator\assets.generate\node_modules\fs-extra\docs
ensureSymlink-sync.md,0.00,C:\Program Files\Adobe\Adobe Photoshop 2022\Required\Plug-ins\Generator\assets.generate\node_modules\fs-extra\docs
ensureSymlink.md,0.00,C:\Program Files\Adobe\Adobe Photoshop 2022\Required\Plug-ins\Generator\assets.generate\node_modules\fs-extra\docs
fs-read-write.md,0.00,C:\Program Files\Adobe\Adobe Photoshop 2022\Required\Plug-ins\Generator\assets.generate\node_modules\fs-extra\docs
move-sync.md,0.00,C:\Program Files\Adobe\Adobe Photoshop 2022\Required\Plug-ins\Generator\assets.generate\node_modules\fs-extra\docs
move.md,0.00,C:\Program Files\Adobe\Adobe Photoshop 2022\Required\Plug-ins\Generator\assets.generate\node_modules\fs-extra\docs
outputFile-sync.md,0.00,C:\Program Files\Adobe\Adobe Photoshop 2022\Required\Plug-ins\Generator\assets.generate\node_modules\fs-extra\docs
outputFile.md,0.00,C:\Program Files\Adobe\Adobe Photoshop 2022\Required\Plug-ins\Generator\assets.generate\node_modules\fs-extra\docs
outputJson-sync.md,0.00,C:\Program Files\Adobe\Adobe Photoshop 2022\Required\Plug-ins\Generator\assets.generate\node_modules\fs-extra\docs
outputJson.md,0.00,C:\Program Files\Adobe\Adobe Photoshop 2022\Required\Plug-ins\Generator\assets.generate\node_modules\fs-extra\docs
pathExists-sync.md,0.00,C:\Program Files\Adobe\Adobe Photoshop 2022\Required\Plug-ins\Generator\assets.generate\node_modules\fs-extra\docs
pathExists.md,0.00,C:\Program Files\Adobe\Adobe Photoshop 2022\Required\Plug-ins\Generator\assets.generate\node_modules\fs-extra\docs
readJson-sync.md,0.00,C:\Program Files\Adobe\Adobe Photoshop 2022\Required\Plug-ins\Generator\assets.generate\node_modules\fs-extra\docs
readJson.md,0.00,C:\Program Files\Adobe\Adobe Photoshop 2022\Required\Plug-ins\Generator\assets.generate\node_modules\fs-extra\docs
remove-sync.md,0.00,C:\Program Files\Adobe\Adobe Photoshop 2022\Required\Plug-ins\Generator\assets.generate\node_modules\fs-extra\docs
remove.md,0.00,C:\Program Files\Adobe\Adobe Photoshop 2022\Required\Plug-ins\Generator\assets.generate\node_modules\fs-extra\docs
writeJson-sync.md,0.00,C:\Program Files\Adobe\Adobe Photoshop 2022\Required\Plug-ins\Generator\assets.generate\node_modules\fs-extra\docs
writeJson.md,0.00,C:\Program Files\Adobe\Adobe Photoshop 2022\Required\Plug-ins\Generator\assets.generate\node_modules\fs-extra\docs
README.md,0.00,C:\Program Files\Adobe\Adobe Photoshop 2022\Required\Plug-ins\Generator\assets.generate\node_modules\graceful-fs
CHANGELOG.md,0.01,C:\Program Files\Adobe\Adobe Photoshop 2022\Required\Plug-ins\Generator\assets.generate\node_modules\jsonfile
README.md,0.00,C:\Program Files\Adobe\Adobe Photoshop 2022\Required\Plug-ins\Generator\assets.generate\node_modules\jsonfile
readme.md,0.00,C:\Program Files\Adobe\Adobe Photoshop 2022\Required\Plug-ins\Generator\assets.generate\node_modules\os-tmpdir
CONTRIBUTING.md,0.00,C:\Program Files\Adobe\Adobe Photoshop 2022\Required\Plug-ins\Generator\assets.generate\node_modules\q
README.md,0.02,C:\Program Files\Adobe\Adobe Photoshop 2022\Required\Plug-ins\Generator\assets.generate\node_modules\q
Changelog.md,0.00,C:\Program Files\Adobe\Adobe Photoshop 2022\Required\Plug-ins\Generator\assets.generate\node_modules\svgobjectmodelgenerator
LICENSE.md,0.01,C:\Program Files\Adobe\Adobe Photoshop 2022\Required\Plug-ins\Generator\assets.generate\node_modules\svgobjectmodelgenerator
README.md,0.01,C:\Program Files\Adobe\Adobe Photoshop 2022\Required\Plug-ins\Generator\assets.generate\node_modules\svgobjectmodelgenerator
README.md,0.01,C:\Program Files\Adobe\Adobe Photoshop 2022\Required\Plug-ins\Generator\assets.generate\node_modules\tmp
README.md,0.00,C:\Program Files\Adobe\Adobe Photoshop 2022\Required\Plug-ins\Generator\assets.generate\node_modules\universalify
HISTORY.md,0.00,C:\Program Files\Adobe\Adobe Photoshop 2022\Required\Plug-ins\Generator\crema.generate\node_modules\basic-auth
README.md,0.00,C:\Program Files\Adobe\Adobe Photoshop 2022\Required\Plug-ins\Generator\crema.generate\node_modules\basic-auth
History.md,0.06,C:\Program Files\Adobe\Adobe Photoshop 2022\Required\Plug-ins\Generator\crema.generate\node_modules\connect
Readme.md,0.01,C:\Program Files\Adobe\Adobe Photoshop 2022\Required\Plug-ins\Generator\crema.generate\node_modules\connect
History.md,0.01,C:\Program Files\Adobe\Adobe Photoshop 2022\Required\Plug-ins\Generator\crema.generate\node_modules\debug
Readme.md,0.01,C:\Program Files\Adobe\Adobe Photoshop 2022\Required\Plug-ins\Generator\crema.generate\node_modules\debug
History.md,0.00,C:\Program Files\Adobe\Adobe Photoshop 2022\Required\Plug-ins\Generator\crema.generate\node_modules\depd
Readme.md,0.01,C:\Program Files\Adobe\Adobe Photoshop 2022\Required\Plug-ins\Generator\crema.generate\node_modules\depd
README.md,0.00,C:\Program Files\Adobe\Adobe Photoshop 2022\Required\Plug-ins\Generator\crema.generate\node_modules\ee-first
Readme.md,0.00,C:\Program Files\Adobe\Adobe Photoshop 2022\Required\Plug-ins\Generator\crema.generate\node_modules\escape-html
HISTORY.md,0.00,C:\Program Files\Adobe\Adobe Photoshop 2022\Required\Plug-ins\Generator\crema.generate\node_modules\finalhandler
README.md,0.00,C:\Program Files\Adobe\Adobe Photoshop 2022\Required\Plug-ins\Generator\crema.generate\node_modules\finalhandler
CHANGELOG.md,0.06,C:\Program Files\Adobe\Adobe Photoshop 2022\Required\Plug-ins\Generator\crema.generate\node_modules\fs-extra
README.md,0.01,C:\Program Files\Adobe\Adobe Photoshop 2022\Required\Plug-ins\Generator\crema.generate\node_modules\fs-extra
copy-sync.md,0.00,C:\Program Files\Adobe\Adobe Photoshop 2022\Required\Plug-ins\Generator\crema.generate\node_modules\fs-extra\docs
copy.md,0.00,C:\Program Files\Adobe\Adobe Photoshop 2022\Required\Plug-ins\Generator\crema.generate\node_modules\fs-extra\docs
emptyDir-sync.md,0.00,C:\Program Files\Adobe\Adobe Photoshop 2022\Required\Plug-ins\Generator\crema.generate\node_modules\fs-extra\docs
emptyDir.md,0.00,C:\Program Files\Adobe\Adobe Photoshop 2022\Required\Plug-ins\Generator\crema.generate\node_modules\fs-extra\docs
ensureDir-sync.md,0.00,C:\Program Files\Adobe\Adobe Photoshop 2022\Required\Plug-ins\Generator\crema.generate\node_modules\fs-extra\docs
ensureDir.md,0.00,C:\Program Files\Adobe\Adobe Photoshop 2022\Required\Plug-ins\Generator\crema.generate\node_modules\fs-extra\docs
ensureFile-sync.md,0.00,C:\Program Files\Adobe\Adobe Photoshop 2022\Required\Plug-ins\Generator\crema.generate\node_modules\fs-extra\docs
ensureFile.md,0.00,C:\Program Files\Adobe\Adobe Photoshop 2022\Required\Plug-ins\Generator\crema.generate\node_modules\fs-extra\docs
ensureLink-sync.md,0.00,C:\Program Files\Adobe\Adobe Photoshop 2022\Required\Plug-ins\Generator\crema.generate\node_modules\fs-extra\docs
ensureLink.md,0.00,C:\Program Files\Adobe\Adobe Photoshop 2022\Required\Plug-ins\Generator\crema.generate\node_modules\fs-extra\docs
ensureSymlink-sync.md,0.00,C:\Program Files\Adobe\Adobe Photoshop 2022\Required\Plug-ins\Generator\crema.generate\node_modules\fs-extra\docs
ensureSymlink.md,0.00,C:\Program Files\Adobe\Adobe Photoshop 2022\Required\Plug-ins\Generator\crema.generate\node_modules\fs-extra\docs
fs-read-write.md,0.00,C:\Program Files\Adobe\Adobe Photoshop 2022\Required\Plug-ins\Generator\crema.generate\node_modules\fs-extra\docs
move-sync.md,0.00,C:\Program Files\Adobe\Adobe Photoshop 2022\Required\Plug-ins\Generator\crema.generate\node_modules\fs-extra\docs
move.md,0.00,C:\Program Files\Adobe\Adobe Photoshop 2022\Required\Plug-ins\Generator\crema.generate\node_modules\fs-extra\docs
outputFile-sync.md,0.00,C:\Program Files\Adobe\Adobe Photoshop 2022\Required\Plug-ins\Generator\crema.generate\node_modules\fs-extra\docs
outputFile.md,0.00,C:\Program Files\Adobe\Adobe Photoshop 2022\Required\Plug-ins\Generator\crema.generate\node_modules\fs-extra\docs
outputJson-sync.md,0.00,C:\Program Files\Adobe\Adobe Photoshop 2022\Required\Plug-ins\Generator\crema.generate\node_modules\fs-extra\docs
outputJson.md,0.00,C:\Program Files\Adobe\Adobe Photoshop 2022\Required\Plug-ins\Generator\crema.generate\node_modules\fs-extra\docs
pathExists-sync.md,0.00,C:\Program Files\Adobe\Adobe Photoshop 2022\Required\Plug-ins\Generator\crema.generate\node_modules\fs-extra\docs
pathExists.md,0.00,C:\Program Files\Adobe\Adobe Photoshop 2022\Required\Plug-ins\Generator\crema.generate\node_modules\fs-extra\docs
readJson-sync.md,0.00,C:\Program Files\Adobe\Adobe Photoshop 2022\Required\Plug-ins\Generator\crema.generate\node_modules\fs-extra\docs
readJson.md,0.00,C:\Program Files\Adobe\Adobe Photoshop 2022\Required\Plug-ins\Generator\crema.generate\node_modules\fs-extra\docs
remove-sync.md,0.00,C:\Program Files\Adobe\Adobe Photoshop 2022\Required\Plug-ins\Generator\crema.generate\node_modules\fs-extra\docs
remove.md,0.00,C:\Program Files\Adobe\Adobe Photoshop 2022\Required\Plug-ins\Generator\crema.generate\node_modules\fs-extra\docs
writeJson-sync.md,0.00,C:\Program Files\Adobe\Adobe Photoshop 2022\Required\Plug-ins\Generator\crema.generate\node_modules\fs-extra\docs
writeJson.md,0.00,C:\Program Files\Adobe\Adobe Photoshop 2022\Required\Plug-ins\Generator\crema.generate\node_modules\fs-extra\docs
README.md,0.00,C:\Program Files\Adobe\Adobe Photoshop 2022\Required\Plug-ins\Generator\crema.generate\node_modules\generator-assets
CONTRIBUTING.md,0.00,C:\Program Files\Adobe\Adobe Photoshop 2022\Required\Plug-ins\Generator\crema.generate\node_modules\generator-assets\node_modules\q
README.md,0.02,C:\Program Files\Adobe\Adobe Photoshop 2022\Required\Plug-ins\Generator\crema.generate\node_modules\generator-assets\node_modules\q
Changelog.md,0.00,C:\Program Files\Adobe\Adobe Photoshop 2022\Required\Plug-ins\Generator\crema.generate\node_modules\generator-assets\node_modules\svgobjectmodelgenerator
LICENSE.md,0.01,C:\Program Files\Adobe\Adobe Photoshop 2022\Required\Plug-ins\Generator\crema.generate\node_modules\generator-assets\node_modules\svgobjectmodelgenerator
README.md,0.01,C:\Program Files\Adobe\Adobe Photoshop 2022\Required\Plug-ins\Generator\crema.generate\node_modules\generator-assets\node_modules\svgobjectmodelgenerator
README.md,0.00,C:\Program Files\Adobe\Adobe Photoshop 2022\Required\Plug-ins\Generator\crema.generate\node_modules\graceful-fs
CHANGELOG.md,0.01,C:\Program Files\Adobe\Adobe Photoshop 2022\Required\Plug-ins\Generator\crema.generate\node_modules\jsonfile
README.md,0.00,C:\Program Files\Adobe\Adobe Photoshop 2022\Required\Plug-ins\Generator\crema.generate\node_modules\jsonfile
HISTORY.md,0.00,C:\Program Files\Adobe\Adobe Photoshop 2022\Required\Plug-ins\Generator\crema.generate\node_modules\morgan
README.md,0.01,C:\Program Files\Adobe\Adobe Photoshop 2022\Required\Plug-ins\Generator\crema.generate\node_modules\morgan
History.md,0.01,C:\Program Files\Adobe\Adobe Photoshop 2022\Required\Plug-ins\Generator\crema.generate\node_modules\morgan\node_modules\debug
Readme.md,0.01,C:\Program Files\Adobe\Adobe Photoshop 2022\Required\Plug-ins\Generator\crema.generate\node_modules\morgan\node_modules\debug
History.md,0.00,C:\Program Files\Adobe\Adobe Photoshop 2022\Required\Plug-ins\Generator\crema.generate\node_modules\morgan\node_modules\ms
README.md,0.00,C:\Program Files\Adobe\Adobe Photoshop 2022\Required\Plug-ins\Generator\crema.generate\node_modules\morgan\node_modules\ms
README.md,0.00,C:\Program Files\Adobe\Adobe Photoshop 2022\Required\Plug-ins\Generator\crema.generate\node_modules\ms
HISTORY.md,0.00,C:\Program Files\Adobe\Adobe Photoshop 2022\Required\Plug-ins\Generator\crema.generate\node_modules\on-finished
README.md,0.00,C:\Program Files\Adobe\Adobe Photoshop 2022\Required\Plug-ins\Generator\crema.generate\node_modules\on-finished
README.md,0.00,C:\Program Files\Adobe\Adobe Photoshop 2022\Required\Plug-ins\Generator\crema.generate\node_modules\options
readme.md,0.00,C:\Program Files\Adobe\Adobe Photoshop 2022\Required\Plug-ins\Generator\crema.generate\node_modules\os-tmpdir
HISTORY.md,0.00,C:\Program Files\Adobe\Adobe Photoshop 2022\Required\Plug-ins\Generator\crema.generate\node_modules\parseurl
README.md,0.00,C:\Program Files\Adobe\Adobe Photoshop 2022\Required\Plug-ins\Generator\crema.generate\node_modules\parseurl
CHANGES.md,0.03,C:\Program Files\Adobe\Adobe Photoshop 2022\Required\Plug-ins\Generator\crema.generate\node_modules\q
README.md,0.02,C:\Program Files\Adobe\Adobe Photoshop 2022\Required\Plug-ins\Generator\crema.generate\node_modules\q
README.md,0.00,C:\Program Files\Adobe\Adobe Photoshop 2022\Required\Plug-ins\Generator\crema.generate\node_modules\shared
README.md,0.01,C:\Program Files\Adobe\Adobe Photoshop 2022\Required\Plug-ins\Generator\crema.generate\node_modules\tmp
README.md,0.00,C:\Program Files\Adobe\Adobe Photoshop 2022\Required\Plug-ins\Generator\crema.generate\node_modules\ultron
README.md,0.00,C:\Program Files\Adobe\Adobe Photoshop 2022\Required\Plug-ins\Generator\crema.generate\node_modules\underscore
README.md,0.00,C:\Program Files\Adobe\Adobe Photoshop 2022\Required\Plug-ins\Generator\crema.generate\node_modules\universalify
README.md,0.00,C:\Program Files\Adobe\Adobe Photoshop 2022\Required\Plug-ins\Generator\crema.generate\node_modules\utils-merge
README.md,0.01,C:\Program Files\Adobe\Adobe Photoshop 2022\Required\Plug-ins\Generator\crema.generate\node_modules\ws
README.md,0.00,C:\Program Files\Adobe\Adobe Photoshop 2022\Required\UXP\com.adobe.photoshop-material-filters
README.md,0.00,C:\Program Files\Common Files\Adobe\Creative Cloud Libraries\js\node_modules\asn1
CHANGES.md,0.00,C:\Program Files\Common Files\Adobe\Creative Cloud Libraries\js\node_modules\assert-plus
README.md,0.00,C:\Program Files\Common Files\Adobe\Creative Cloud Libraries\js\node_modules\assert-plus
readme.md,0.00,C:\Program Files\Common Files\Adobe\Creative Cloud Libraries\js\node_modules\atomic-sleep
LICENSE.md,0.00,C:\Program Files\Common Files\Adobe\Creative Cloud Libraries\js\node_modules\balanced-match
README.md,0.00,C:\Program Files\Common Files\Adobe\Creative Cloud Libraries\js\node_modules\balanced-match
CONTRIBUTING.md,0.00,C:\Program Files\Common Files\Adobe\Creative Cloud Libraries\js\node_modules\bcrypt-pbkdf
README.md,0.00,C:\Program Files\Common Files\Adobe\Creative Cloud Libraries\js\node_modules\bcrypt-pbkdf
README.md,0.00,C:\Program Files\Common Files\Adobe\Creative Cloud Libraries\js\node_modules\brace-expansion
README.md,0.00,C:\Program Files\Common Files\Adobe\Creative Cloud Libraries\js\node_modules\buffer-crc32
README.md,0.00,C:\Program Files\Common Files\Adobe\Creative Cloud Libraries\js\node_modules\bufferutil
CHANGELOG.md,0.00,C:\Program Files\Common Files\Adobe\Creative Cloud Libraries\js\node_modules\call-bind
README.md,0.00,C:\Program Files\Common Files\Adobe\Creative Cloud Libraries\js\node_modules\call-bind
README.md,0.00,C:\Program Files\Common Files\Adobe\Creative Cloud Libraries\js\node_modules\core-util-is
README.md,0.00,C:\Program Files\Common Files\Adobe\Creative Cloud Libraries\js\node_modules\csv
README.md,0.00,C:\Program Files\Common Files\Adobe\Creative Cloud Libraries\js\node_modules\csv-generate
README.md,0.00,C:\Program Files\Common Files\Adobe\Creative Cloud Libraries\js\node_modules\csv-parse
README.md,0.00,C:\Program Files\Common Files\Adobe\Creative Cloud Libraries\js\node_modules\csv-stringify
CHANGES.md,0.01,C:\Program Files\Common Files\Adobe\Creative Cloud Libraries\js\node_modules\dashdash
README.md,0.02,C:\Program Files\Common Files\Adobe\Creative Cloud Libraries\js\node_modules\dashdash
README.md,0.02,C:\Program Files\Common Files\Adobe\Creative Cloud Libraries\js\node_modules\debug
History.md,0.00,C:\Program Files\Common Files\Adobe\Creative Cloud Libraries\js\node_modules\depd
Readme.md,0.01,C:\Program Files\Common Files\Adobe\Creative Cloud Libraries\js\node_modules\depd
README.md,0.00,C:\Program Files\Common Files\Adobe\Creative Cloud Libraries\js\node_modules\destroy
Readme.md,0.00,C:\Program Files\Common Files\Adobe\Creative Cloud Libraries\js\node_modules\detect-node
README.md,0.00,C:\Program Files\Common Files\Adobe\Creative Cloud Libraries\js\node_modules\ecc-jsbn
README.md,0.00,C:\Program Files\Common Files\Adobe\Creative Cloud Libraries\js\node_modules\ee-first
HISTORY.md,0.00,C:\Program Files\Common Files\Adobe\Creative Cloud Libraries\js\node_modules\encodeurl
README.md,0.00,C:\Program Files\Common Files\Adobe\Creative Cloud Libraries\js\node_modules\encodeurl
Readme.md,0.00,C:\Program Files\Common Files\Adobe\Creative Cloud Libraries\js\node_modules\escape-html
History.md,0.00,C:\Program Files\Common Files\Adobe\Creative Cloud Libraries\js\node_modules\escape-regexp-component
Readme.md,0.00,C:\Program Files\Common Files\Adobe\Creative Cloud Libraries\js\node_modules\escape-regexp-component
HISTORY.md,0.00,C:\Program Files\Common Files\Adobe\Creative Cloud Libraries\js\node_modules\etag
README.md,0.00,C:\Program Files\Common Files\Adobe\Creative Cloud Libraries\js\node_modules\etag
README.md,0.00,C:\Program Files\Common Files\Adobe\Creative Cloud Libraries\js\node_modules\ewma
README.md,0.00,C:\Program Files\Common Files\Adobe\Creative Cloud Libraries\js\node_modules\extsprintf
README.md,0.00,C:\Program Files\Common Files\Adobe\Creative Cloud Libraries\js\node_modules\fast-decode-uri-component
README.md,0.00,C:\Program Files\Common Files\Adobe\Creative Cloud Libraries\js\node_modules\fast-deep-equal
README.md,0.01,C:\Program Files\Common Files\Adobe\Creative Cloud Libraries\js\node_modules\fast-querystring
readme.md,0.01,C:\Program Files\Common Files\Adobe\Creative Cloud Libraries\js\node_modules\fast-redact
CHANGELOG.md,0.00,C:\Program Files\Common Files\Adobe\Creative Cloud Libraries\js\node_modules\fd-slicer
README.md,0.01,C:\Program Files\Common Files\Adobe\Creative Cloud Libraries\js\node_modules\fd-slicer
README.md,0.03,C:\Program Files\Common Files\Adobe\Creative Cloud Libraries\js\node_modules\find-my-way
README.md,0.01,C:\Program Files\Common Files\Adobe\Creative Cloud Libraries\js\node_modules\font-manager
Readme.md,0.02,C:\Program Files\Common Files\Adobe\Creative Cloud Libraries\js\node_modules\formidable
HISTORY.md,0.00,C:\Program Files\Common Files\Adobe\Creative Cloud Libraries\js\node_modules\fresh
README.md,0.00,C:\Program Files\Common Files\Adobe\Creative Cloud Libraries\js\node_modules\fresh
CHANGELOG.md,0.07,C:\Program Files\Common Files\Adobe\Creative Cloud Libraries\js\node_modules\fs-extra
README.md,0.01,C:\Program Files\Common Files\Adobe\Creative Cloud Libraries\js\node_modules\fs-extra
README.md,0.00,C:\Program Files\Common Files\Adobe\Creative Cloud Libraries\js\node_modules\fs.realpath
README.md,0.00,C:\Program Files\Common Files\Adobe\Creative Cloud Libraries\js\node_modules\function-bind
CHANGELOG.md,0.01,C:\Program Files\Common Files\Adobe\Creative Cloud Libraries\js\node_modules\get-intrinsic
README.md,0.00,C:\Program Files\Common Files\Adobe\Creative Cloud Libraries\js\node_modules\get-intrinsic
README.md,0.00,C:\Program Files\Common Files\Adobe\Creative Cloud Libraries\js\node_modules\getpass
README.md,0.01,C:\Program Files\Common Files\Adobe\Creative Cloud Libraries\js\node_modules\glob
README.md,0.00,C:\Program Files\Common Files\Adobe\Creative Cloud Libraries\js\node_modules\graceful-fs
README.md,0.00,C:\Program Files\Common Files\Adobe\Creative Cloud Libraries\js\node_modules\handle-thing
README.md,0.00,C:\Program Files\Common Files\Adobe\Creative Cloud Libraries\js\node_modules\has
CHANGELOG.md,0.01,C:\Program Files\Common Files\Adobe\Creative Cloud Libraries\js\node_modules\has-symbols
README.md,0.00,C:\Program Files\Common Files\Adobe\Creative Cloud Libraries\js\node_modules\has-symbols
README.md,0.00,C:\Program Files\Common Files\Adobe\Creative Cloud Libraries\js\node_modules\hpack.js
CONTRIBUTING.md,0.00,C:\Program Files\Common Files\Adobe\Creative Cloud Libraries\js\node_modules\hpack.js\node_modules\readable-stream
GOVERNANCE.md,0.01,C:\Program Files\Common Files\Adobe\Creative Cloud Libraries\js\node_modules\hpack.js\node_modules\readable-stream
README.md,0.00,C:\Program Files\Common Files\Adobe\Creative Cloud Libraries\js\node_modules\hpack.js\node_modules\readable-stream
2015-01-30.md,0.00,C:\Program Files\Common Files\Adobe\Creative Cloud Libraries\js\node_modules\hpack.js\node_modules\readable-stream\doc\wg-meetings
README.md,0.02,C:\Program Files\Common Files\Adobe\Creative Cloud Libraries\js\node_modules\hpack.js\node_modules\safe-buffer
README.md,0.00,C:\Program Files\Common Files\Adobe\Creative Cloud Libraries\js\node_modules\hpack.js\node_modules\string_decoder
README.md,0.00,C:\Program Files\Common Files\Adobe\Creative Cloud Libraries\js\node_modules\http-deceiver
HISTORY.md,0.00,C:\Program Files\Common Files\Adobe\Creative Cloud Libraries\js\node_modules\http-errors
README.md,0.01,C:\Program Files\Common Files\Adobe\Creative Cloud Libraries\js\node_modules\http-errors
CHANGES.md,0.00,C:\Program Files\Common Files\Adobe\Creative Cloud Libraries\js\node_modules\http-signature
http_signing.md,0.01,C:\Program Files\Common Files\Adobe\Creative Cloud Libraries\js\node_modules\http-signature
README.md,0.00,C:\Program Files\Common Files\Adobe\Creative Cloud Libraries\js\node_modules\http-signature
Readme.md,0.00,C:\Program Files\Common Files\Adobe\Creative Cloud Libraries\js\node_modules\image-size
README.md,0.00,C:\Program Files\Common Files\Adobe\Creative Cloud Libraries\js\node_modules\inflight
README.md,0.00,C:\Program Files\Common Files\Adobe\Creative Cloud Libraries\js\node_modules\inherits
readme.md,0.00,C:\Program Files\Common Files\Adobe\Creative Cloud Libraries\js\node_modules\is-wsl
README.md,0.00,C:\Program Files\Common Files\Adobe\Creative Cloud Libraries\js\node_modules\isarray
README.md,0.00,C:\Program Files\Common Files\Adobe\Creative Cloud Libraries\js\node_modules\jsbn
README.md,0.00,C:\Program Files\Common Files\Adobe\Creative Cloud Libraries\js\node_modules\json-schema
CHANGELOG.md,0.01,C:\Program Files\Common Files\Adobe\Creative Cloud Libraries\js\node_modules\jsonfile
README.md,0.01,C:\Program Files\Common Files\Adobe\Creative Cloud Libraries\js\node_modules\jsonfile
CHANGES.md,0.00,C:\Program Files\Common Files\Adobe\Creative Cloud Libraries\js\node_modules\jsprim
CONTRIBUTING.md,0.00,C:\Program Files\Common Files\Adobe\Creative Cloud Libraries\js\node_modules\jsprim
README.md,0.01,C:\Program Files\Common Files\Adobe\Creative Cloud Libraries\js\node_modules\jsprim
README.md,0.00,C:\Program Files\Common Files\Adobe\Creative Cloud Libraries\js\node_modules\lodash
release.md,0.00,C:\Program Files\Common Files\Adobe\Creative Cloud Libraries\js\node_modules\lodash
README.md,0.01,C:\Program Files\Common Files\Adobe\Creative Cloud Libraries\js\node_modules\lru-cache
CHANGELOG.md,0.01,C:\Program Files\Common Files\Adobe\Creative Cloud Libraries\js\node_modules\mime
README.md,0.00,C:\Program Files\Common Files\Adobe\Creative Cloud Libraries\js\node_modules\mime
readme.md,0.00,C:\Program Files\Common Files\Adobe\Creative Cloud Libraries\js\node_modules\minimalistic-assert
README.md,0.01,C:\Program Files\Common Files\Adobe\Creative Cloud Libraries\js\node_modules\minimatch
CHANGELOG.md,0.02,C:\Program Files\Common Files\Adobe\Creative Cloud Libraries\js\node_modules\minimist
README.md,0.00,C:\Program Files\Common Files\Adobe\Creative Cloud Libraries\js\node_modules\minimist
CHANGELOG.md,0.04,C:\Program Files\Common Files\Adobe\Creative Cloud Libraries\js\node_modules\moment
README.md,0.00,C:\Program Files\Common Files\Adobe\Creative Cloud Libraries\js\node_modules\moment
license.md,0.00,C:\Program Files\Common Files\Adobe\Creative Cloud Libraries\js\node_modules\ms
readme.md,0.00,C:\Program Files\Common Files\Adobe\Creative Cloud Libraries\js\node_modules\ms
CHANGELOG.md,0.02,C:\Program Files\Common Files\Adobe\Creative Cloud Libraries\js\node_modules\nan
LICENSE.md,0.00,C:\Program Files\Common Files\Adobe\Creative Cloud Libraries\js\node_modules\nan
README.md,0.03,C:\Program Files\Common Files\Adobe\Creative Cloud Libraries\js\node_modules\nan
asyncworker.md,0.01,C:\Program Files\Common Files\Adobe\Creative Cloud Libraries\js\node_modules\nan\doc
buffers.md,0.00,C:\Program Files\Common Files\Adobe\Creative Cloud Libraries\js\node_modules\nan\doc
callback.md,0.00,C:\Program Files\Common Files\Adobe\Creative Cloud Libraries\js\node_modules\nan\doc
converters.md,0.00,C:\Program Files\Common Files\Adobe\Creative Cloud Libraries\js\node_modules\nan\doc
errors.md,0.01,C:\Program Files\Common Files\Adobe\Creative Cloud Libraries\js\node_modules\nan\doc
json.md,0.00,C:\Program Files\Common Files\Adobe\Creative Cloud Libraries\js\node_modules\nan\doc
maybe_types.md,0.02,C:\Program Files\Common Files\Adobe\Creative Cloud Libraries\js\node_modules\nan\doc
methods.md,0.03,C:\Program Files\Common Files\Adobe\Creative Cloud Libraries\js\node_modules\nan\doc
new.md,0.00,C:\Program Files\Common Files\Adobe\Creative Cloud Libraries\js\node_modules\nan\doc
node_misc.md,0.01,C:\Program Files\Common Files\Adobe\Creative Cloud Libraries\js\node_modules\nan\doc
object_wrappers.md,0.01,C:\Program Files\Common Files\Adobe\Creative Cloud Libraries\js\node_modules\nan\doc
persistent.md,0.01,C:\Program Files\Common Files\Adobe\Creative Cloud Libraries\js\node_modules\nan\doc
scopes.md,0.00,C:\Program Files\Common Files\Adobe\Creative Cloud Libraries\js\node_modules\nan\doc
script.md,0.00,C:\Program Files\Common Files\Adobe\Creative Cloud Libraries\js\node_modules\nan\doc
string_bytes.md,0.00,C:\Program Files\Common Files\Adobe\Creative Cloud Libraries\js\node_modules\nan\doc
v8_internals.md,0.01,C:\Program Files\Common Files\Adobe\Creative Cloud Libraries\js\node_modules\nan\doc
v8_misc.md,0.00,C:\Program Files\Common Files\Adobe\Creative Cloud Libraries\js\node_modules\nan\doc
README.md,0.00,C:\Program Files\Common Files\Adobe\Creative Cloud Libraries\js\node_modules\nan\tools
HISTORY.md,0.00,C:\Program Files\Common Files\Adobe\Creative Cloud Libraries\js\node_modules\negotiator
README.md,0.00,C:\Program Files\Common Files\Adobe\Creative Cloud Libraries\js\node_modules\negotiator
CHANGELOG.md,0.03,C:\Program Files\Common Files\Adobe\Creative Cloud Libraries\js\node_modules\object-inspect
README.md,0.00,C:\Program Files\Common Files\Adobe\Creative Cloud Libraries\js\node_modules\obuf
README.md,0.00,C:\Program Files\Common Files\Adobe\Creative Cloud Libraries\js\node_modules\on-exit-leak-free
HISTORY.md,0.00,C:\Program Files\Common Files\Adobe\Creative Cloud Libraries\js\node_modules\on-finished
README.md,0.00,C:\Program Files\Common Files\Adobe\Creative Cloud Libraries\js\node_modules\on-finished
README.md,0.00,C:\Program Files\Common Files\Adobe\Creative Cloud Libraries\js\node_modules\once
readme.md,0.00,C:\Program Files\Common Files\Adobe\Creative Cloud Libraries\js\node_modules\opn
CHANGELOG.md,0.00,C:\Program Files\Common Files\Adobe\Creative Cloud Libraries\js\node_modules\path-browserify
README.md,0.00,C:\Program Files\Common Files\Adobe\Creative Cloud Libraries\js\node_modules\path-browserify
security.md,0.00,C:\Program Files\Common Files\Adobe\Creative Cloud Libraries\js\node_modules\path-browserify
readme.md,0.00,C:\Program Files\Common Files\Adobe\Creative Cloud Libraries\js\node_modules\path-is-absolute
README.md,0.00,C:\Program Files\Common Files\Adobe\Creative Cloud Libraries\js\node_modules\pend
README.md,0.01,C:\Program Files\Common Files\Adobe\Creative Cloud Libraries\js\node_modules\pidusage
CONTRIBUTING.md,0.00,C:\Program Files\Common Files\Adobe\Creative Cloud Libraries\js\node_modules\pino
README.md,0.00,C:\Program Files\Common Files\Adobe\Creative Cloud Libraries\js\node_modules\pino
SECURITY.md,0.00,C:\Program Files\Common Files\Adobe\Creative Cloud Libraries\js\node_modules\pino
api.md,0.04,C:\Program Files\Common Files\Adobe\Creative Cloud Libraries\js\node_modules\pino\docs
asynchronous.md,0.00,C:\Program Files\Common Files\Adobe\Creative Cloud Libraries\js\node_modules\pino\docs
benchmarks.md,0.00,C:\Program Files\Common Files\Adobe\Creative Cloud Libraries\js\node_modules\pino\docs
browser.md,0.01,C:\Program Files\Common Files\Adobe\Creative Cloud Libraries\js\node_modules\pino\docs
bundling.md,0.00,C:\Program Files\Common Files\Adobe\Creative Cloud Libraries\js\node_modules\pino\docs
child-loggers.md,0.00,C:\Program Files\Common Files\Adobe\Creative Cloud Libraries\js\node_modules\pino\docs
ecosystem.md,0.00,C:\Program Files\Common Files\Adobe\Creative Cloud Libraries\js\node_modules\pino\docs
help.md,0.01,C:\Program Files\Common Files\Adobe\Creative Cloud Libraries\js\node_modules\pino\docs
lts.md,0.00,C:\Program Files\Common Files\Adobe\Creative Cloud Libraries\js\node_modules\pino\docs
pretty.md,0.00,C:\Program Files\Common Files\Adobe\Creative Cloud Libraries\js\node_modules\pino\docs
redaction.md,0.00,C:\Program Files\Common Files\Adobe\Creative Cloud Libraries\js\node_modules\pino\docs
transports.md,0.03,C:\Program Files\Common Files\Adobe\Creative Cloud Libraries\js\node_modules\pino\docs
web.md,0.00,C:\Program Files\Common Files\Adobe\Creative Cloud Libraries\js\node_modules\pino\docs
sidebar.md,0.00,C:\Program Files\Common Files\Adobe\Creative Cloud Libraries\js\node_modules\pino\docsify
Readme.md,0.01,C:\Program Files\Common Files\Adobe\Creative Cloud Libraries\js\node_modules\pino-std-serializers
license.md,0.00,C:\Program Files\Common Files\Adobe\Creative Cloud Libraries\js\node_modules\process-nextick-args
readme.md,0.00,C:\Program Files\Common Files\Adobe\Creative Cloud Libraries\js\node_modules\process-nextick-args
README.md,0.00,C:\Program Files\Common Files\Adobe\Creative Cloud Libraries\js\node_modules\punycode
CHANGELOG.md,0.01,C:\Program Files\Common Files\Adobe\Creative Cloud Libraries\js\node_modules\qs
LICENSE.md,0.00,C:\Program Files\Common Files\Adobe\Creative Cloud Libraries\js\node_modules\qs
README.md,0.02,C:\Program Files\Common Files\Adobe\Creative Cloud Libraries\js\node_modules\qs
readme.md,0.01,C:\Program Files\Common Files\Adobe\Creative Cloud Libraries\js\node_modules\queue
readme.md,0.00,C:\Program Files\Common Files\Adobe\Creative Cloud Libraries\js\node_modules\quick-format-unescaped
HISTORY.md,0.00,C:\Program Files\Common Files\Adobe\Creative Cloud Libraries\js\node_modules\range-parser
README.md,0.00,C:\Program Files\Common Files\Adobe\Creative Cloud Libraries\js\node_modules\range-parser
CONTRIBUTING.md,0.00,C:\Program Files\Common Files\Adobe\Creative Cloud Libraries\js\node_modules\readable-stream
GOVERNANCE.md,0.01,C:\Program Files\Common Files\Adobe\Creative Cloud Libraries\js\node_modules\readable-stream
README.md,0.00,C:\Program Files\Common Files\Adobe\Creative Cloud Libraries\js\node_modules\readable-stream
CHANGELOG.md,0.00,C:\Program Files\Common Files\Adobe\Creative Cloud Libraries\js\node_modules\restify-errors
CHANGES.md,0.00,C:\Program Files\Common Files\Adobe\Creative Cloud Libraries\js\node_modules\restify-errors
README.md,0.02,C:\Program Files\Common Files\Adobe\Creative Cloud Libraries\js\node_modules\restify-errors
README.md,0.00,C:\Program Files\Common Files\Adobe\Creative Cloud Libraries\js\node_modules\ret
CHANGELOG.md,0.00,C:\Program Files\Common Files\Adobe\Creative Cloud Libraries\js\node_modules\rimraf
README.md,0.00,C:\Program Files\Common Files\Adobe\Creative Cloud Libraries\js\node_modules\rimraf
README.md,0.02,C:\Program Files\Common Files\Adobe\Creative Cloud Libraries\js\node_modules\safe-buffer
README.md,0.00,C:\Program Files\Common Files\Adobe\Creative Cloud Libraries\js\node_modules\safe-json-stringify
README.md,0.00,C:\Program Files\Common Files\Adobe\Creative Cloud Libraries\js\node_modules\safe-regex2\node_modules\ret
readme.md,0.01,C:\Program Files\Common Files\Adobe\Creative Cloud Libraries\js\node_modules\safe-stable-stringify
Porting-Buffer.md,0.01,C:\Program Files\Common Files\Adobe\Creative Cloud Libraries\js\node_modules\safer-buffer
Readme.md,0.01,C:\Program Files\Common Files\Adobe\Creative Cloud Libraries\js\node_modules\safer-buffer
README.md,0.01,C:\Program Files\Common Files\Adobe\Creative Cloud Libraries\js\node_modules\sax
README.md,0.00,C:\Program Files\Common Files\Adobe\Creative Cloud Libraries\js\node_modules\select-hose
README.md,0.02,C:\Program Files\Common Files\Adobe\Creative Cloud Libraries\js\node_modules\semver
HISTORY.md,0.01,C:\Program Files\Common Files\Adobe\Creative Cloud Libraries\js\node_modules\send
README.md,0.01,C:\Program Files\Common Files\Adobe\Creative Cloud Libraries\js\node_modules\send
SECURITY.md,0.00,C:\Program Files\Common Files\Adobe\Creative Cloud Libraries\js\node_modules\send
CHANGELOG.md,0.01,C:\Program Files\Common Files\Adobe\Creative Cloud Libraries\js\node_modules\send\node_modules\debug
README.md,0.02,C:\Program Files\Common Files\Adobe\Creative Cloud Libraries\js\node_modules\send\node_modules\debug
license.md,0.00,C:\Program Files\Common Files\Adobe\Creative Cloud Libraries\js\node_modules\send\node_modules\debug\node_modules\ms
readme.md,0.00,C:\Program Files\Common Files\Adobe\Creative Cloud Libraries\js\node_modules\send\node_modules\debug\node_modules\ms
CHANGELOG.md,0.01,C:\Program Files\Common Files\Adobe\Creative Cloud Libraries\js\node_modules\send\node_modules\mime
README.md,0.00,C:\Program Files\Common Files\Adobe\Creative Cloud Libraries\js\node_modules\send\node_modules\mime
license.md,0.00,C:\Program Files\Common Files\Adobe\Creative Cloud Libraries\js\node_modules\send\node_modules\ms
readme.md,0.00,C:\Program Files\Common Files\Adobe\Creative Cloud Libraries\js\node_modules\send\node_modules\ms
README.md,0.00,C:\Program Files\Common Files\Adobe\Creative Cloud Libraries\js\node_modules\setprototypeof
CHANGELOG.md,0.01,C:\Program Files\Common Files\Adobe\Creative Cloud Libraries\js\node_modules\side-channel
README.md,0.00,C:\Program Files\Common Files\Adobe\Creative Cloud Libraries\js\node_modules\side-channel
README.md,0.00,C:\Program Files\Common Files\Adobe\Creative Cloud Libraries\js\node_modules\sonic-boom
README.md,0.01,C:\Program Files\Common Files\Adobe\Creative Cloud Libraries\js\node_modules\spdy
README.md,0.00,C:\Program Files\Common Files\Adobe\Creative Cloud Libraries\js\node_modules\spdy-transport
README.md,0.02,C:\Program Files\Common Files\Adobe\Creative Cloud Libraries\js\node_modules\sshpk
HISTORY.md,0.00,C:\Program Files\Common Files\Adobe\Creative Cloud Libraries\js\node_modules\statuses
README.md,0.00,C:\Program Files\Common Files\Adobe\Creative Cloud Libraries\js\node_modules\statuses
README.md,0.00,C:\Program Files\Common Files\Adobe\Creative Cloud Libraries\js\node_modules\stream-transform
README.md,0.00,C:\Program Files\Common Files\Adobe\Creative Cloud Libraries\js\node_modules\string_decoder
README.md,0.00,C:\Program Files\Common Files\Adobe\Creative Cloud Libraries\js\node_modules\thread-stream
HISTORY.md,0.00,C:\Program Files\Common Files\Adobe\Creative Cloud Libraries\js\node_modules\toidentifier
README.md,0.00,C:\Program Files\Common Files\Adobe\Creative Cloud Libraries\js\node_modules\toidentifier
AUTHORS.md,0.00,C:\Program Files\Common Files\Adobe\Creative Cloud Libraries\js\node_modules\tweetnacl
CHANGELOG.md,0.01,C:\Program Files\Common Files\Adobe\Creative Cloud Libraries\js\node_modules\tweetnacl
PULL_REQUEST_TEMPLATE.md,0.00,C:\Program Files\Common Files\Adobe\Creative Cloud Libraries\js\node_modules\tweetnacl
README.md,0.01,C:\Program Files\Common Files\Adobe\Creative Cloud Libraries\js\node_modules\tweetnacl
README.md,0.00,C:\Program Files\Common Files\Adobe\Creative Cloud Libraries\js\node_modules\universalify
History.md,0.00,C:\Program Files\Common Files\Adobe\Creative Cloud Libraries\js\node_modules\util-deprecate
README.md,0.00,C:\Program Files\Common Files\Adobe\Creative Cloud Libraries\js\node_modules\util-deprecate
CHANGELOG.md,0.01,C:\Program Files\Common Files\Adobe\Creative Cloud Libraries\js\node_modules\uuid
CONTRIBUTING.md,0.00,C:\Program Files\Common Files\Adobe\Creative Cloud Libraries\js\node_modules\uuid
LICENSE.md,0.00,C:\Program Files\Common Files\Adobe\Creative Cloud Libraries\js\node_modules\uuid
README.md,0.02,C:\Program Files\Common Files\Adobe\Creative Cloud Libraries\js\node_modules\uuid
CHANGES.md,0.00,C:\Program Files\Common Files\Adobe\Creative Cloud Libraries\js\node_modules\vasync
README.md,0.02,C:\Program Files\Common Files\Adobe\Creative Cloud Libraries\js\node_modules\vasync
CHANGES.md,0.00,C:\Program Files\Common Files\Adobe\Creative Cloud Libraries\js\node_modules\verror
CONTRIBUTING.md,0.00,C:\Program Files\Common Files\Adobe\Creative Cloud Libraries\js\node_modules\verror
README.md,0.02,C:\Program Files\Common Files\Adobe\Creative Cloud Libraries\js\node_modules\verror
README.md,0.00,C:\Program Files\Common Files\Adobe\Creative Cloud Libraries\js\node_modules\wbuf
README.md,0.00,C:\Program Files\Common Files\Adobe\Creative Cloud Libraries\js\node_modules\wrappy
README.md,0.01,C:\Program Files\Common Files\Adobe\Creative Cloud Libraries\js\node_modules\ws
README.md,0.02,C:\Program Files\Common Files\Adobe\Creative Cloud Libraries\js\node_modules\xml2js
CHANGELOG.md,0.02,C:\Program Files\Common Files\Adobe\Creative Cloud Libraries\js\node_modules\xmlbuilder
README.md,0.00,C:\Program Files\Common Files\Adobe\Creative Cloud Libraries\js\node_modules\xmlbuilder
README.md,0.00,C:\Program Files\Common Files\Adobe\Creative Cloud Libraries\js\node_modules\yallist
README.md,0.03,C:\Program Files\Common Files\Adobe\Creative Cloud Libraries\js\node_modules\yauzl
README.md,0.02,C:\Program Files\Common Files\Adobe\Creative Cloud Libraries\js\node_modules\yazl
README.md,0.01,C:\Program Files\Common Files\Adobe\UXP\extensions\com.adobe.ccx.start-9.1.0\uxp-plugin-account-menu-trigger
README.md,0.00,C:\Program Files\Common Files\Adobe\UXP\extensions\com.adobe.ccx.start-9.1.0\uxp-plugin-account-menu-trigger\node_modules\@intl\adobe-locales
README.md,0.01,C:\Program Files\Common Files\Adobe\UXP\extensions\com.adobe.ccx.start-9.1.1\uxp-plugin-account-menu-trigger
README.md,0.00,C:\Program Files\Common Files\Adobe\UXP\extensions\com.adobe.ccx.start-9.1.1\uxp-plugin-account-menu-trigger\node_modules\@intl\adobe-locales
aes.md,0.00,C:\Program Files\JetBrains\PyCharm 2026.1.2\jbr\legal\java.base
c-libutl.md,0.00,C:\Program Files\JetBrains\PyCharm 2026.1.2\jbr\legal\java.base
cldr.md,0.01,C:\Program Files\JetBrains\PyCharm 2026.1.2\jbr\legal\java.base
icu.md,0.00,C:\Program Files\JetBrains\PyCharm 2026.1.2\jbr\legal\java.base
public_suffix.md,0.02,C:\Program Files\JetBrains\PyCharm 2026.1.2\jbr\legal\java.base
siphash.md,0.01,C:\Program Files\JetBrains\PyCharm 2026.1.2\jbr\legal\java.base
unicode.md,0.01,C:\Program Files\JetBrains\PyCharm 2026.1.2\jbr\legal\java.base
wepoll.md,0.00,C:\Program Files\JetBrains\PyCharm 2026.1.2\jbr\legal\java.base
zlib.md,0.00,C:\Program Files\JetBrains\PyCharm 2026.1.2\jbr\legal\java.base
colorimaging.md,0.00,C:\Program Files\JetBrains\PyCharm 2026.1.2\jbr\legal\java.desktop
freetype.md,0.03,C:\Program Files\JetBrains\PyCharm 2026.1.2\jbr\legal\java.desktop
giflib.md,0.00,C:\Program Files\JetBrains\PyCharm 2026.1.2\jbr\legal\java.desktop
harfbuzz.md,0.00,C:\Program Files\JetBrains\PyCharm 2026.1.2\jbr\legal\java.desktop
jpeg.md,0.00,C:\Program Files\JetBrains\PyCharm 2026.1.2\jbr\legal\java.desktop
lcms.md,0.00,C:\Program Files\JetBrains\PyCharm 2026.1.2\jbr\legal\java.desktop
libpng.md,0.01,C:\Program Files\JetBrains\PyCharm 2026.1.2\jbr\legal\java.desktop
mesa3d.md,0.01,C:\Program Files\JetBrains\PyCharm 2026.1.2\jbr\legal\java.desktop
bcel.md,0.01,C:\Program Files\JetBrains\PyCharm 2026.1.2\jbr\legal\java.xml
dom.md,0.00,C:\Program Files\JetBrains\PyCharm 2026.1.2\jbr\legal\java.xml
jcup.md,0.00,C:\Program Files\JetBrains\PyCharm 2026.1.2\jbr\legal\java.xml
schema10part1.md,0.00,C:\Program Files\JetBrains\PyCharm 2026.1.2\jbr\legal\java.xml
schema10part2.md,0.00,C:\Program Files\JetBrains\PyCharm 2026.1.2\jbr\legal\java.xml
xalan.md,0.01,C:\Program Files\JetBrains\PyCharm 2026.1.2\jbr\legal\java.xml
xerces.md,0.01,C:\Program Files\JetBrains\PyCharm 2026.1.2\jbr\legal\java.xml
xhtml10.md,0.00,C:\Program Files\JetBrains\PyCharm 2026.1.2\jbr\legal\java.xml
xhtml10schema.md,0.01,C:\Program Files\JetBrains\PyCharm 2026.1.2\jbr\legal\java.xml
xhtml11.md,0.00,C:\Program Files\JetBrains\PyCharm 2026.1.2\jbr\legal\java.xml
xhtml11schema.md,0.00,C:\Program Files\JetBrains\PyCharm 2026.1.2\jbr\legal\java.xml
xmlspec.md,0.00,C:\Program Files\JetBrains\PyCharm 2026.1.2\jbr\legal\java.xml
xmlxsd.md,0.00,C:\Program Files\JetBrains\PyCharm 2026.1.2\jbr\legal\java.xml
santuario.md,0.01,C:\Program Files\JetBrains\PyCharm 2026.1.2\jbr\legal\java.xml.crypto
pkcs11cryptotoken.md,0.00,C:\Program Files\JetBrains\PyCharm 2026.1.2\jbr\legal\jdk.crypto.cryptoki
pkcs11wrapper.md,0.00,C:\Program Files\JetBrains\PyCharm 2026.1.2\jbr\legal\jdk.crypto.cryptoki
dynalink.md,0.00,C:\Program Files\JetBrains\PyCharm 2026.1.2\jbr\legal\jdk.dynalink
jline.md,0.00,C:\Program Files\JetBrains\PyCharm 2026.1.2\jbr\legal\jdk.internal.le
commonmark.md,0.00,C:\Program Files\JetBrains\PyCharm 2026.1.2\jbr\legal\jdk.internal.md
jopt-simple.md,0.00,C:\Program Files\JetBrains\PyCharm 2026.1.2\jbr\legal\jdk.internal.opt
dejavufonts.md,0.01,C:\Program Files\JetBrains\PyCharm 2026.1.2\jbr\legal\jdk.javadoc
highlightjs.md,0.00,C:\Program Files\JetBrains\PyCharm 2026.1.2\jbr\legal\jdk.javadoc
jquery.md,0.00,C:\Program Files\JetBrains\PyCharm 2026.1.2\jbr\legal\jdk.javadoc
jqueryUI.md,0.00,C:\Program Files\JetBrains\PyCharm 2026.1.2\jbr\legal\jdk.javadoc
cldr.md,0.00,C:\Program Files\JetBrains\PyCharm 2026.1.2\jbr\legal\jdk.localedata
thaidict.md,0.00,C:\Program Files\JetBrains\PyCharm 2026.1.2\jbr\legal\jdk.localedata
CHANGELOG.md,0.00,C:\Program Files\JetBrains\PyCharm 2026.1.2\plugins\javascript-plugin\helpers\package-version-range-matcher\node_modules\semver
README.md,0.02,C:\Program Files\JetBrains\PyCharm 2026.1.2\plugins\javascript-plugin\helpers\package-version-range-matcher\node_modules\semver
!HowToUpdateBundledTypeScript.md,0.00,C:\Program Files\JetBrains\PyCharm 2026.1.2\plugins\javascript-plugin\jsLanguageServicesImpl\external
README.md,0.00,C:\Program Files\JetBrains\PyCharm 2026.1.2\plugins\karma\js_reporter\karma-intellij
README.md,0.00,C:\Program Files\JetBrains\PyCharm 2026.1.2\plugins\nodeJS\js\mocha-intellij
!HOW_TO_UPDATE.md,0.00,C:\Program Files\JetBrains\PyCharm 2026.1.2\plugins\nodeJS\js\ts-file-loader
LICENSE.md,0.00,C:\Program Files\JetBrains\PyCharm 2026.1.2\plugins\nodeJS\js\ts-file-loader\node_modules\esbuild
README.md,0.00,C:\Program Files\JetBrains\PyCharm 2026.1.2\plugins\nodeJS\js\ts-file-loader\node_modules\esbuild
README.md,0.01,C:\Program Files\JetBrains\PyCharm 2026.1.2\plugins\nodeJS\js\ts-file-loader\node_modules\get-tsconfig
README.md,0.01,C:\Program Files\JetBrains\PyCharm 2026.1.2\plugins\nodeJS\js\ts-file-loader\node_modules\resolve-pkg-maps
README.md,0.00,C:\Program Files\JetBrains\PyCharm 2026.1.2\plugins\nodeJS\js\ts-file-loader\node_modules\tsx
README.md,0.00,C:\Program Files\JetBrains\PyCharm 2026.1.2\plugins\python-ce\helpers\debugpy\_vendored\pydevd
README.md,0.00,C:\Program Files\JetBrains\PyCharm 2026.1.2\plugins\python-ce\helpers\debugpy\_vendored\pydevd\pydevd_plugins\extensions
best_practices.md,0.01,C:\Program Files\JetBrains\PyCharm 2026.1.2\plugins\python-ce\helpers\generator3\_vendor\pyparsing\ai
README.md,0.00,C:\Program Files\JetBrains\PyCharm 2026.1.2\plugins\python-ce\helpers\pydev
README.md,0.00,C:\Program Files\JetBrains\PyCharm 2026.1.2\plugins\python-ce\helpers\pydev\pydevd_plugins\extensions
README.md,0.00,C:\Program Files\JetBrains\PyCharm 2026.1.2\plugins\python-ce\helpers\third_party\thriftpy
CONTRIBUTING.md,0.02,C:\Program Files\JetBrains\PyCharm 2026.1.2\plugins\python-ce\helpers\typeshed
MAINTAINERS.md,0.00,C:\Program Files\JetBrains\PyCharm 2026.1.2\plugins\python-ce\helpers\typeshed
README.md,0.01,C:\Program Files\JetBrains\PyCharm 2026.1.2\plugins\python-ce\helpers\typeshed
README.md,0.00,C:\Program Files\JetBrains\PyCharm 2026.1.2\plugins\python-ce\helpers\typeshed\stdlib\_typeshed
README.md,0.02,C:\Program Files\JetBrains\PyCharm 2026.1.2\plugins\textmate-plugin\lib\bundles\adoc
README.md,0.00,C:\Program Files\JetBrains\PyCharm 2026.1.2\plugins\textmate-plugin\lib\bundles\cmake
README.md,0.00,C:\Program Files\JetBrains\PyCharm 2026.1.2\plugins\textmate-plugin\lib\bundles\git-base
README.md,0.00,C:\Program Files\JetBrains\PyCharm 2026.1.2\plugins\textmate-plugin\lib\bundles\hcl
Readme.md,0.00,C:\Program Files\JetBrains\PyCharm 2026.1.2\plugins\textmate-plugin\lib\bundles\javascript\syntaxes
README.md,0.00,C:\Program Files\JetBrains\PyCharm 2026.1.2\plugins\textmate-plugin\lib\bundles\jsp
README.md,0.00,C:\Program Files\JetBrains\PyCharm 2026.1.2\plugins\textmate-plugin\lib\bundles\markdown-math
README.md,0.00,C:\Program Files\JetBrains\PyCharm 2026.1.2\plugins\textmate-plugin\lib\bundles\search-result
LICENSE.md,0.00,C:\Program Files\JetBrains\PyCharm 2026.1.2\plugins\textmate-plugin\lib\bundles\swift
README.md,0.03,C:\Program Files\JetBrains\PyCharm 2026.1.2\plugins\textmate-plugin\lib\bundles\terraform
LICENSE.md,0.00,C:\Program Files\JetBrains\PyCharm 2026.1.2\plugins\textmate-plugin\lib\bundles\twig
README.md,0.01,C:\Program Files\JetBrains\PyCharm 2026.1.2\plugins\textmate-plugin\lib\bundles\twig
Readme.md,0.00,C:\Program Files\JetBrains\PyCharm 2026.1.2\plugins\textmate-plugin\lib\bundles\typescript-basics\syntaxes
README.md,0.00,C:\Program Files\JetBrains\PyCharm 2026.1.2\plugins\vuejs-plugin\vue-language-tools
README.md,0.00,C:\Program Files\JetBrains\PyCharm 2026.1.2\plugins\vuejs-plugin\vue-language-tools\language-server
README.md,0.00,C:\Program Files\JetBrains\PyCharm 2026.1.2\plugins\vuejs-plugin\vue-language-tools\typescript-plugin
README_f85349c8e9da785e04b7b850333b0b68.md,0.00,C:\Program Files\Microsoft Office\root\Office16\sdxs\FA000000194\OfflineFiles
README.md,0.02,C:\Program Files\Neovim\share\nvim\runtime\pack\dist\opt\netrw
CHANGELOG.md,0.03,C:\Program Files\nodejs\node_modules\corepack
LICENSE.md,0.00,C:\Program Files\nodejs\node_modules\corepack
README.md,0.02,C:\Program Files\nodejs\node_modules\corepack
README.md,0.00,C:\Program Files\nodejs\node_modules\npm
npm-access.md,0.00,C:\Program Files\nodejs\node_modules\npm\docs\content\commands
npm-adduser.md,0.00,C:\Program Files\nodejs\node_modules\npm\docs\content\commands
npm-audit.md,0.02,C:\Program Files\nodejs\node_modules\npm\docs\content\commands
npm-bugs.md,0.00,C:\Program Files\nodejs\node_modules\npm\docs\content\commands
npm-cache.md,0.00,C:\Program Files\nodejs\node_modules\npm\docs\content\commands
npm-ci.md,0.01,C:\Program Files\nodejs\node_modules\npm\docs\content\commands
npm-completion.md,0.00,C:\Program Files\nodejs\node_modules\npm\docs\content\commands
npm-config.md,0.00,C:\Program Files\nodejs\node_modules\npm\docs\content\commands
npm-dedupe.md,0.01,C:\Program Files\nodejs\node_modules\npm\docs\content\commands
npm-deprecate.md,0.00,C:\Program Files\nodejs\node_modules\npm\docs\content\commands
npm-diff.md,0.01,C:\Program Files\nodejs\node_modules\npm\docs\content\commands
npm-dist-tag.md,0.01,C:\Program Files\nodejs\node_modules\npm\docs\content\commands
npm-docs.md,0.00,C:\Program Files\nodejs\node_modules\npm\docs\content\commands
npm-doctor.md,0.00,C:\Program Files\nodejs\node_modules\npm\docs\content\commands
npm-edit.md,0.00,C:\Program Files\nodejs\node_modules\npm\docs\content\commands
npm-exec.md,0.01,C:\Program Files\nodejs\node_modules\npm\docs\content\commands
npm-explain.md,0.00,C:\Program Files\nodejs\node_modules\npm\docs\content\commands
npm-explore.md,0.00,C:\Program Files\nodejs\node_modules\npm\docs\content\commands
npm-find-dupes.md,0.01,C:\Program Files\nodejs\node_modules\npm\docs\content\commands
npm-fund.md,0.00,C:\Program Files\nodejs\node_modules\npm\docs\content\commands
npm-get.md,0.00,C:\Program Files\nodejs\node_modules\npm\docs\content\commands
npm-help-search.md,0.00,C:\Program Files\nodejs\node_modules\npm\docs\content\commands
npm-help.md,0.00,C:\Program Files\nodejs\node_modules\npm\docs\content\commands
npm-init.md,0.01,C:\Program Files\nodejs\node_modules\npm\docs\content\commands
npm-install-ci-test.md,0.01,C:\Program Files\nodejs\node_modules\npm\docs\content\commands
npm-install-test.md,0.01,C:\Program Files\nodejs\node_modules\npm\docs\content\commands
npm-install.md,0.03,C:\Program Files\nodejs\node_modules\npm\docs\content\commands
npm-link.md,0.01,C:\Program Files\nodejs\node_modules\npm\docs\content\commands
npm-ll.md,0.01,C:\Program Files\nodejs\node_modules\npm\docs\content\commands
npm-login.md,0.00,C:\Program Files\nodejs\node_modules\npm\docs\content\commands
npm-logout.md,0.00,C:\Program Files\nodejs\node_modules\npm\docs\content\commands
npm-ls.md,0.01,C:\Program Files\nodejs\node_modules\npm\docs\content\commands
npm-org.md,0.00,C:\Program Files\nodejs\node_modules\npm\docs\content\commands
npm-outdated.md,0.01,C:\Program Files\nodejs\node_modules\npm\docs\content\commands
npm-owner.md,0.00,C:\Program Files\nodejs\node_modules\npm\docs\content\commands
npm-pack.md,0.00,C:\Program Files\nodejs\node_modules\npm\docs\content\commands
npm-ping.md,0.00,C:\Program Files\nodejs\node_modules\npm\docs\content\commands
npm-pkg.md,0.01,C:\Program Files\nodejs\node_modules\npm\docs\content\commands
npm-prefix.md,0.00,C:\Program Files\nodejs\node_modules\npm\docs\content\commands
npm-profile.md,0.00,C:\Program Files\nodejs\node_modules\npm\docs\content\commands
npm-prune.md,0.01,C:\Program Files\nodejs\node_modules\npm\docs\content\commands
npm-publish.md,0.01,C:\Program Files\nodejs\node_modules\npm\docs\content\commands
npm-query.md,0.01,C:\Program Files\nodejs\node_modules\npm\docs\content\commands
npm-rebuild.md,0.00,C:\Program Files\nodejs\node_modules\npm\docs\content\commands
npm-repo.md,0.00,C:\Program Files\nodejs\node_modules\npm\docs\content\commands
npm-restart.md,0.00,C:\Program Files\nodejs\node_modules\npm\docs\content\commands
npm-root.md,0.00,C:\Program Files\nodejs\node_modules\npm\docs\content\commands
npm-run.md,0.01,C:\Program Files\nodejs\node_modules\npm\docs\content\commands
npm-sbom.md,0.01,C:\Program Files\nodejs\node_modules\npm\docs\content\commands
npm-search.md,0.00,C:\Program Files\nodejs\node_modules\npm\docs\content\commands
npm-set.md,0.00,C:\Program Files\nodejs\node_modules\npm\docs\content\commands
npm-shrinkwrap.md,0.00,C:\Program Files\nodejs\node_modules\npm\docs\content\commands
npm-star.md,0.00,C:\Program Files\nodejs\node_modules\npm\docs\content\commands
npm-stars.md,0.00,C:\Program Files\nodejs\node_modules\npm\docs\content\commands
npm-start.md,0.00,C:\Program Files\nodejs\node_modules\npm\docs\content\commands
npm-stop.md,0.00,C:\Program Files\nodejs\node_modules\npm\docs\content\commands
npm-team.md,0.00,C:\Program Files\nodejs\node_modules\npm\docs\content\commands
npm-test.md,0.00,C:\Program Files\nodejs\node_modules\npm\docs\content\commands
npm-token.md,0.00,C:\Program Files\nodejs\node_modules\npm\docs\content\commands
npm-trust.md,0.01,C:\Program Files\nodejs\node_modules\npm\docs\content\commands
npm-undeprecate.md,0.00,C:\Program Files\nodejs\node_modules\npm\docs\content\commands
npm-uninstall.md,0.00,C:\Program Files\nodejs\node_modules\npm\docs\content\commands
npm-unpublish.md,0.00,C:\Program Files\nodejs\node_modules\npm\docs\content\commands
npm-unstar.md,0.00,C:\Program Files\nodejs\node_modules\npm\docs\content\commands
npm-update.md,0.01,C:\Program Files\nodejs\node_modules\npm\docs\content\commands
npm-version.md,0.01,C:\Program Files\nodejs\node_modules\npm\docs\content\commands
npm-view.md,0.01,C:\Program Files\nodejs\node_modules\npm\docs\content\commands
npm-whoami.md,0.00,C:\Program Files\nodejs\node_modules\npm\docs\content\commands
npm.md,0.01,C:\Program Files\nodejs\node_modules\npm\docs\content\commands
npx.md,0.01,C:\Program Files\nodejs\node_modules\npm\docs\content\commands
folders.md,0.01,C:\Program Files\nodejs\node_modules\npm\docs\content\configuring-npm
install.md,0.00,C:\Program Files\nodejs\node_modules\npm\docs\content\configuring-npm
npm-shrinkwrap-json.md,0.00,C:\Program Files\nodejs\node_modules\npm\docs\content\configuring-npm
npmrc.md,0.01,C:\Program Files\nodejs\node_modules\npm\docs\content\configuring-npm
package-json.md,0.04,C:\Program Files\nodejs\node_modules\npm\docs\content\configuring-npm
package-lock-json.md,0.01,C:\Program Files\nodejs\node_modules\npm\docs\content\configuring-npm
config.md,0.05,C:\Program Files\nodejs\node_modules\npm\docs\content\using-npm
dependency-selectors.md,0.01,C:\Program Files\nodejs\node_modules\npm\docs\content\using-npm
developers.md,0.01,C:\Program Files\nodejs\node_modules\npm\docs\content\using-npm
logging.md,0.00,C:\Program Files\nodejs\node_modules\npm\docs\content\using-npm
orgs.md,0.00,C:\Program Files\nodejs\node_modules\npm\docs\content\using-npm
package-spec.md,0.00,C:\Program Files\nodejs\node_modules\npm\docs\content\using-npm
registry.md,0.00,C:\Program Files\nodejs\node_modules\npm\docs\content\using-npm
removal.md,0.00,C:\Program Files\nodejs\node_modules\npm\docs\content\using-npm
scope.md,0.01,C:\Program Files\nodejs\node_modules\npm\docs\content\using-npm
scripts.md,0.01,C:\Program Files\nodejs\node_modules\npm\docs\content\using-npm
workspaces.md,0.01,C:\Program Files\nodejs\node_modules\npm\docs\content\using-npm
LICENSE.md,0.00,C:\Program Files\nodejs\node_modules\npm\node_modules\@npmcli\arborist
README.md,0.02,C:\Program Files\nodejs\node_modules\npm\node_modules\@npmcli\arborist
README.md,0.01,C:\Program Files\nodejs\node_modules\npm\node_modules\@npmcli\config
LICENSE.md,0.00,C:\Program Files\nodejs\node_modules\npm\node_modules\@npmcli\fs
README.md,0.00,C:\Program Files\nodejs\node_modules\npm\node_modules\@npmcli\installed-package-contents
LICENSE.md,0.00,C:\Program Files\nodejs\node_modules\npm\node_modules\@npmcli\map-workspaces
LICENSE.md,0.00,C:\Program Files\nodejs\node_modules\npm\node_modules\balanced-match
LICENSE.md,0.00,C:\Program Files\nodejs\node_modules\npm\node_modules\cacache
LICENSE.md,0.00,C:\Program Files\nodejs\node_modules\npm\node_modules\chownr
LICENSE.md,0.00,C:\Program Files\nodejs\node_modules\npm\node_modules\common-ancestor-path
README.md,0.01,C:\Program Files\nodejs\node_modules\npm\node_modules\cssesc
CONTRIBUTING.md,0.00,C:\Program Files\nodejs\node_modules\npm\node_modules\diff
release-notes.md,0.04,C:\Program Files\nodejs\node_modules\npm\node_modules\diff
LICENSE.md,0.00,C:\Program Files\nodejs\node_modules\npm\node_modules\fastest-levenshtein
LICENSE.md,0.00,C:\Program Files\nodejs\node_modules\npm\node_modules\glob
LICENSE.md,0.00,C:\Program Files\nodejs\node_modules\npm\node_modules\init-package-json
LICENSE.md,0.00,C:\Program Files\nodejs\node_modules\npm\node_modules\isexe
LICENSE.md,0.00,C:\Program Files\nodejs\node_modules\npm\node_modules\json-parse-even-better-errors
README.md,0.00,C:\Program Files\nodejs\node_modules\npm\node_modules\libnpmaccess
README.md,0.00,C:\Program Files\nodejs\node_modules\npm\node_modules\libnpmdiff
README.md,0.00,C:\Program Files\nodejs\node_modules\npm\node_modules\libnpmexec
README.md,0.00,C:\Program Files\nodejs\node_modules\npm\node_modules\libnpmfund
README.md,0.00,C:\Program Files\nodejs\node_modules\npm\node_modules\libnpmorg
README.md,0.00,C:\Program Files\nodejs\node_modules\npm\node_modules\libnpmpack
README.md,0.00,C:\Program Files\nodejs\node_modules\npm\node_modules\libnpmpublish
README.md,0.01,C:\Program Files\nodejs\node_modules\npm\node_modules\libnpmsearch
README.md,0.00,C:\Program Files\nodejs\node_modules\npm\node_modules\libnpmteam
README.md,0.01,C:\Program Files\nodejs\node_modules\npm\node_modules\libnpmversion
LICENSE.md,0.00,C:\Program Files\nodejs\node_modules\npm\node_modules\lru-cache
LICENSE.md,0.00,C:\Program Files\nodejs\node_modules\npm\node_modules\minimatch
LICENSE.md,0.00,C:\Program Files\nodejs\node_modules\npm\node_modules\minipass
LICENSE.md,0.00,C:\Program Files\nodejs\node_modules\npm\node_modules\minipass-flush
license.md,0.00,C:\Program Files\nodejs\node_modules\npm\node_modules\ms
HISTORY.md,0.00,C:\Program Files\nodejs\node_modules\npm\node_modules\negotiator
CHANGELOG.md,0.12,C:\Program Files\nodejs\node_modules\npm\node_modules\node-gyp
CODE_OF_CONDUCT.md,0.00,C:\Program Files\nodejs\node_modules\npm\node_modules\node-gyp
CONTRIBUTING.md,0.00,C:\Program Files\nodejs\node_modules\npm\node_modules\node-gyp
README.md,0.01,C:\Program Files\nodejs\node_modules\npm\node_modules\node-gyp
SECURITY.md,0.00,C:\Program Files\nodejs\node_modules\npm\node_modules\node-gyp
GypVsCMake.md,0.01,C:\Program Files\nodejs\node_modules\npm\node_modules\node-gyp\gyp\docs
Hacking.md,0.00,C:\Program Files\nodejs\node_modules\npm\node_modules\node-gyp\gyp\docs
InputFormatReference.md,0.04,C:\Program Files\nodejs\node_modules\npm\node_modules\node-gyp\gyp\docs
LanguageSpecification.md,0.02,C:\Program Files\nodejs\node_modules\npm\node_modules\node-gyp\gyp\docs
README.md,0.00,C:\Program Files\nodejs\node_modules\npm\node_modules\node-gyp\gyp\docs
Testing.md,0.01,C:\Program Files\nodejs\node_modules\npm\node_modules\node-gyp\gyp\docs
UserDocumentation.md,0.03,C:\Program Files\nodejs\node_modules\npm\node_modules\node-gyp\gyp\docs
README.md,0.01,C:\Program Files\nodejs\node_modules\npm\node_modules\nopt
LICENSE.md,0.00,C:\Program Files\nodejs\node_modules\npm\node_modules\npm-pick-manifest
LICENSE.md,0.00,C:\Program Files\nodejs\node_modules\npm\node_modules\npm-profile
LICENSE.md,0.00,C:\Program Files\nodejs\node_modules\npm\node_modules\npm-registry-fetch
README.md,0.01,C:\Program Files\nodejs\node_modules\npm\node_modules\pacote
LICENSE.md,0.00,C:\Program Files\nodejs\node_modules\npm\node_modules\parse-conflict-json
LICENSE.md,0.00,C:\Program Files\nodejs\node_modules\npm\node_modules\path-scurry
API.md,0.02,C:\Program Files\nodejs\node_modules\npm\node_modules\postcss-selector-parser
README.md,0.00,C:\Program Files\nodejs\node_modules\npm\node_modules\qrcode-terminal
Porting-Buffer.md,0.01,C:\Program Files\nodejs\node_modules\npm\node_modules\safer-buffer
README.md,0.02,C:\Program Files\nodejs\node_modules\npm\node_modules\semver
ROADMAP.md,0.00,C:\Program Files\nodejs\node_modules\npm\node_modules\smart-buffer\docs
index.md,0.00,C:\Program Files\nodejs\node_modules\npm\node_modules\socks\docs
migratingFromV1.md,0.00,C:\Program Files\nodejs\node_modules\npm\node_modules\socks\docs
index.md,0.00,C:\Program Files\nodejs\node_modules\npm\node_modules\socks\docs\examples
associateExample.md,0.00,C:\Program Files\nodejs\node_modules\npm\node_modules\socks\docs\examples\javascript
bindExample.md,0.00,C:\Program Files\nodejs\node_modules\npm\node_modules\socks\docs\examples\javascript
connectExample.md,0.01,C:\Program Files\nodejs\node_modules\npm\node_modules\socks\docs\examples\javascript
associateExample.md,0.00,C:\Program Files\nodejs\node_modules\npm\node_modules\socks\docs\examples\typescript
bindExample.md,0.00,C:\Program Files\nodejs\node_modules\npm\node_modules\socks\docs\examples\typescript
connectExample.md,0.01,C:\Program Files\nodejs\node_modules\npm\node_modules\socks\docs\examples\typescript
LICENSE.md,0.00,C:\Program Files\nodejs\node_modules\npm\node_modules\ssri
LICENSE.md,0.00,C:\Program Files\nodejs\node_modules\npm\node_modules\tar
LICENSE.md,0.00,C:\Program Files\nodejs\node_modules\npm\node_modules\tiny-relative-date
Agent.md,0.00,C:\Program Files\nodejs\node_modules\npm\node_modules\undici\docs\docs\api
api-lifecycle.md,0.01,C:\Program Files\nodejs\node_modules\npm\node_modules\undici\docs\docs\api
BalancedPool.md,0.00,C:\Program Files\nodejs\node_modules\npm\node_modules\undici\docs\docs\api
CacheStorage.md,0.00,C:\Program Files\nodejs\node_modules\npm\node_modules\undici\docs\docs\api
Client.md,0.01,C:\Program Files\nodejs\node_modules\npm\node_modules\undici\docs\docs\api
Connector.md,0.00,C:\Program Files\nodejs\node_modules\npm\node_modules\undici\docs\docs\api
ContentType.md,0.00,C:\Program Files\nodejs\node_modules\npm\node_modules\undici\docs\docs\api
Cookies.md,0.00,C:\Program Files\nodejs\node_modules\npm\node_modules\undici\docs\docs\api
Debug.md,0.00,C:\Program Files\nodejs\node_modules\npm\node_modules\undici\docs\docs\api
DiagnosticsChannel.md,0.01,C:\Program Files\nodejs\node_modules\npm\node_modules\undici\docs\docs\api
Dispatcher.md,0.04,C:\Program Files\nodejs\node_modules\npm\node_modules\undici\docs\docs\api
DispatchInterceptor.md,0.00,C:\Program Files\nodejs\node_modules\npm\node_modules\undici\docs\docs\api
EnvHttpProxyAgent.md,0.01,C:\Program Files\nodejs\node_modules\npm\node_modules\undici\docs\docs\api
Errors.md,0.00,C:\Program Files\nodejs\node_modules\npm\node_modules\undici\docs\docs\api
EventSource.md,0.00,C:\Program Files\nodejs\node_modules\npm\node_modules\undici\docs\docs\api
Fetch.md,0.00,C:\Program Files\nodejs\node_modules\npm\node_modules\undici\docs\docs\api
MockAgent.md,0.02,C:\Program Files\nodejs\node_modules\npm\node_modules\undici\docs\docs\api
MockClient.md,0.00,C:\Program Files\nodejs\node_modules\npm\node_modules\undici\docs\docs\api
MockErrors.md,0.00,C:\Program Files\nodejs\node_modules\npm\node_modules\undici\docs\docs\api
MockPool.md,0.02,C:\Program Files\nodejs\node_modules\npm\node_modules\undici\docs\docs\api
Pool.md,0.00,C:\Program Files\nodejs\node_modules\npm\node_modules\undici\docs\docs\api
PoolStats.md,0.00,C:\Program Files\nodejs\node_modules\npm\node_modules\undici\docs\docs\api
ProxyAgent.md,0.00,C:\Program Files\nodejs\node_modules\npm\node_modules\undici\docs\docs\api
RedirectHandler.md,0.00,C:\Program Files\nodejs\node_modules\npm\node_modules\undici\docs\docs\api
RetryAgent.md,0.00,C:\Program Files\nodejs\node_modules\npm\node_modules\undici\docs\docs\api
RetryHandler.md,0.00,C:\Program Files\nodejs\node_modules\npm\node_modules\undici\docs\docs\api
Util.md,0.00,C:\Program Files\nodejs\node_modules\npm\node_modules\undici\docs\docs\api
WebSocket.md,0.00,C:\Program Files\nodejs\node_modules\npm\node_modules\undici\docs\docs\api
client-certificate.md,0.00,C:\Program Files\nodejs\node_modules\npm\node_modules\undici\docs\docs\best-practices
mocking-request.md,0.00,C:\Program Files\nodejs\node_modules\npm\node_modules\undici\docs\docs\best-practices
proxy.md,0.00,C:\Program Files\nodejs\node_modules\npm\node_modules\undici\docs\docs\best-practices
writing-tests.md,0.00,C:\Program Files\nodejs\node_modules\npm\node_modules\undici\docs\docs\best-practices
History.md,0.00,C:\Program Files\nodejs\node_modules\npm\node_modules\util-deprecate
README.md,0.00,C:\Program Files\nodejs\node_modules\npm\node_modules\which
LICENSE.md,0.00,C:\Program Files\nodejs\node_modules\npm\node_modules\write-file-atomic
LICENSE.md,0.00,C:\Program Files\nodejs\node_modules\npm\node_modules\yallist
CHANGELOG.md,0.01,C:\Program Files\WindowsPowerShell\Modules\Pester\3.4.0
README.md,0.01,C:\Program Files\WindowsPowerShell\Modules\Pester\3.4.0
CHANGELOG.md,0.01,C:\Program Files (x86)\WindowsPowerShell\Modules\Pester\3.4.0
README.md,0.01,C:\Program Files (x86)\WindowsPowerShell\Modules\Pester\3.4.0
PACKAGE.md,0.00,C:\Users\noahr_b1q7080\.nuget\packages\microsoft.netcore.app.host.win-x64\9.0.18
PACKAGE.md,0.00,C:\Users\noahr_b1q7080\.nuget\packages\microsoft.netcore.app.ref\9.0.18
PACKAGE.md,0.00,C:\Users\noahr_b1q7080\.nuget\packages\microsoft.windowsdesktop.app.ref\9.0.18
README-packages.md,0.01,C:\Users\noahr_b1q7080\.nuget\packages\monogame.framework.desktopgl\3.8.5
README.md,0.00,C:\Users\noahr_b1q7080\.nuget\packages\monogame.library.openal\1.24.3.4
README.md,0.00,C:\Users\noahr_b1q7080\.nuget\packages\monogame.library.sdl\2.32.10.2
changelog.md,0.09,C:\Users\noahr_b1q7080\.vscode\extensions\.16767fcc-b7da-4bc8-a422-cfa7484cb287
readme.md,0.01,C:\Users\noahr_b1q7080\.vscode\extensions\.16767fcc-b7da-4bc8-a422-cfa7484cb287
readme.md,0.00,C:\Users\noahr_b1q7080\.vscode\extensions\.16767fcc-b7da-4bc8-a422-cfa7484cb287\client\node_modules\@kwsites\file-exists
README.md,0.00,C:\Users\noahr_b1q7080\.vscode\extensions\.16767fcc-b7da-4bc8-a422-cfa7484cb287\client\node_modules\@types\node
README.md,0.00,C:\Users\noahr_b1q7080\.vscode\extensions\.16767fcc-b7da-4bc8-a422-cfa7484cb287\client\node_modules\@types\triple-beam
README.md,0.00,C:\Users\noahr_b1q7080\.vscode\extensions\.16767fcc-b7da-4bc8-a422-cfa7484cb287\client\node_modules\@types\vscode
CHANGELOG.md,0.03,C:\Users\noahr_b1q7080\.vscode\extensions\.16767fcc-b7da-4bc8-a422-cfa7484cb287\client\node_modules\async
README.md,0.00,C:\Users\noahr_b1q7080\.vscode\extensions\.16767fcc-b7da-4bc8-a422-cfa7484cb287\client\node_modules\async
LICENSE.md,0.00,C:\Users\noahr_b1q7080\.vscode\extensions\.16767fcc-b7da-4bc8-a422-cfa7484cb287\client\node_modules\balanced-match
README.md,0.00,C:\Users\noahr_b1q7080\.vscode\extensions\.16767fcc-b7da-4bc8-a422-cfa7484cb287\client\node_modules\balanced-match
README.md,0.00,C:\Users\noahr_b1q7080\.vscode\extensions\.16767fcc-b7da-4bc8-a422-cfa7484cb287\client\node_modules\brace-expansion
README.md,0.00,C:\Users\noahr_b1q7080\.vscode\extensions\.16767fcc-b7da-4bc8-a422-cfa7484cb287\client\node_modules\color
CHANGELOG.md,0.00,C:\Users\noahr_b1q7080\.vscode\extensions\.16767fcc-b7da-4bc8-a422-cfa7484cb287\client\node_modules\color-convert
README.md,0.00,C:\Users\noahr_b1q7080\.vscode\extensions\.16767fcc-b7da-4bc8-a422-cfa7484cb287\client\node_modules\color-convert
README.md,0.00,C:\Users\noahr_b1q7080\.vscode\extensions\.16767fcc-b7da-4bc8-a422-cfa7484cb287\client\node_modules\color-name
README.md,0.00,C:\Users\noahr_b1q7080\.vscode\extensions\.16767fcc-b7da-4bc8-a422-cfa7484cb287\client\node_modules\color-string
LICENSE.md,0.00,C:\Users\noahr_b1q7080\.vscode\extensions\.16767fcc-b7da-4bc8-a422-cfa7484cb287\client\node_modules\colorspace
README.md,0.00,C:\Users\noahr_b1q7080\.vscode\extensions\.16767fcc-b7da-4bc8-a422-cfa7484cb287\client\node_modules\colorspace
CHANGELOG.md,0.07,C:\Users\noahr_b1q7080\.vscode\extensions\.16767fcc-b7da-4bc8-a422-cfa7484cb287\client\node_modules\dayjs
README.md,0.01,C:\Users\noahr_b1q7080\.vscode\extensions\.16767fcc-b7da-4bc8-a422-cfa7484cb287\client\node_modules\dayjs
README.md,0.02,C:\Users\noahr_b1q7080\.vscode\extensions\.16767fcc-b7da-4bc8-a422-cfa7484cb287\client\node_modules\debug
README.md,0.00,C:\Users\noahr_b1q7080\.vscode\extensions\.16767fcc-b7da-4bc8-a422-cfa7484cb287\client\node_modules\enabled
README.md,0.01,C:\Users\noahr_b1q7080\.vscode\extensions\.16767fcc-b7da-4bc8-a422-cfa7484cb287\client\node_modules\fecha
README.md,0.00,C:\Users\noahr_b1q7080\.vscode\extensions\.16767fcc-b7da-4bc8-a422-cfa7484cb287\client\node_modules\fn.name
README.md,0.00,C:\Users\noahr_b1q7080\.vscode\extensions\.16767fcc-b7da-4bc8-a422-cfa7484cb287\client\node_modules\inherits
README.md,0.00,C:\Users\noahr_b1q7080\.vscode\extensions\.16767fcc-b7da-4bc8-a422-cfa7484cb287\client\node_modules\is-arrayish
readme.md,0.00,C:\Users\noahr_b1q7080\.vscode\extensions\.16767fcc-b7da-4bc8-a422-cfa7484cb287\client\node_modules\is-stream
README.md,0.00,C:\Users\noahr_b1q7080\.vscode\extensions\.16767fcc-b7da-4bc8-a422-cfa7484cb287\client\node_modules\kuler
CHANGELOG.md,0.01,C:\Users\noahr_b1q7080\.vscode\extensions\.16767fcc-b7da-4bc8-a422-cfa7484cb287\client\node_modules\logform
README.md,0.02,C:\Users\noahr_b1q7080\.vscode\extensions\.16767fcc-b7da-4bc8-a422-cfa7484cb287\client\node_modules\logform
README.md,0.01,C:\Users\noahr_b1q7080\.vscode\extensions\.16767fcc-b7da-4bc8-a422-cfa7484cb287\client\node_modules\lru-cache
README.md,0.01,C:\Users\noahr_b1q7080\.vscode\extensions\.16767fcc-b7da-4bc8-a422-cfa7484cb287\client\node_modules\minimatch
license.md,0.00,C:\Users\noahr_b1q7080\.vscode\extensions\.16767fcc-b7da-4bc8-a422-cfa7484cb287\client\node_modules\ms
readme.md,0.00,C:\Users\noahr_b1q7080\.vscode\extensions\.16767fcc-b7da-4bc8-a422-cfa7484cb287\client\node_modules\ms
README.md,0.00,C:\Users\noahr_b1q7080\.vscode\extensions\.16767fcc-b7da-4bc8-a422-cfa7484cb287\client\node_modules\one-time
CONTRIBUTING.md,0.00,C:\Users\noahr_b1q7080\.vscode\extensions\.16767fcc-b7da-4bc8-a422-cfa7484cb287\client\node_modules\readable-stream
GOVERNANCE.md,0.01,C:\Users\noahr_b1q7080\.vscode\extensions\.16767fcc-b7da-4bc8-a422-cfa7484cb287\client\node_modules\readable-stream
README.md,0.00,C:\Users\noahr_b1q7080\.vscode\extensions\.16767fcc-b7da-4bc8-a422-cfa7484cb287\client\node_modules\readable-stream
README.md,0.02,C:\Users\noahr_b1q7080\.vscode\extensions\.16767fcc-b7da-4bc8-a422-cfa7484cb287\client\node_modules\safe-buffer
readme.md,0.01,C:\Users\noahr_b1q7080\.vscode\extensions\.16767fcc-b7da-4bc8-a422-cfa7484cb287\client\node_modules\safe-stable-stringify
README.md,0.02,C:\Users\noahr_b1q7080\.vscode\extensions\.16767fcc-b7da-4bc8-a422-cfa7484cb287\client\node_modules\semver
readme.md,0.05,C:\Users\noahr_b1q7080\.vscode\extensions\.16767fcc-b7da-4bc8-a422-cfa7484cb287\client\node_modules\simple-git
README.md,0.00,C:\Users\noahr_b1q7080\.vscode\extensions\.16767fcc-b7da-4bc8-a422-cfa7484cb287\client\node_modules\simple-swizzle
Readme.md,0.00,C:\Users\noahr_b1q7080\.vscode\extensions\.16767fcc-b7da-4bc8-a422-cfa7484cb287\client\node_modules\stack-trace
README.md,0.00,C:\Users\noahr_b1q7080\.vscode\extensions\.16767fcc-b7da-4bc8-a422-cfa7484cb287\client\node_modules\string_decoder
README.md,0.00,C:\Users\noahr_b1q7080\.vscode\extensions\.16767fcc-b7da-4bc8-a422-cfa7484cb287\client\node_modules\text-hex
CHANGELOG.md,0.00,C:\Users\noahr_b1q7080\.vscode\extensions\.16767fcc-b7da-4bc8-a422-cfa7484cb287\client\node_modules\triple-beam
README.md,0.00,C:\Users\noahr_b1q7080\.vscode\extensions\.16767fcc-b7da-4bc8-a422-cfa7484cb287\client\node_modules\triple-beam
README.md,0.00,C:\Users\noahr_b1q7080\.vscode\extensions\.16767fcc-b7da-4bc8-a422-cfa7484cb287\client\node_modules\typescript
SECURITY.md,0.00,C:\Users\noahr_b1q7080\.vscode\extensions\.16767fcc-b7da-4bc8-a422-cfa7484cb287\client\node_modules\typescript
README.md,0.00,C:\Users\noahr_b1q7080\.vscode\extensions\.16767fcc-b7da-4bc8-a422-cfa7484cb287\client\node_modules\undici-types
History.md,0.00,C:\Users\noahr_b1q7080\.vscode\extensions\.16767fcc-b7da-4bc8-a422-cfa7484cb287\client\node_modules\util-deprecate
README.md,0.00,C:\Users\noahr_b1q7080\.vscode\extensions\.16767fcc-b7da-4bc8-a422-cfa7484cb287\client\node_modules\util-deprecate
README.md,0.00,C:\Users\noahr_b1q7080\.vscode\extensions\.16767fcc-b7da-4bc8-a422-cfa7484cb287\client\node_modules\vscode-jsonrpc
README.md,0.00,C:\Users\noahr_b1q7080\.vscode\extensions\.16767fcc-b7da-4bc8-a422-cfa7484cb287\client\node_modules\vscode-languageclient
README.md,0.00,C:\Users\noahr_b1q7080\.vscode\extensions\.16767fcc-b7da-4bc8-a422-cfa7484cb287\client\node_modules\vscode-languageserver-protocol
README.md,0.00,C:\Users\noahr_b1q7080\.vscode\extensions\.16767fcc-b7da-4bc8-a422-cfa7484cb287\client\node_modules\vscode-languageserver-types
README.md,0.03,C:\Users\noahr_b1q7080\.vscode\extensions\.16767fcc-b7da-4bc8-a422-cfa7484cb287\client\node_modules\winston
CHANGELOG.md,0.00,C:\Users\noahr_b1q7080\.vscode\extensions\.16767fcc-b7da-4bc8-a422-cfa7484cb287\client\node_modules\winston-transport
README.md,0.00,C:\Users\noahr_b1q7080\.vscode\extensions\.16767fcc-b7da-4bc8-a422-cfa7484cb287\client\node_modules\winston-transport
README.md,0.00,C:\Users\noahr_b1q7080\.vscode\extensions\.16767fcc-b7da-4bc8-a422-cfa7484cb287\client\node_modules\yallist
changelog.md,0.09,C:\Users\noahr_b1q7080\.vscode\extensions\.16767fcc-b7da-4bc8-a422-cfa7484cb287\server
CHANGELOG.md,0.64,C:\Users\noahr_b1q7080\.vscode\extensions\.1b4ebfca-b4ce-4de1-8bd8-d0fef2409f31
README.md,0.00,C:\Users\noahr_b1q7080\.vscode\extensions\.1b4ebfca-b4ce-4de1-8bd8-d0fef2409f31\dist\bundled\stubs\skimage
README.md,0.00,C:\Users\noahr_b1q7080\.vscode\extensions\.1b4ebfca-b4ce-4de1-8bd8-d0fef2409f31\dist\bundled\stubs\sklearn
README.md,0.00,C:\Users\noahr_b1q7080\.vscode\extensions\.1b4ebfca-b4ce-4de1-8bd8-d0fef2409f31\dist\bundled\stubs\sympy-stubs
README.md,0.00,C:\Users\noahr_b1q7080\.vscode\extensions\.1b4ebfca-b4ce-4de1-8bd8-d0fef2409f31\dist\bundled\stubs\vispy
README.md,0.00,C:\Users\noahr_b1q7080\.vscode\extensions\.1b4ebfca-b4ce-4de1-8bd8-d0fef2409f31\dist\stub-generation
README.md,0.01,C:\Users\noahr_b1q7080\.vscode\extensions\.1b4ebfca-b4ce-4de1-8bd8-d0fef2409f31\dist\typeshed-fallback
changelog.md,0.09,C:\Users\noahr_b1q7080\.vscode\extensions\.3c8d525c-652b-4938-8c2c-e37ec2f01d03
readme.md,0.01,C:\Users\noahr_b1q7080\.vscode\extensions\.3c8d525c-652b-4938-8c2c-e37ec2f01d03
README.md,0.00,C:\Users\noahr_b1q7080\.vscode\extensions\.3c8d525c-652b-4938-8c2c-e37ec2f01d03\client\node_modules\@colors\colors
CHANGELOG.md,0.00,C:\Users\noahr_b1q7080\.vscode\extensions\.3c8d525c-652b-4938-8c2c-e37ec2f01d03\client\node_modules\@dabh\diagnostics
README.md,0.01,C:\Users\noahr_b1q7080\.vscode\extensions\.3c8d525c-652b-4938-8c2c-e37ec2f01d03\client\node_modules\@dabh\diagnostics
CHANGELOG.md,0.00,C:\Users\noahr_b1q7080\.vscode\extensions\.3c8d525c-652b-4938-8c2c-e37ec2f01d03\client\node_modules\@kwsites\file-exists
readme.md,0.00,C:\Users\noahr_b1q7080\.vscode\extensions\.3c8d525c-652b-4938-8c2c-e37ec2f01d03\client\node_modules\@kwsites\file-exists
README.md,0.00,C:\Users\noahr_b1q7080\.vscode\extensions\.3c8d525c-652b-4938-8c2c-e37ec2f01d03\client\node_modules\@types\node
README.md,0.00,C:\Users\noahr_b1q7080\.vscode\extensions\.3c8d525c-652b-4938-8c2c-e37ec2f01d03\client\node_modules\@types\triple-beam
README.md,0.00,C:\Users\noahr_b1q7080\.vscode\extensions\.3c8d525c-652b-4938-8c2c-e37ec2f01d03\client\node_modules\@types\vscode
CHANGELOG.md,0.03,C:\Users\noahr_b1q7080\.vscode\extensions\.3c8d525c-652b-4938-8c2c-e37ec2f01d03\client\node_modules\async
README.md,0.00,C:\Users\noahr_b1q7080\.vscode\extensions\.3c8d525c-652b-4938-8c2c-e37ec2f01d03\client\node_modules\async
LICENSE.md,0.00,C:\Users\noahr_b1q7080\.vscode\extensions\.3c8d525c-652b-4938-8c2c-e37ec2f01d03\client\node_modules\balanced-match
README.md,0.00,C:\Users\noahr_b1q7080\.vscode\extensions\.3c8d525c-652b-4938-8c2c-e37ec2f01d03\client\node_modules\balanced-match
README.md,0.00,C:\Users\noahr_b1q7080\.vscode\extensions\.3c8d525c-652b-4938-8c2c-e37ec2f01d03\client\node_modules\brace-expansion
README.md,0.00,C:\Users\noahr_b1q7080\.vscode\extensions\.3c8d525c-652b-4938-8c2c-e37ec2f01d03\client\node_modules\color
CHANGELOG.md,0.00,C:\Users\noahr_b1q7080\.vscode\extensions\.3c8d525c-652b-4938-8c2c-e37ec2f01d03\client\node_modules\color-convert
README.md,0.00,C:\Users\noahr_b1q7080\.vscode\extensions\.3c8d525c-652b-4938-8c2c-e37ec2f01d03\client\node_modules\color-convert
README.md,0.00,C:\Users\noahr_b1q7080\.vscode\extensions\.3c8d525c-652b-4938-8c2c-e37ec2f01d03\client\node_modules\color-name
README.md,0.00,C:\Users\noahr_b1q7080\.vscode\extensions\.3c8d525c-652b-4938-8c2c-e37ec2f01d03\client\node_modules\color-string
LICENSE.md,0.00,C:\Users\noahr_b1q7080\.vscode\extensions\.3c8d525c-652b-4938-8c2c-e37ec2f01d03\client\node_modules\colorspace
README.md,0.00,C:\Users\noahr_b1q7080\.vscode\extensions\.3c8d525c-652b-4938-8c2c-e37ec2f01d03\client\node_modules\colorspace
CHANGELOG.md,0.07,C:\Users\noahr_b1q7080\.vscode\extensions\.3c8d525c-652b-4938-8c2c-e37ec2f01d03\client\node_modules\dayjs
README.md,0.01,C:\Users\noahr_b1q7080\.vscode\extensions\.3c8d525c-652b-4938-8c2c-e37ec2f01d03\client\node_modules\dayjs
README.md,0.02,C:\Users\noahr_b1q7080\.vscode\extensions\.3c8d525c-652b-4938-8c2c-e37ec2f01d03\client\node_modules\debug
README.md,0.00,C:\Users\noahr_b1q7080\.vscode\extensions\.3c8d525c-652b-4938-8c2c-e37ec2f01d03\client\node_modules\enabled
README.md,0.01,C:\Users\noahr_b1q7080\.vscode\extensions\.3c8d525c-652b-4938-8c2c-e37ec2f01d03\client\node_modules\fecha
README.md,0.00,C:\Users\noahr_b1q7080\.vscode\extensions\.3c8d525c-652b-4938-8c2c-e37ec2f01d03\client\node_modules\fn.name
README.md,0.00,C:\Users\noahr_b1q7080\.vscode\extensions\.3c8d525c-652b-4938-8c2c-e37ec2f01d03\client\node_modules\inherits
README.md,0.00,C:\Users\noahr_b1q7080\.vscode\extensions\.3c8d525c-652b-4938-8c2c-e37ec2f01d03\client\node_modules\is-arrayish
readme.md,0.00,C:\Users\noahr_b1q7080\.vscode\extensions\.3c8d525c-652b-4938-8c2c-e37ec2f01d03\client\node_modules\is-stream
README.md,0.00,C:\Users\noahr_b1q7080\.vscode\extensions\.3c8d525c-652b-4938-8c2c-e37ec2f01d03\client\node_modules\kuler
CHANGELOG.md,0.01,C:\Users\noahr_b1q7080\.vscode\extensions\.3c8d525c-652b-4938-8c2c-e37ec2f01d03\client\node_modules\logform
README.md,0.02,C:\Users\noahr_b1q7080\.vscode\extensions\.3c8d525c-652b-4938-8c2c-e37ec2f01d03\client\node_modules\logform
README.md,0.01,C:\Users\noahr_b1q7080\.vscode\extensions\.3c8d525c-652b-4938-8c2c-e37ec2f01d03\client\node_modules\lru-cache
README.md,0.01,C:\Users\noahr_b1q7080\.vscode\extensions\.3c8d525c-652b-4938-8c2c-e37ec2f01d03\client\node_modules\minimatch
license.md,0.00,C:\Users\noahr_b1q7080\.vscode\extensions\.3c8d525c-652b-4938-8c2c-e37ec2f01d03\client\node_modules\ms
readme.md,0.00,C:\Users\noahr_b1q7080\.vscode\extensions\.3c8d525c-652b-4938-8c2c-e37ec2f01d03\client\node_modules\ms
README.md,0.00,C:\Users\noahr_b1q7080\.vscode\extensions\.3c8d525c-652b-4938-8c2c-e37ec2f01d03\client\node_modules\one-time
CONTRIBUTING.md,0.00,C:\Users\noahr_b1q7080\.vscode\extensions\.3c8d525c-652b-4938-8c2c-e37ec2f01d03\client\node_modules\readable-stream
GOVERNANCE.md,0.01,C:\Users\noahr_b1q7080\.vscode\extensions\.3c8d525c-652b-4938-8c2c-e37ec2f01d03\client\node_modules\readable-stream
README.md,0.00,C:\Users\noahr_b1q7080\.vscode\extensions\.3c8d525c-652b-4938-8c2c-e37ec2f01d03\client\node_modules\readable-stream
README.md,0.02,C:\Users\noahr_b1q7080\.vscode\extensions\.3c8d525c-652b-4938-8c2c-e37ec2f01d03\client\node_modules\safe-buffer
readme.md,0.01,C:\Users\noahr_b1q7080\.vscode\extensions\.3c8d525c-652b-4938-8c2c-e37ec2f01d03\client\node_modules\safe-stable-stringify
README.md,0.02,C:\Users\noahr_b1q7080\.vscode\extensions\.3c8d525c-652b-4938-8c2c-e37ec2f01d03\client\node_modules\semver
readme.md,0.05,C:\Users\noahr_b1q7080\.vscode\extensions\.3c8d525c-652b-4938-8c2c-e37ec2f01d03\client\node_modules\simple-git
README.md,0.00,C:\Users\noahr_b1q7080\.vscode\extensions\.3c8d525c-652b-4938-8c2c-e37ec2f01d03\client\node_modules\simple-swizzle
Readme.md,0.00,C:\Users\noahr_b1q7080\.vscode\extensions\.3c8d525c-652b-4938-8c2c-e37ec2f01d03\client\node_modules\stack-trace
README.md,0.00,C:\Users\noahr_b1q7080\.vscode\extensions\.3c8d525c-652b-4938-8c2c-e37ec2f01d03\client\node_modules\string_decoder
README.md,0.00,C:\Users\noahr_b1q7080\.vscode\extensions\.3c8d525c-652b-4938-8c2c-e37ec2f01d03\client\node_modules\text-hex
CHANGELOG.md,0.00,C:\Users\noahr_b1q7080\.vscode\extensions\.3c8d525c-652b-4938-8c2c-e37ec2f01d03\client\node_modules\triple-beam
README.md,0.00,C:\Users\noahr_b1q7080\.vscode\extensions\.3c8d525c-652b-4938-8c2c-e37ec2f01d03\client\node_modules\triple-beam
README.md,0.00,C:\Users\noahr_b1q7080\.vscode\extensions\.3c8d525c-652b-4938-8c2c-e37ec2f01d03\client\node_modules\typescript
SECURITY.md,0.00,C:\Users\noahr_b1q7080\.vscode\extensions\.3c8d525c-652b-4938-8c2c-e37ec2f01d03\client\node_modules\typescript
README.md,0.00,C:\Users\noahr_b1q7080\.vscode\extensions\.3c8d525c-652b-4938-8c2c-e37ec2f01d03\client\node_modules\undici-types
History.md,0.00,C:\Users\noahr_b1q7080\.vscode\extensions\.3c8d525c-652b-4938-8c2c-e37ec2f01d03\client\node_modules\util-deprecate
README.md,0.00,C:\Users\noahr_b1q7080\.vscode\extensions\.3c8d525c-652b-4938-8c2c-e37ec2f01d03\client\node_modules\util-deprecate
README.md,0.00,C:\Users\noahr_b1q7080\.vscode\extensions\.3c8d525c-652b-4938-8c2c-e37ec2f01d03\client\node_modules\vscode-jsonrpc
README.md,0.00,C:\Users\noahr_b1q7080\.vscode\extensions\.3c8d525c-652b-4938-8c2c-e37ec2f01d03\client\node_modules\vscode-languageclient
README.md,0.00,C:\Users\noahr_b1q7080\.vscode\extensions\.3c8d525c-652b-4938-8c2c-e37ec2f01d03\client\node_modules\vscode-languageserver-protocol
README.md,0.00,C:\Users\noahr_b1q7080\.vscode\extensions\.3c8d525c-652b-4938-8c2c-e37ec2f01d03\client\node_modules\vscode-languageserver-types
README.md,0.03,C:\Users\noahr_b1q7080\.vscode\extensions\.3c8d525c-652b-4938-8c2c-e37ec2f01d03\client\node_modules\winston
CHANGELOG.md,0.00,C:\Users\noahr_b1q7080\.vscode\extensions\.3c8d525c-652b-4938-8c2c-e37ec2f01d03\client\node_modules\winston-transport
README.md,0.00,C:\Users\noahr_b1q7080\.vscode\extensions\.3c8d525c-652b-4938-8c2c-e37ec2f01d03\client\node_modules\winston-transport
README.md,0.00,C:\Users\noahr_b1q7080\.vscode\extensions\.3c8d525c-652b-4938-8c2c-e37ec2f01d03\client\node_modules\yallist
changelog.md,0.09,C:\Users\noahr_b1q7080\.vscode\extensions\.3c8d525c-652b-4938-8c2c-e37ec2f01d03\server
changelog.md,0.19,C:\Users\noahr_b1q7080\.vscode\extensions\.531271d9-1679-408c-bb5d-47f21baec0f1
readme.md,0.00,C:\Users\noahr_b1q7080\.vscode\extensions\.531271d9-1679-408c-bb5d-47f21baec0f1
Reinstalling the Extension.md,0.00,C:\Users\noahr_b1q7080\.vscode\extensions\.531271d9-1679-408c-bb5d-47f21baec0f1
run-and-debug-project-linux.md,0.00,C:\Users\noahr_b1q7080\.vscode\extensions\.531271d9-1679-408c-bb5d-47f21baec0f1\walkthrough\debugconfig
run-and-debug-project-mac.md,0.00,C:\Users\noahr_b1q7080\.vscode\extensions\.531271d9-1679-408c-bb5d-47f21baec0f1\walkthrough\debugconfig
run-and-debug-project-windows.md,0.00,C:\Users\noahr_b1q7080\.vscode\extensions\.531271d9-1679-408c-bb5d-47f21baec0f1\walkthrough\debugconfig
open-developer-command-prompt.md,0.00,C:\Users\noahr_b1q7080\.vscode\extensions\.531271d9-1679-408c-bb5d-47f21baec0f1\walkthrough\devcommandprompt
install-clang-macos.md,0.00,C:\Users\noahr_b1q7080\.vscode\extensions\.531271d9-1679-408c-bb5d-47f21baec0f1\walkthrough\installcompiler
install-compiler-windows.md,0.00,C:\Users\noahr_b1q7080\.vscode\extensions\.531271d9-1679-408c-bb5d-47f21baec0f1\walkthrough\installcompiler
install-compiler-windows10.md,0.00,C:\Users\noahr_b1q7080\.vscode\extensions\.531271d9-1679-408c-bb5d-47f21baec0f1\walkthrough\installcompiler
install-compiler-windows11.md,0.00,C:\Users\noahr_b1q7080\.vscode\extensions\.531271d9-1679-408c-bb5d-47f21baec0f1\walkthrough\installcompiler
install-gcc-linux.md,0.00,C:\Users\noahr_b1q7080\.vscode\extensions\.531271d9-1679-408c-bb5d-47f21baec0f1\walkthrough\installcompiler
changelog.md,0.19,C:\Users\noahr_b1q7080\.vscode\extensions\.cbe48bd3-04e4-4f66-b3f6-10cd709fae74
readme.md,0.00,C:\Users\noahr_b1q7080\.vscode\extensions\.cbe48bd3-04e4-4f66-b3f6-10cd709fae74
Reinstalling the Extension.md,0.00,C:\Users\noahr_b1q7080\.vscode\extensions\.cbe48bd3-04e4-4f66-b3f6-10cd709fae74
run-and-debug-project-linux.md,0.00,C:\Users\noahr_b1q7080\.vscode\extensions\.cbe48bd3-04e4-4f66-b3f6-10cd709fae74\walkthrough\debugconfig
run-and-debug-project-mac.md,0.00,C:\Users\noahr_b1q7080\.vscode\extensions\.cbe48bd3-04e4-4f66-b3f6-10cd709fae74\walkthrough\debugconfig
run-and-debug-project-windows.md,0.00,C:\Users\noahr_b1q7080\.vscode\extensions\.cbe48bd3-04e4-4f66-b3f6-10cd709fae74\walkthrough\debugconfig
open-developer-command-prompt.md,0.00,C:\Users\noahr_b1q7080\.vscode\extensions\.cbe48bd3-04e4-4f66-b3f6-10cd709fae74\walkthrough\devcommandprompt
install-clang-macos.md,0.00,C:\Users\noahr_b1q7080\.vscode\extensions\.cbe48bd3-04e4-4f66-b3f6-10cd709fae74\walkthrough\installcompiler
install-compiler-windows.md,0.00,C:\Users\noahr_b1q7080\.vscode\extensions\.cbe48bd3-04e4-4f66-b3f6-10cd709fae74\walkthrough\installcompiler
install-compiler-windows10.md,0.00,C:\Users\noahr_b1q7080\.vscode\extensions\.cbe48bd3-04e4-4f66-b3f6-10cd709fae74\walkthrough\installcompiler
install-compiler-windows11.md,0.00,C:\Users\noahr_b1q7080\.vscode\extensions\.cbe48bd3-04e4-4f66-b3f6-10cd709fae74\walkthrough\installcompiler
install-gcc-linux.md,0.00,C:\Users\noahr_b1q7080\.vscode\extensions\.cbe48bd3-04e4-4f66-b3f6-10cd709fae74\walkthrough\installcompiler
changelog.md,0.19,C:\Users\noahr_b1q7080\.vscode\extensions\.d981041f-5ca6-4881-8ec3-e5a93a8b73dd
readme.md,0.00,C:\Users\noahr_b1q7080\.vscode\extensions\.d981041f-5ca6-4881-8ec3-e5a93a8b73dd
Reinstalling the Extension.md,0.00,C:\Users\noahr_b1q7080\.vscode\extensions\.d981041f-5ca6-4881-8ec3-e5a93a8b73dd
run-and-debug-project-linux.md,0.00,C:\Users\noahr_b1q7080\.vscode\extensions\.d981041f-5ca6-4881-8ec3-e5a93a8b73dd\walkthrough\debugconfig
run-and-debug-project-mac.md,0.00,C:\Users\noahr_b1q7080\.vscode\extensions\.d981041f-5ca6-4881-8ec3-e5a93a8b73dd\walkthrough\debugconfig
run-and-debug-project-windows.md,0.00,C:\Users\noahr_b1q7080\.vscode\extensions\.d981041f-5ca6-4881-8ec3-e5a93a8b73dd\walkthrough\debugconfig
open-developer-command-prompt.md,0.00,C:\Users\noahr_b1q7080\.vscode\extensions\.d981041f-5ca6-4881-8ec3-e5a93a8b73dd\walkthrough\devcommandprompt
install-clang-macos.md,0.00,C:\Users\noahr_b1q7080\.vscode\extensions\.d981041f-5ca6-4881-8ec3-e5a93a8b73dd\walkthrough\installcompiler
install-compiler-windows.md,0.00,C:\Users\noahr_b1q7080\.vscode\extensions\.d981041f-5ca6-4881-8ec3-e5a93a8b73dd\walkthrough\installcompiler
install-compiler-windows10.md,0.00,C:\Users\noahr_b1q7080\.vscode\extensions\.d981041f-5ca6-4881-8ec3-e5a93a8b73dd\walkthrough\installcompiler
install-compiler-windows11.md,0.00,C:\Users\noahr_b1q7080\.vscode\extensions\.d981041f-5ca6-4881-8ec3-e5a93a8b73dd\walkthrough\installcompiler
install-gcc-linux.md,0.00,C:\Users\noahr_b1q7080\.vscode\extensions\.d981041f-5ca6-4881-8ec3-e5a93a8b73dd\walkthrough\installcompiler
changelog.md,0.09,C:\Users\noahr_b1q7080\.vscode\extensions\.daf047cd-463a-408c-ad15-e7e2bcf2a015
readme.md,0.01,C:\Users\noahr_b1q7080\.vscode\extensions\.daf047cd-463a-408c-ad15-e7e2bcf2a015
README.md,0.00,C:\Users\noahr_b1q7080\.vscode\extensions\.daf047cd-463a-408c-ad15-e7e2bcf2a015\client\node_modules\@colors\colors
CHANGELOG.md,0.00,C:\Users\noahr_b1q7080\.vscode\extensions\.daf047cd-463a-408c-ad15-e7e2bcf2a015\client\node_modules\@dabh\diagnostics
README.md,0.01,C:\Users\noahr_b1q7080\.vscode\extensions\.daf047cd-463a-408c-ad15-e7e2bcf2a015\client\node_modules\@dabh\diagnostics
CHANGELOG.md,0.00,C:\Users\noahr_b1q7080\.vscode\extensions\.daf047cd-463a-408c-ad15-e7e2bcf2a015\client\node_modules\@kwsites\file-exists
readme.md,0.00,C:\Users\noahr_b1q7080\.vscode\extensions\.daf047cd-463a-408c-ad15-e7e2bcf2a015\client\node_modules\@kwsites\file-exists
README.md,0.00,C:\Users\noahr_b1q7080\.vscode\extensions\.daf047cd-463a-408c-ad15-e7e2bcf2a015\client\node_modules\@types\node
README.md,0.00,C:\Users\noahr_b1q7080\.vscode\extensions\.daf047cd-463a-408c-ad15-e7e2bcf2a015\client\node_modules\@types\triple-beam
README.md,0.00,C:\Users\noahr_b1q7080\.vscode\extensions\.daf047cd-463a-408c-ad15-e7e2bcf2a015\client\node_modules\@types\vscode
CHANGELOG.md,0.03,C:\Users\noahr_b1q7080\.vscode\extensions\.daf047cd-463a-408c-ad15-e7e2bcf2a015\client\node_modules\async
README.md,0.00,C:\Users\noahr_b1q7080\.vscode\extensions\.daf047cd-463a-408c-ad15-e7e2bcf2a015\client\node_modules\async
LICENSE.md,0.00,C:\Users\noahr_b1q7080\.vscode\extensions\.daf047cd-463a-408c-ad15-e7e2bcf2a015\client\node_modules\balanced-match
README.md,0.00,C:\Users\noahr_b1q7080\.vscode\extensions\.daf047cd-463a-408c-ad15-e7e2bcf2a015\client\node_modules\balanced-match
README.md,0.00,C:\Users\noahr_b1q7080\.vscode\extensions\.daf047cd-463a-408c-ad15-e7e2bcf2a015\client\node_modules\brace-expansion
README.md,0.00,C:\Users\noahr_b1q7080\.vscode\extensions\.daf047cd-463a-408c-ad15-e7e2bcf2a015\client\node_modules\color
CHANGELOG.md,0.00,C:\Users\noahr_b1q7080\.vscode\extensions\.daf047cd-463a-408c-ad15-e7e2bcf2a015\client\node_modules\color-convert
README.md,0.00,C:\Users\noahr_b1q7080\.vscode\extensions\.daf047cd-463a-408c-ad15-e7e2bcf2a015\client\node_modules\color-convert
README.md,0.00,C:\Users\noahr_b1q7080\.vscode\extensions\.daf047cd-463a-408c-ad15-e7e2bcf2a015\client\node_modules\color-name
README.md,0.00,C:\Users\noahr_b1q7080\.vscode\extensions\.daf047cd-463a-408c-ad15-e7e2bcf2a015\client\node_modules\color-string
LICENSE.md,0.00,C:\Users\noahr_b1q7080\.vscode\extensions\.daf047cd-463a-408c-ad15-e7e2bcf2a015\client\node_modules\colorspace
README.md,0.00,C:\Users\noahr_b1q7080\.vscode\extensions\.daf047cd-463a-408c-ad15-e7e2bcf2a015\client\node_modules\colorspace
CHANGELOG.md,0.07,C:\Users\noahr_b1q7080\.vscode\extensions\.daf047cd-463a-408c-ad15-e7e2bcf2a015\client\node_modules\dayjs
README.md,0.01,C:\Users\noahr_b1q7080\.vscode\extensions\.daf047cd-463a-408c-ad15-e7e2bcf2a015\client\node_modules\dayjs
README.md,0.02,C:\Users\noahr_b1q7080\.vscode\extensions\.daf047cd-463a-408c-ad15-e7e2bcf2a015\client\node_modules\debug
README.md,0.00,C:\Users\noahr_b1q7080\.vscode\extensions\.daf047cd-463a-408c-ad15-e7e2bcf2a015\client\node_modules\enabled
README.md,0.01,C:\Users\noahr_b1q7080\.vscode\extensions\.daf047cd-463a-408c-ad15-e7e2bcf2a015\client\node_modules\fecha
README.md,0.00,C:\Users\noahr_b1q7080\.vscode\extensions\.daf047cd-463a-408c-ad15-e7e2bcf2a015\client\node_modules\fn.name
README.md,0.00,C:\Users\noahr_b1q7080\.vscode\extensions\.daf047cd-463a-408c-ad15-e7e2bcf2a015\client\node_modules\inherits
README.md,0.00,C:\Users\noahr_b1q7080\.vscode\extensions\.daf047cd-463a-408c-ad15-e7e2bcf2a015\client\node_modules\is-arrayish
readme.md,0.00,C:\Users\noahr_b1q7080\.vscode\extensions\.daf047cd-463a-408c-ad15-e7e2bcf2a015\client\node_modules\is-stream
README.md,0.00,C:\Users\noahr_b1q7080\.vscode\extensions\.daf047cd-463a-408c-ad15-e7e2bcf2a015\client\node_modules\kuler
CHANGELOG.md,0.01,C:\Users\noahr_b1q7080\.vscode\extensions\.daf047cd-463a-408c-ad15-e7e2bcf2a015\client\node_modules\logform
README.md,0.02,C:\Users\noahr_b1q7080\.vscode\extensions\.daf047cd-463a-408c-ad15-e7e2bcf2a015\client\node_modules\logform
README.md,0.01,C:\Users\noahr_b1q7080\.vscode\extensions\.daf047cd-463a-408c-ad15-e7e2bcf2a015\client\node_modules\lru-cache
README.md,0.01,C:\Users\noahr_b1q7080\.vscode\extensions\.daf047cd-463a-408c-ad15-e7e2bcf2a015\client\node_modules\minimatch
license.md,0.00,C:\Users\noahr_b1q7080\.vscode\extensions\.daf047cd-463a-408c-ad15-e7e2bcf2a015\client\node_modules\ms
readme.md,0.00,C:\Users\noahr_b1q7080\.vscode\extensions\.daf047cd-463a-408c-ad15-e7e2bcf2a015\client\node_modules\ms
README.md,0.00,C:\Users\noahr_b1q7080\.vscode\extensions\.daf047cd-463a-408c-ad15-e7e2bcf2a015\client\node_modules\one-time
CONTRIBUTING.md,0.00,C:\Users\noahr_b1q7080\.vscode\extensions\.daf047cd-463a-408c-ad15-e7e2bcf2a015\client\node_modules\readable-stream
GOVERNANCE.md,0.01,C:\Users\noahr_b1q7080\.vscode\extensions\.daf047cd-463a-408c-ad15-e7e2bcf2a015\client\node_modules\readable-stream
README.md,0.00,C:\Users\noahr_b1q7080\.vscode\extensions\.daf047cd-463a-408c-ad15-e7e2bcf2a015\client\node_modules\readable-stream
README.md,0.02,C:\Users\noahr_b1q7080\.vscode\extensions\.daf047cd-463a-408c-ad15-e7e2bcf2a015\client\node_modules\safe-buffer
readme.md,0.01,C:\Users\noahr_b1q7080\.vscode\extensions\.daf047cd-463a-408c-ad15-e7e2bcf2a015\client\node_modules\safe-stable-stringify
README.md,0.02,C:\Users\noahr_b1q7080\.vscode\extensions\.daf047cd-463a-408c-ad15-e7e2bcf2a015\client\node_modules\semver
readme.md,0.05,C:\Users\noahr_b1q7080\.vscode\extensions\.daf047cd-463a-408c-ad15-e7e2bcf2a015\client\node_modules\simple-git
README.md,0.00,C:\Users\noahr_b1q7080\.vscode\extensions\.daf047cd-463a-408c-ad15-e7e2bcf2a015\client\node_modules\simple-swizzle
Readme.md,0.00,C:\Users\noahr_b1q7080\.vscode\extensions\.daf047cd-463a-408c-ad15-e7e2bcf2a015\client\node_modules\stack-trace
README.md,0.00,C:\Users\noahr_b1q7080\.vscode\extensions\.daf047cd-463a-408c-ad15-e7e2bcf2a015\client\node_modules\string_decoder
README.md,0.00,C:\Users\noahr_b1q7080\.vscode\extensions\.daf047cd-463a-408c-ad15-e7e2bcf2a015\client\node_modules\text-hex
CHANGELOG.md,0.00,C:\Users\noahr_b1q7080\.vscode\extensions\.daf047cd-463a-408c-ad15-e7e2bcf2a015\client\node_modules\triple-beam
README.md,0.00,C:\Users\noahr_b1q7080\.vscode\extensions\.daf047cd-463a-408c-ad15-e7e2bcf2a015\client\node_modules\triple-beam
README.md,0.00,C:\Users\noahr_b1q7080\.vscode\extensions\.daf047cd-463a-408c-ad15-e7e2bcf2a015\client\node_modules\typescript
SECURITY.md,0.00,C:\Users\noahr_b1q7080\.vscode\extensions\.daf047cd-463a-408c-ad15-e7e2bcf2a015\client\node_modules\typescript
README.md,0.00,C:\Users\noahr_b1q7080\.vscode\extensions\.daf047cd-463a-408c-ad15-e7e2bcf2a015\client\node_modules\undici-types
History.md,0.00,C:\Users\noahr_b1q7080\.vscode\extensions\.daf047cd-463a-408c-ad15-e7e2bcf2a015\client\node_modules\util-deprecate
README.md,0.00,C:\Users\noahr_b1q7080\.vscode\extensions\.daf047cd-463a-408c-ad15-e7e2bcf2a015\client\node_modules\util-deprecate
README.md,0.00,C:\Users\noahr_b1q7080\.vscode\extensions\.daf047cd-463a-408c-ad15-e7e2bcf2a015\client\node_modules\vscode-jsonrpc
README.md,0.00,C:\Users\noahr_b1q7080\.vscode\extensions\.daf047cd-463a-408c-ad15-e7e2bcf2a015\client\node_modules\vscode-languageclient
README.md,0.00,C:\Users\noahr_b1q7080\.vscode\extensions\.daf047cd-463a-408c-ad15-e7e2bcf2a015\client\node_modules\vscode-languageserver-protocol
README.md,0.00,C:\Users\noahr_b1q7080\.vscode\extensions\.daf047cd-463a-408c-ad15-e7e2bcf2a015\client\node_modules\vscode-languageserver-types
README.md,0.03,C:\Users\noahr_b1q7080\.vscode\extensions\.daf047cd-463a-408c-ad15-e7e2bcf2a015\client\node_modules\winston
CHANGELOG.md,0.00,C:\Users\noahr_b1q7080\.vscode\extensions\.daf047cd-463a-408c-ad15-e7e2bcf2a015\client\node_modules\winston-transport
README.md,0.00,C:\Users\noahr_b1q7080\.vscode\extensions\.daf047cd-463a-408c-ad15-e7e2bcf2a015\client\node_modules\winston-transport
README.md,0.00,C:\Users\noahr_b1q7080\.vscode\extensions\.daf047cd-463a-408c-ad15-e7e2bcf2a015\client\node_modules\yallist
changelog.md,0.09,C:\Users\noahr_b1q7080\.vscode\extensions\.daf047cd-463a-408c-ad15-e7e2bcf2a015\server
BACKERS.md,0.00,C:\Users\noahr_b1q7080\.vscode\extensions\formulahendry.code-runner-0.12.2
CHANGELOG.md,0.01,C:\Users\noahr_b1q7080\.vscode\extensions\formulahendry.code-runner-0.12.2
README.md,0.01,C:\Users\noahr_b1q7080\.vscode\extensions\formulahendry.code-runner-0.12.2
bug_report.md,0.00,C:\Users\noahr_b1q7080\.vscode\extensions\formulahendry.code-runner-0.12.2\.github\ISSUE_TEMPLATE
feature_request.md,0.00,C:\Users\noahr_b1q7080\.vscode\extensions\formulahendry.code-runner-0.12.2\.github\ISSUE_TEMPLATE
README.md,0.01,C:\Users\noahr_b1q7080\.vscode\extensions\formulahendry.code-runner-0.12.2\node_modules\applicationinsights
CHANGELOG.md,0.00,C:\Users\noahr_b1q7080\.vscode\extensions\formulahendry.code-runner-0.12.2\node_modules\braces
README.md,0.02,C:\Users\noahr_b1q7080\.vscode\extensions\formulahendry.code-runner-0.12.2\node_modules\braces
README.md,0.01,C:\Users\noahr_b1q7080\.vscode\extensions\formulahendry.code-runner-0.12.2\node_modules\fill-range
README.md,0.01,C:\Users\noahr_b1q7080\.vscode\extensions\formulahendry.code-runner-0.12.2\node_modules\is-number
CHANGELOG.md,0.01,C:\Users\noahr_b1q7080\.vscode\extensions\formulahendry.code-runner-0.12.2\node_modules\micromatch
README.md,0.04,C:\Users\noahr_b1q7080\.vscode\extensions\formulahendry.code-runner-0.12.2\node_modules\micromatch
CHANGELOG.md,0.00,C:\Users\noahr_b1q7080\.vscode\extensions\formulahendry.code-runner-0.12.2\node_modules\picomatch
README.md,0.02,C:\Users\noahr_b1q7080\.vscode\extensions\formulahendry.code-runner-0.12.2\node_modules\picomatch
README.md,0.01,C:\Users\noahr_b1q7080\.vscode\extensions\formulahendry.code-runner-0.12.2\node_modules\to-regex-range
README.md,0.00,C:\Users\noahr_b1q7080\.vscode\extensions\formulahendry.code-runner-0.12.2\node_modules\tree-kill
CHANGELOG.md,0.04,C:\Users\noahr_b1q7080\.vscode\extensions\formulahendry.code-runner-0.12.2\node_modules\zone.js
README.md,0.00,C:\Users\noahr_b1q7080\.vscode\extensions\formulahendry.code-runner-0.12.2\node_modules\zone.js
CHANGELOG.md,0.00,C:\Users\noahr_b1q7080\.vscode\extensions\janw.love-launcher-1.4.1
LICENSE.md,0.03,C:\Users\noahr_b1q7080\.vscode\extensions\janw.love-launcher-1.4.1
README.md,0.00,C:\Users\noahr_b1q7080\.vscode\extensions\janw.love-launcher-1.4.1
changelog.md,0.06,C:\Users\noahr_b1q7080\.vscode\extensions\ms-dotnettools.csdevkit-3.20.199-win32-x64
LICENSE.md,0.02,C:\Users\noahr_b1q7080\.vscode\extensions\ms-dotnettools.csdevkit-3.20.199-win32-x64
readme.md,0.01,C:\Users\noahr_b1q7080\.vscode\extensions\ms-dotnettools.csdevkit-3.20.199-win32-x64
README.md,0.00,C:\Users\noahr_b1q7080\.vscode\extensions\ms-dotnettools.csdevkit-3.20.199-win32-x64\components\servicehub
Retiring-dotnet67-sdk-support.md,0.00,C:\Users\noahr_b1q7080\.vscode\extensions\ms-dotnettools.csdevkit-3.20.199-win32-x64\contents
install-sdk.md,0.00,C:\Users\noahr_b1q7080\.vscode\extensions\ms-dotnettools.csdevkit-3.20.199-win32-x64\media
learn-more-win.md,0.00,C:\Users\noahr_b1q7080\.vscode\extensions\ms-dotnettools.csdevkit-3.20.199-win32-x64\media
WBD-hybrid announcement.md,0.00,C:\Users\noahr_b1q7080\.vscode\extensions\ms-dotnettools.csdevkit-3.20.199-win32-x64\media
changelog.md,0.07,C:\Users\noahr_b1q7080\.vscode\extensions\ms-dotnettools.csdevkit-3.40.204-win32-x64
LICENSE.md,0.02,C:\Users\noahr_b1q7080\.vscode\extensions\ms-dotnettools.csdevkit-3.40.204-win32-x64
readme.md,0.01,C:\Users\noahr_b1q7080\.vscode\extensions\ms-dotnettools.csdevkit-3.40.204-win32-x64
README.md,0.00,C:\Users\noahr_b1q7080\.vscode\extensions\ms-dotnettools.csdevkit-3.40.204-win32-x64\components\servicehub
Retiring-dotnet67-sdk-support.md,0.00,C:\Users\noahr_b1q7080\.vscode\extensions\ms-dotnettools.csdevkit-3.40.204-win32-x64\contents
install-sdk.md,0.00,C:\Users\noahr_b1q7080\.vscode\extensions\ms-dotnettools.csdevkit-3.40.204-win32-x64\media
learn-more-win.md,0.00,C:\Users\noahr_b1q7080\.vscode\extensions\ms-dotnettools.csdevkit-3.40.204-win32-x64\media
WBD-hybrid announcement.md,0.00,C:\Users\noahr_b1q7080\.vscode\extensions\ms-dotnettools.csdevkit-3.40.204-win32-x64\media
SKILL.md,0.02,C:\Users\noahr_b1q7080\.vscode\extensions\ms-dotnettools.csdevkit-3.40.204-win32-x64\src\copilot\skills\dotnet-aspnetcore\dotnet-webapi
SKILL.md,0.01,C:\Users\noahr_b1q7080\.vscode\extensions\ms-dotnettools.csdevkit-3.40.204-win32-x64\src\copilot\skills\dotnet-diag\analyzing-dotnet-performance
async-patterns.md,0.00,C:\Users\noahr_b1q7080\.vscode\extensions\ms-dotnettools.csdevkit-3.40.204-win32-x64\src\copilot\skills\dotnet-diag\analyzing-dotnet-performance\references
collections-and-linq.md,0.01,C:\Users\noahr_b1q7080\.vscode\extensions\ms-dotnettools.csdevkit-3.40.204-win32-x64\src\copilot\skills\dotnet-diag\analyzing-dotnet-performance\references
critical-patterns.md,0.01,C:\Users\noahr_b1q7080\.vscode\extensions\ms-dotnettools.csdevkit-3.40.204-win32-x64\src\copilot\skills\dotnet-diag\analyzing-dotnet-performance\references
io-and-serialization.md,0.00,C:\Users\noahr_b1q7080\.vscode\extensions\ms-dotnettools.csdevkit-3.40.204-win32-x64\src\copilot\skills\dotnet-diag\analyzing-dotnet-performance\references
memory-and-strings.md,0.01,C:\Users\noahr_b1q7080\.vscode\extensions\ms-dotnettools.csdevkit-3.40.204-win32-x64\src\copilot\skills\dotnet-diag\analyzing-dotnet-performance\references
regex-patterns.md,0.00,C:\Users\noahr_b1q7080\.vscode\extensions\ms-dotnettools.csdevkit-3.40.204-win32-x64\src\copilot\skills\dotnet-diag\analyzing-dotnet-performance\references
structural-patterns.md,0.00,C:\Users\noahr_b1q7080\.vscode\extensions\ms-dotnettools.csdevkit-3.40.204-win32-x64\src\copilot\skills\dotnet-diag\analyzing-dotnet-performance\references
SKILL.md,0.02,C:\Users\noahr_b1q7080\.vscode\extensions\ms-dotnettools.csdevkit-3.40.204-win32-x64\src\copilot\skills\dotnet-test\run-tests
changelog.md,0.37,C:\Users\noahr_b1q7080\.vscode\extensions\ms-dotnettools.csharp-2.140.9-win32-x64
readme.md,0.00,C:\Users\noahr_b1q7080\.vscode\extensions\ms-dotnettools.csharp-2.140.9-win32-x64
Readme.md,0.00,C:\Users\noahr_b1q7080\.vscode\extensions\ms-dotnettools.csharp-2.140.9-win32-x64\.razorExtension\Targets
changelog.md,0.41,C:\Users\noahr_b1q7080\.vscode\extensions\ms-dotnettools.csharp-2.160.4-win32-x64
readme.md,0.00,C:\Users\noahr_b1q7080\.vscode\extensions\ms-dotnettools.csharp-2.160.4-win32-x64
Readme.md,0.00,C:\Users\noahr_b1q7080\.vscode\extensions\ms-dotnettools.csharp-2.160.4-win32-x64\.roslyn\Targets
changelog.md,0.02,C:\Users\noahr_b1q7080\.vscode\extensions\ms-dotnettools.vscode-dotnet-runtime-3.1.0
readme.md,0.01,C:\Users\noahr_b1q7080\.vscode\extensions\ms-dotnettools.vscode-dotnet-runtime-3.1.0
changelog.md,0.00,C:\Users\noahr_b1q7080\.vscode\extensions\ms-python.black-formatter-2026.6.0
readme.md,0.01,C:\Users\noahr_b1q7080\.vscode\extensions\ms-python.black-formatter-2026.6.0
SECURITY.md,0.00,C:\Users\noahr_b1q7080\.vscode\extensions\ms-python.black-formatter-2026.6.0
SUPPORT.md,0.00,C:\Users\noahr_b1q7080\.vscode\extensions\ms-python.black-formatter-2026.6.0
contributing.md,0.00,C:\Users\noahr_b1q7080\.vscode\extensions\ms-python.debugpy-2026.6.0-win32-x64
readme.md,0.00,C:\Users\noahr_b1q7080\.vscode\extensions\ms-python.debugpy-2026.6.0-win32-x64
SECURITY.md,0.00,C:\Users\noahr_b1q7080\.vscode\extensions\ms-python.debugpy-2026.6.0-win32-x64
SUPPORT.md,0.00,C:\Users\noahr_b1q7080\.vscode\extensions\ms-python.debugpy-2026.6.0-win32-x64
README.md,0.00,C:\Users\noahr_b1q7080\.vscode\extensions\ms-python.debugpy-2026.6.0-win32-x64\bundled\libs\debugpy\_vendored\pydevd\pydevd_plugins\extensions
report_issue_template.md,0.00,C:\Users\noahr_b1q7080\.vscode\extensions\ms-python.debugpy-2026.6.0-win32-x64\resources
report_issue_user_data_template.md,0.00,C:\Users\noahr_b1q7080\.vscode\extensions\ms-python.debugpy-2026.6.0-win32-x64\resources
changelog.md,0.60,C:\Users\noahr_b1q7080\.vscode\extensions\ms-python.python-2026.4.0-win32-x64
readme.md,0.01,C:\Users\noahr_b1q7080\.vscode\extensions\ms-python.python-2026.4.0-win32-x64
SECURITY.md,0.00,C:\Users\noahr_b1q7080\.vscode\extensions\ms-python.python-2026.4.0-win32-x64
SUPPORT.md,0.00,C:\Users\noahr_b1q7080\.vscode\extensions\ms-python.python-2026.4.0-win32-x64
report_issue_template.md,0.00,C:\Users\noahr_b1q7080\.vscode\extensions\ms-python.python-2026.4.0-win32-x64\resources
report_issue_user_data_template.md,0.00,C:\Users\noahr_b1q7080\.vscode\extensions\ms-python.python-2026.4.0-win32-x64\resources
environments-info.md,0.00,C:\Users\noahr_b1q7080\.vscode\extensions\ms-python.python-2026.4.0-win32-x64\resources\walkthrough
install-python-linux.md,0.00,C:\Users\noahr_b1q7080\.vscode\extensions\ms-python.python-2026.4.0-win32-x64\resources\walkthrough
install-python-macos.md,0.00,C:\Users\noahr_b1q7080\.vscode\extensions\ms-python.python-2026.4.0-win32-x64\resources\walkthrough
install-python-windows-8.md,0.00,C:\Users\noahr_b1q7080\.vscode\extensions\ms-python.python-2026.4.0-win32-x64\resources\walkthrough
changelog.md,0.67,C:\Users\noahr_b1q7080\.vscode\extensions\ms-python.vscode-pylance-2026.3.1
readme.md,0.04,C:\Users\noahr_b1q7080\.vscode\extensions\ms-python.vscode-pylance-2026.3.1
RSPACK.md,0.01,C:\Users\noahr_b1q7080\.vscode\extensions\ms-python.vscode-pylance-2026.3.1
README.md,0.00,C:\Users\noahr_b1q7080\.vscode\extensions\ms-python.vscode-pylance-2026.3.1\dist\bundled\stubs\skimage
README.md,0.00,C:\Users\noahr_b1q7080\.vscode\extensions\ms-python.vscode-pylance-2026.3.1\dist\bundled\stubs\sklearn
README.md,0.00,C:\Users\noahr_b1q7080\.vscode\extensions\ms-python.vscode-pylance-2026.3.1\dist\bundled\stubs\sympy-stubs
README.md,0.00,C:\Users\noahr_b1q7080\.vscode\extensions\ms-python.vscode-pylance-2026.3.1\dist\bundled\stubs\vispy
README.md,0.00,C:\Users\noahr_b1q7080\.vscode\extensions\ms-python.vscode-pylance-2026.3.1\dist\stub-generation
README.md,0.01,C:\Users\noahr_b1q7080\.vscode\extensions\ms-python.vscode-pylance-2026.3.1\dist\typeshed-fallback
SKILL.md,0.00,C:\Users\noahr_b1q7080\.vscode\extensions\ms-python.vscode-pylance-2026.3.1\skills\pylance-docs
SKILL.md,0.01,C:\Users\noahr_b1q7080\.vscode\extensions\ms-python.vscode-pylance-2026.3.1\skills\pylance-python-profiling
SKILL.md,0.01,C:\Users\noahr_b1q7080\.vscode\extensions\ms-python.vscode-pylance-2026.3.1\skills\pylance-refactoring
SKILL.md,0.00,C:\Users\noahr_b1q7080\.vscode\extensions\ms-python.vscode-pylance-2026.3.1\skills\python-fact-grounded-coding
readme.md,0.03,C:\Users\noahr_b1q7080\.vscode\extensions\ms-python.vscode-python-envs-1.36.0-win32-x64
SECURITY.md,0.00,C:\Users\noahr_b1q7080\.vscode\extensions\ms-python.vscode-python-envs-1.36.0-win32-x64
SUPPORT.md,0.00,C:\Users\noahr_b1q7080\.vscode\extensions\ms-python.vscode-python-envs-1.36.0-win32-x64
documentation-writer.agent.md,0.01,C:\Users\noahr_b1q7080\.vscode\extensions\ms-python.vscode-python-envs-1.36.0-win32-x64\.github\agents
maintainer.agent.md,0.01,C:\Users\noahr_b1q7080\.vscode\extensions\ms-python.vscode-python-envs-1.36.0-win32-x64\.github\agents
reviewer.agent.md,0.03,C:\Users\noahr_b1q7080\.vscode\extensions\ms-python.vscode-python-envs-1.36.0-win32-x64\.github\agents
README.md,0.00,C:\Users\noahr_b1q7080\.vscode\extensions\ms-python.vscode-python-envs-1.36.0-win32-x64\.github\hooks\scripts
generic.instructions.md,0.00,C:\Users\noahr_b1q7080\.vscode\extensions\ms-python.vscode-python-envs-1.36.0-win32-x64\.github\instructions
issue-format.instructions.md,0.00,C:\Users\noahr_b1q7080\.vscode\extensions\ms-python.vscode-python-envs-1.36.0-win32-x64\.github\instructions
testing-workflow.instructions.md,0.02,C:\Users\noahr_b1q7080\.vscode\extensions\ms-python.vscode-python-envs-1.36.0-win32-x64\.github\instructions
bug-report.md,0.00,C:\Users\noahr_b1q7080\.vscode\extensions\ms-python.vscode-python-envs-1.36.0-win32-x64\.github\ISSUE_TEMPLATE
feature-request.md,0.00,C:\Users\noahr_b1q7080\.vscode\extensions\ms-python.vscode-python-envs-1.36.0-win32-x64\.github\ISSUE_TEMPLATE
question.md,0.00,C:\Users\noahr_b1q7080\.vscode\extensions\ms-python.vscode-python-envs-1.36.0-win32-x64\.github\ISSUE_TEMPLATE
add-telemetry.prompt.md,0.00,C:\Users\noahr_b1q7080\.vscode\extensions\ms-python.vscode-python-envs-1.36.0-win32-x64\.github\prompts
SKILL.md,0.01,C:\Users\noahr_b1q7080\.vscode\extensions\ms-python.vscode-python-envs-1.36.0-win32-x64\.github\skills\cross-platform-paths
SKILL.md,0.00,C:\Users\noahr_b1q7080\.vscode\extensions\ms-python.vscode-python-envs-1.36.0-win32-x64\.github\skills\debug-failing-test
SKILL.md,0.00,C:\Users\noahr_b1q7080\.vscode\extensions\ms-python.vscode-python-envs-1.36.0-win32-x64\.github\skills\generate-snapshot
SKILL.md,0.01,C:\Users\noahr_b1q7080\.vscode\extensions\ms-python.vscode-python-envs-1.36.0-win32-x64\.github\skills\python-manager-discovery
SKILL.md,0.00,C:\Users\noahr_b1q7080\.vscode\extensions\ms-python.vscode-python-envs-1.36.0-win32-x64\.github\skills\run-e2e-tests
SKILL.md,0.00,C:\Users\noahr_b1q7080\.vscode\extensions\ms-python.vscode-python-envs-1.36.0-win32-x64\.github\skills\run-integration-tests
SKILL.md,0.00,C:\Users\noahr_b1q7080\.vscode\extensions\ms-python.vscode-python-envs-1.36.0-win32-x64\.github\skills\run-pre-commit-checks
SKILL.md,0.00,C:\Users\noahr_b1q7080\.vscode\extensions\ms-python.vscode-python-envs-1.36.0-win32-x64\.github\skills\run-smoke-tests
SKILL.md,0.01,C:\Users\noahr_b1q7080\.vscode\extensions\ms-python.vscode-python-envs-1.36.0-win32-x64\.github\skills\settings-precedence
LICENSE.md,0.00,C:\Users\noahr_b1q7080\.vscode\extensions\ms-python.vscode-python-envs-1.36.0-win32-x64\api
README.md,0.00,C:\Users\noahr_b1q7080\.vscode\extensions\ms-python.vscode-python-envs-1.36.0-win32-x64\api
SECURITY.md,0.00,C:\Users\noahr_b1q7080\.vscode\extensions\ms-python.vscode-python-envs-1.36.0-win32-x64\api
design.md,0.01,C:\Users\noahr_b1q7080\.vscode\extensions\ms-python.vscode-python-envs-1.36.0-win32-x64\docs
managing-python-projects.md,0.01,C:\Users\noahr_b1q7080\.vscode\extensions\ms-python.vscode-python-envs-1.36.0-win32-x64\docs
projects-api-reference.md,0.00,C:\Users\noahr_b1q7080\.vscode\extensions\ms-python.vscode-python-envs-1.36.0-win32-x64\docs
startup-flow.md,0.00,C:\Users\noahr_b1q7080\.vscode\extensions\ms-python.vscode-python-envs-1.36.0-win32-x64\docs
package-copilot-instructions.md,0.00,C:\Users\noahr_b1q7080\.vscode\extensions\ms-python.vscode-python-envs-1.36.0-win32-x64\files\templates\copilot-instructions-text
script-copilot-instructions.md,0.00,C:\Users\noahr_b1q7080\.vscode\extensions\ms-python.vscode-python-envs-1.36.0-win32-x64\files\templates\copilot-instructions-text
changelog.md,0.12,C:\Users\noahr_b1q7080\.vscode\extensions\ms-vscode.cmake-tools-1.23.52
EXTENSIBILITY.md,0.00,C:\Users\noahr_b1q7080\.vscode\extensions\ms-vscode.cmake-tools-1.23.52
readme.md,0.01,C:\Users\noahr_b1q7080\.vscode\extensions\ms-vscode.cmake-tools-1.23.52
SECURITY.md,0.00,C:\Users\noahr_b1q7080\.vscode\extensions\ms-vscode.cmake-tools-1.23.52
THIRD.md,0.00,C:\Users\noahr_b1q7080\.vscode\extensions\ms-vscode.cmake-tools-1.23.52
CHANGELOG.md,0.14,C:\Users\noahr_b1q7080\.vscode\extensions\ms-vscode.cmake-tools-1.24.42
EXTENSIBILITY.md,0.00,C:\Users\noahr_b1q7080\.vscode\extensions\ms-vscode.cmake-tools-1.24.42
README.md,0.01,C:\Users\noahr_b1q7080\.vscode\extensions\ms-vscode.cmake-tools-1.24.42
SECURITY.md,0.00,C:\Users\noahr_b1q7080\.vscode\extensions\ms-vscode.cmake-tools-1.24.42
THIRD.md,0.00,C:\Users\noahr_b1q7080\.vscode\extensions\ms-vscode.cmake-tools-1.24.42
changelog.md,0.00,C:\Users\noahr_b1q7080\.vscode\extensions\ms-vscode.cpp-devtools-0.5.14
readme.md,0.00,C:\Users\noahr_b1q7080\.vscode\extensions\ms-vscode.cpp-devtools-0.5.14
changelog.md,0.00,C:\Users\noahr_b1q7080\.vscode\extensions\ms-vscode.cpp-devtools-0.6.18
readme.md,0.00,C:\Users\noahr_b1q7080\.vscode\extensions\ms-vscode.cpp-devtools-0.6.18
changelog.md,0.19,C:\Users\noahr_b1q7080\.vscode\extensions\ms-vscode.cpptools-1.33.8-win32-x64
readme.md,0.00,C:\Users\noahr_b1q7080\.vscode\extensions\ms-vscode.cpptools-1.33.8-win32-x64
Reinstalling the Extension.md,0.00,C:\Users\noahr_b1q7080\.vscode\extensions\ms-vscode.cpptools-1.33.8-win32-x64
Reinstalling the Extension.md,0.00,C:\Users\noahr_b1q7080\.vscode\extensions\ms-vscode.cpptools-1.33.8-win32-x64\dist\html\cs
Reinstalling the Extension.md,0.00,C:\Users\noahr_b1q7080\.vscode\extensions\ms-vscode.cpptools-1.33.8-win32-x64\dist\html\de
Reinstalling the Extension.md,0.00,C:\Users\noahr_b1q7080\.vscode\extensions\ms-vscode.cpptools-1.33.8-win32-x64\dist\html\es
Reinstalling the Extension.md,0.00,C:\Users\noahr_b1q7080\.vscode\extensions\ms-vscode.cpptools-1.33.8-win32-x64\dist\html\fr
Reinstalling the Extension.md,0.00,C:\Users\noahr_b1q7080\.vscode\extensions\ms-vscode.cpptools-1.33.8-win32-x64\dist\html\it
Reinstalling the Extension.md,0.00,C:\Users\noahr_b1q7080\.vscode\extensions\ms-vscode.cpptools-1.33.8-win32-x64\dist\html\ja
Reinstalling the Extension.md,0.00,C:\Users\noahr_b1q7080\.vscode\extensions\ms-vscode.cpptools-1.33.8-win32-x64\dist\html\ko
Reinstalling the Extension.md,0.00,C:\Users\noahr_b1q7080\.vscode\extensions\ms-vscode.cpptools-1.33.8-win32-x64\dist\html\pl
Reinstalling the Extension.md,0.00,C:\Users\noahr_b1q7080\.vscode\extensions\ms-vscode.cpptools-1.33.8-win32-x64\dist\html\pt-br
Reinstalling the Extension.md,0.00,C:\Users\noahr_b1q7080\.vscode\extensions\ms-vscode.cpptools-1.33.8-win32-x64\dist\html\ru
Reinstalling the Extension.md,0.00,C:\Users\noahr_b1q7080\.vscode\extensions\ms-vscode.cpptools-1.33.8-win32-x64\dist\html\tr
Reinstalling the Extension.md,0.00,C:\Users\noahr_b1q7080\.vscode\extensions\ms-vscode.cpptools-1.33.8-win32-x64\dist\html\zh-cn
Reinstalling the Extension.md,0.00,C:\Users\noahr_b1q7080\.vscode\extensions\ms-vscode.cpptools-1.33.8-win32-x64\dist\html\zh-tw
run-and-debug-project-linux.nls.cs.md,0.00,C:\Users\noahr_b1q7080\.vscode\extensions\ms-vscode.cpptools-1.33.8-win32-x64\dist\walkthrough\debugconfig
run-and-debug-project-linux.nls.de.md,0.00,C:\Users\noahr_b1q7080\.vscode\extensions\ms-vscode.cpptools-1.33.8-win32-x64\dist\walkthrough\debugconfig
run-and-debug-project-linux.nls.en.md,0.00,C:\Users\noahr_b1q7080\.vscode\extensions\ms-vscode.cpptools-1.33.8-win32-x64\dist\walkthrough\debugconfig
run-and-debug-project-linux.nls.es.md,0.00,C:\Users\noahr_b1q7080\.vscode\extensions\ms-vscode.cpptools-1.33.8-win32-x64\dist\walkthrough\debugconfig
run-and-debug-project-linux.nls.fr.md,0.00,C:\Users\noahr_b1q7080\.vscode\extensions\ms-vscode.cpptools-1.33.8-win32-x64\dist\walkthrough\debugconfig
run-and-debug-project-linux.nls.it.md,0.00,C:\Users\noahr_b1q7080\.vscode\extensions\ms-vscode.cpptools-1.33.8-win32-x64\dist\walkthrough\debugconfig
run-and-debug-project-linux.nls.ja.md,0.00,C:\Users\noahr_b1q7080\.vscode\extensions\ms-vscode.cpptools-1.33.8-win32-x64\dist\walkthrough\debugconfig
run-and-debug-project-linux.nls.ko.md,0.00,C:\Users\noahr_b1q7080\.vscode\extensions\ms-vscode.cpptools-1.33.8-win32-x64\dist\walkthrough\debugconfig
run-and-debug-project-linux.nls.pl.md,0.00,C:\Users\noahr_b1q7080\.vscode\extensions\ms-vscode.cpptools-1.33.8-win32-x64\dist\walkthrough\debugconfig
run-and-debug-project-linux.nls.pt-br.md,0.00,C:\Users\noahr_b1q7080\.vscode\extensions\ms-vscode.cpptools-1.33.8-win32-x64\dist\walkthrough\debugconfig
run-and-debug-project-linux.nls.ru.md,0.00,C:\Users\noahr_b1q7080\.vscode\extensions\ms-vscode.cpptools-1.33.8-win32-x64\dist\walkthrough\debugconfig
run-and-debug-project-linux.nls.tr.md,0.00,C:\Users\noahr_b1q7080\.vscode\extensions\ms-vscode.cpptools-1.33.8-win32-x64\dist\walkthrough\debugconfig
run-and-debug-project-linux.nls.zh-cn.md,0.00,C:\Users\noahr_b1q7080\.vscode\extensions\ms-vscode.cpptools-1.33.8-win32-x64\dist\walkthrough\debugconfig
run-and-debug-project-linux.nls.zh-tw.md,0.00,C:\Users\noahr_b1q7080\.vscode\extensions\ms-vscode.cpptools-1.33.8-win32-x64\dist\walkthrough\debugconfig
run-and-debug-project-mac.nls.cs.md,0.00,C:\Users\noahr_b1q7080\.vscode\extensions\ms-vscode.cpptools-1.33.8-win32-x64\dist\walkthrough\debugconfig
run-and-debug-project-mac.nls.de.md,0.00,C:\Users\noahr_b1q7080\.vscode\extensions\ms-vscode.cpptools-1.33.8-win32-x64\dist\walkthrough\debugconfig
run-and-debug-project-mac.nls.en.md,0.00,C:\Users\noahr_b1q7080\.vscode\extensions\ms-vscode.cpptools-1.33.8-win32-x64\dist\walkthrough\debugconfig
run-and-debug-project-mac.nls.es.md,0.00,C:\Users\noahr_b1q7080\.vscode\extensions\ms-vscode.cpptools-1.33.8-win32-x64\dist\walkthrough\debugconfig
run-and-debug-project-mac.nls.fr.md,0.00,C:\Users\noahr_b1q7080\.vscode\extensions\ms-vscode.cpptools-1.33.8-win32-x64\dist\walkthrough\debugconfig
run-and-debug-project-mac.nls.it.md,0.00,C:\Users\noahr_b1q7080\.vscode\extensions\ms-vscode.cpptools-1.33.8-win32-x64\dist\walkthrough\debugconfig
run-and-debug-project-mac.nls.ja.md,0.00,C:\Users\noahr_b1q7080\.vscode\extensions\ms-vscode.cpptools-1.33.8-win32-x64\dist\walkthrough\debugconfig
run-and-debug-project-mac.nls.ko.md,0.00,C:\Users\noahr_b1q7080\.vscode\extensions\ms-vscode.cpptools-1.33.8-win32-x64\dist\walkthrough\debugconfig
run-and-debug-project-mac.nls.pl.md,0.00,C:\Users\noahr_b1q7080\.vscode\extensions\ms-vscode.cpptools-1.33.8-win32-x64\dist\walkthrough\debugconfig
run-and-debug-project-mac.nls.pt-br.md,0.00,C:\Users\noahr_b1q7080\.vscode\extensions\ms-vscode.cpptools-1.33.8-win32-x64\dist\walkthrough\debugconfig
run-and-debug-project-mac.nls.ru.md,0.00,C:\Users\noahr_b1q7080\.vscode\extensions\ms-vscode.cpptools-1.33.8-win32-x64\dist\walkthrough\debugconfig
run-and-debug-project-mac.nls.tr.md,0.00,C:\Users\noahr_b1q7080\.vscode\extensions\ms-vscode.cpptools-1.33.8-win32-x64\dist\walkthrough\debugconfig
run-and-debug-project-mac.nls.zh-cn.md,0.00,C:\Users\noahr_b1q7080\.vscode\extensions\ms-vscode.cpptools-1.33.8-win32-x64\dist\walkthrough\debugconfig
run-and-debug-project-mac.nls.zh-tw.md,0.00,C:\Users\noahr_b1q7080\.vscode\extensions\ms-vscode.cpptools-1.33.8-win32-x64\dist\walkthrough\debugconfig
run-and-debug-project-windows.nls.cs.md,0.00,C:\Users\noahr_b1q7080\.vscode\extensions\ms-vscode.cpptools-1.33.8-win32-x64\dist\walkthrough\debugconfig
run-and-debug-project-windows.nls.de.md,0.00,C:\Users\noahr_b1q7080\.vscode\extensions\ms-vscode.cpptools-1.33.8-win32-x64\dist\walkthrough\debugconfig
run-and-debug-project-windows.nls.en.md,0.00,C:\Users\noahr_b1q7080\.vscode\extensions\ms-vscode.cpptools-1.33.8-win32-x64\dist\walkthrough\debugconfig
run-and-debug-project-windows.nls.es.md,0.00,C:\Users\noahr_b1q7080\.vscode\extensions\ms-vscode.cpptools-1.33.8-win32-x64\dist\walkthrough\debugconfig
run-and-debug-project-windows.nls.fr.md,0.00,C:\Users\noahr_b1q7080\.vscode\extensions\ms-vscode.cpptools-1.33.8-win32-x64\dist\walkthrough\debugconfig
run-and-debug-project-windows.nls.it.md,0.00,C:\Users\noahr_b1q7080\.vscode\extensions\ms-vscode.cpptools-1.33.8-win32-x64\dist\walkthrough\debugconfig
run-and-debug-project-windows.nls.ja.md,0.00,C:\Users\noahr_b1q7080\.vscode\extensions\ms-vscode.cpptools-1.33.8-win32-x64\dist\walkthrough\debugconfig
run-and-debug-project-windows.nls.ko.md,0.00,C:\Users\noahr_b1q7080\.vscode\extensions\ms-vscode.cpptools-1.33.8-win32-x64\dist\walkthrough\debugconfig
run-and-debug-project-windows.nls.pl.md,0.00,C:\Users\noahr_b1q7080\.vscode\extensions\ms-vscode.cpptools-1.33.8-win32-x64\dist\walkthrough\debugconfig
run-and-debug-project-windows.nls.pt-br.md,0.00,C:\Users\noahr_b1q7080\.vscode\extensions\ms-vscode.cpptools-1.33.8-win32-x64\dist\walkthrough\debugconfig
run-and-debug-project-windows.nls.ru.md,0.00,C:\Users\noahr_b1q7080\.vscode\extensions\ms-vscode.cpptools-1.33.8-win32-x64\dist\walkthrough\debugconfig
run-and-debug-project-windows.nls.tr.md,0.00,C:\Users\noahr_b1q7080\.vscode\extensions\ms-vscode.cpptools-1.33.8-win32-x64\dist\walkthrough\debugconfig
run-and-debug-project-windows.nls.zh-cn.md,0.00,C:\Users\noahr_b1q7080\.vscode\extensions\ms-vscode.cpptools-1.33.8-win32-x64\dist\walkthrough\debugconfig
run-and-debug-project-windows.nls.zh-tw.md,0.00,C:\Users\noahr_b1q7080\.vscode\extensions\ms-vscode.cpptools-1.33.8-win32-x64\dist\walkthrough\debugconfig
open-developer-command-prompt.nls.cs.md,0.00,C:\Users\noahr_b1q7080\.vscode\extensions\ms-vscode.cpptools-1.33.8-win32-x64\dist\walkthrough\devcommandprompt
open-developer-command-prompt.nls.de.md,0.00,C:\Users\noahr_b1q7080\.vscode\extensions\ms-vscode.cpptools-1.33.8-win32-x64\dist\walkthrough\devcommandprompt
open-developer-command-prompt.nls.en.md,0.00,C:\Users\noahr_b1q7080\.vscode\extensions\ms-vscode.cpptools-1.33.8-win32-x64\dist\walkthrough\devcommandprompt
open-developer-command-prompt.nls.es.md,0.00,C:\Users\noahr_b1q7080\.vscode\extensions\ms-vscode.cpptools-1.33.8-win32-x64\dist\walkthrough\devcommandprompt
open-developer-command-prompt.nls.fr.md,0.00,C:\Users\noahr_b1q7080\.vscode\extensions\ms-vscode.cpptools-1.33.8-win32-x64\dist\walkthrough\devcommandprompt
open-developer-command-prompt.nls.it.md,0.00,C:\Users\noahr_b1q7080\.vscode\extensions\ms-vscode.cpptools-1.33.8-win32-x64\dist\walkthrough\devcommandprompt
open-developer-command-prompt.nls.ja.md,0.00,C:\Users\noahr_b1q7080\.vscode\extensions\ms-vscode.cpptools-1.33.8-win32-x64\dist\walkthrough\devcommandprompt
open-developer-command-prompt.nls.ko.md,0.00,C:\Users\noahr_b1q7080\.vscode\extensions\ms-vscode.cpptools-1.33.8-win32-x64\dist\walkthrough\devcommandprompt
open-developer-command-prompt.nls.pl.md,0.00,C:\Users\noahr_b1q7080\.vscode\extensions\ms-vscode.cpptools-1.33.8-win32-x64\dist\walkthrough\devcommandprompt
open-developer-command-prompt.nls.pt-br.md,0.00,C:\Users\noahr_b1q7080\.vscode\extensions\ms-vscode.cpptools-1.33.8-win32-x64\dist\walkthrough\devcommandprompt
open-developer-command-prompt.nls.ru.md,0.00,C:\Users\noahr_b1q7080\.vscode\extensions\ms-vscode.cpptools-1.33.8-win32-x64\dist\walkthrough\devcommandprompt
open-developer-command-prompt.nls.tr.md,0.00,C:\Users\noahr_b1q7080\.vscode\extensions\ms-vscode.cpptools-1.33.8-win32-x64\dist\walkthrough\devcommandprompt
open-developer-command-prompt.nls.zh-cn.md,0.00,C:\Users\noahr_b1q7080\.vscode\extensions\ms-vscode.cpptools-1.33.8-win32-x64\dist\walkthrough\devcommandprompt
open-developer-command-prompt.nls.zh-tw.md,0.00,C:\Users\noahr_b1q7080\.vscode\extensions\ms-vscode.cpptools-1.33.8-win32-x64\dist\walkthrough\devcommandprompt
install-clang-macos.nls.cs.md,0.00,C:\Users\noahr_b1q7080\.vscode\extensions\ms-vscode.cpptools-1.33.8-win32-x64\dist\walkthrough\installcompiler
install-clang-macos.nls.de.md,0.00,C:\Users\noahr_b1q7080\.vscode\extensions\ms-vscode.cpptools-1.33.8-win32-x64\dist\walkthrough\installcompiler
install-clang-macos.nls.en.md,0.00,C:\Users\noahr_b1q7080\.vscode\extensions\ms-vscode.cpptools-1.33.8-win32-x64\dist\walkthrough\installcompiler
install-clang-macos.nls.es.md,0.00,C:\Users\noahr_b1q7080\.vscode\extensions\ms-vscode.cpptools-1.33.8-win32-x64\dist\walkthrough\installcompiler
install-clang-macos.nls.fr.md,0.00,C:\Users\noahr_b1q7080\.vscode\extensions\ms-vscode.cpptools-1.33.8-win32-x64\dist\walkthrough\installcompiler
install-clang-macos.nls.it.md,0.00,C:\Users\noahr_b1q7080\.vscode\extensions\ms-vscode.cpptools-1.33.8-win32-x64\dist\walkthrough\installcompiler
install-clang-macos.nls.ja.md,0.00,C:\Users\noahr_b1q7080\.vscode\extensions\ms-vscode.cpptools-1.33.8-win32-x64\dist\walkthrough\installcompiler
install-clang-macos.nls.ko.md,0.00,C:\Users\noahr_b1q7080\.vscode\extensions\ms-vscode.cpptools-1.33.8-win32-x64\dist\walkthrough\installcompiler
install-clang-macos.nls.pl.md,0.00,C:\Users\noahr_b1q7080\.vscode\extensions\ms-vscode.cpptools-1.33.8-win32-x64\dist\walkthrough\installcompiler
install-clang-macos.nls.pt-br.md,0.00,C:\Users\noahr_b1q7080\.vscode\extensions\ms-vscode.cpptools-1.33.8-win32-x64\dist\walkthrough\installcompiler
install-clang-macos.nls.ru.md,0.00,C:\Users\noahr_b1q7080\.vscode\extensions\ms-vscode.cpptools-1.33.8-win32-x64\dist\walkthrough\installcompiler
install-clang-macos.nls.tr.md,0.00,C:\Users\noahr_b1q7080\.vscode\extensions\ms-vscode.cpptools-1.33.8-win32-x64\dist\walkthrough\installcompiler
install-clang-macos.nls.zh-cn.md,0.00,C:\Users\noahr_b1q7080\.vscode\extensions\ms-vscode.cpptools-1.33.8-win32-x64\dist\walkthrough\installcompiler
install-clang-macos.nls.zh-tw.md,0.00,C:\Users\noahr_b1q7080\.vscode\extensions\ms-vscode.cpptools-1.33.8-win32-x64\dist\walkthrough\installcompiler
install-compiler-windows.nls.cs.md,0.00,C:\Users\noahr_b1q7080\.vscode\extensions\ms-vscode.cpptools-1.33.8-win32-x64\dist\walkthrough\installcompiler
install-compiler-windows.nls.de.md,0.00,C:\Users\noahr_b1q7080\.vscode\extensions\ms-vscode.cpptools-1.33.8-win32-x64\dist\walkthrough\installcompiler
install-compiler-windows.nls.en.md,0.00,C:\Users\noahr_b1q7080\.vscode\extensions\ms-vscode.cpptools-1.33.8-win32-x64\dist\walkthrough\installcompiler
install-compiler-windows.nls.es.md,0.00,C:\Users\noahr_b1q7080\.vscode\extensions\ms-vscode.cpptools-1.33.8-win32-x64\dist\walkthrough\installcompiler
install-compiler-windows.nls.fr.md,0.00,C:\Users\noahr_b1q7080\.vscode\extensions\ms-vscode.cpptools-1.33.8-win32-x64\dist\walkthrough\installcompiler
install-compiler-windows.nls.it.md,0.00,C:\Users\noahr_b1q7080\.vscode\extensions\ms-vscode.cpptools-1.33.8-win32-x64\dist\walkthrough\installcompiler
install-compiler-windows.nls.ja.md,0.00,C:\Users\noahr_b1q7080\.vscode\extensions\ms-vscode.cpptools-1.33.8-win32-x64\dist\walkthrough\installcompiler
install-compiler-windows.nls.ko.md,0.00,C:\Users\noahr_b1q7080\.vscode\extensions\ms-vscode.cpptools-1.33.8-win32-x64\dist\walkthrough\installcompiler
install-compiler-windows.nls.pl.md,0.00,C:\Users\noahr_b1q7080\.vscode\extensions\ms-vscode.cpptools-1.33.8-win32-x64\dist\walkthrough\installcompiler
install-compiler-windows.nls.pt-br.md,0.00,C:\Users\noahr_b1q7080\.vscode\extensions\ms-vscode.cpptools-1.33.8-win32-x64\dist\walkthrough\installcompiler
install-compiler-windows.nls.ru.md,0.00,C:\Users\noahr_b1q7080\.vscode\extensions\ms-vscode.cpptools-1.33.8-win32-x64\dist\walkthrough\installcompiler
install-compiler-windows.nls.tr.md,0.00,C:\Users\noahr_b1q7080\.vscode\extensions\ms-vscode.cpptools-1.33.8-win32-x64\dist\walkthrough\installcompiler
install-compiler-windows.nls.zh-cn.md,0.00,C:\Users\noahr_b1q7080\.vscode\extensions\ms-vscode.cpptools-1.33.8-win32-x64\dist\walkthrough\installcompiler
install-compiler-windows.nls.zh-tw.md,0.00,C:\Users\noahr_b1q7080\.vscode\extensions\ms-vscode.cpptools-1.33.8-win32-x64\dist\walkthrough\installcompiler
install-compiler-windows10.nls.cs.md,0.00,C:\Users\noahr_b1q7080\.vscode\extensions\ms-vscode.cpptools-1.33.8-win32-x64\dist\walkthrough\installcompiler
install-compiler-windows10.nls.de.md,0.00,C:\Users\noahr_b1q7080\.vscode\extensions\ms-vscode.cpptools-1.33.8-win32-x64\dist\walkthrough\installcompiler
install-compiler-windows10.nls.en.md,0.00,C:\Users\noahr_b1q7080\.vscode\extensions\ms-vscode.cpptools-1.33.8-win32-x64\dist\walkthrough\installcompiler
install-compiler-windows10.nls.es.md,0.00,C:\Users\noahr_b1q7080\.vscode\extensions\ms-vscode.cpptools-1.33.8-win32-x64\dist\walkthrough\installcompiler
install-compiler-windows10.nls.fr.md,0.00,C:\Users\noahr_b1q7080\.vscode\extensions\ms-vscode.cpptools-1.33.8-win32-x64\dist\walkthrough\installcompiler
install-compiler-windows10.nls.it.md,0.00,C:\Users\noahr_b1q7080\.vscode\extensions\ms-vscode.cpptools-1.33.8-win32-x64\dist\walkthrough\installcompiler
install-compiler-windows10.nls.ja.md,0.00,C:\Users\noahr_b1q7080\.vscode\extensions\ms-vscode.cpptools-1.33.8-win32-x64\dist\walkthrough\installcompiler
install-compiler-windows10.nls.ko.md,0.00,C:\Users\noahr_b1q7080\.vscode\extensions\ms-vscode.cpptools-1.33.8-win32-x64\dist\walkthrough\installcompiler
install-compiler-windows10.nls.pl.md,0.00,C:\Users\noahr_b1q7080\.vscode\extensions\ms-vscode.cpptools-1.33.8-win32-x64\dist\walkthrough\installcompiler
install-compiler-windows10.nls.pt-br.md,0.00,C:\Users\noahr_b1q7080\.vscode\extensions\ms-vscode.cpptools-1.33.8-win32-x64\dist\walkthrough\installcompiler
install-compiler-windows10.nls.ru.md,0.00,C:\Users\noahr_b1q7080\.vscode\extensions\ms-vscode.cpptools-1.33.8-win32-x64\dist\walkthrough\installcompiler
install-compiler-windows10.nls.tr.md,0.00,C:\Users\noahr_b1q7080\.vscode\extensions\ms-vscode.cpptools-1.33.8-win32-x64\dist\walkthrough\installcompiler
install-compiler-windows10.nls.zh-cn.md,0.00,C:\Users\noahr_b1q7080\.vscode\extensions\ms-vscode.cpptools-1.33.8-win32-x64\dist\walkthrough\installcompiler
install-compiler-windows10.nls.zh-tw.md,0.00,C:\Users\noahr_b1q7080\.vscode\extensions\ms-vscode.cpptools-1.33.8-win32-x64\dist\walkthrough\installcompiler
install-compiler-windows11.nls.cs.md,0.00,C:\Users\noahr_b1q7080\.vscode\extensions\ms-vscode.cpptools-1.33.8-win32-x64\dist\walkthrough\installcompiler
install-compiler-windows11.nls.de.md,0.00,C:\Users\noahr_b1q7080\.vscode\extensions\ms-vscode.cpptools-1.33.8-win32-x64\dist\walkthrough\installcompiler
install-compiler-windows11.nls.en.md,0.00,C:\Users\noahr_b1q7080\.vscode\extensions\ms-vscode.cpptools-1.33.8-win32-x64\dist\walkthrough\installcompiler
install-compiler-windows11.nls.es.md,0.00,C:\Users\noahr_b1q7080\.vscode\extensions\ms-vscode.cpptools-1.33.8-win32-x64\dist\walkthrough\installcompiler
install-compiler-windows11.nls.fr.md,0.00,C:\Users\noahr_b1q7080\.vscode\extensions\ms-vscode.cpptools-1.33.8-win32-x64\dist\walkthrough\installcompiler
install-compiler-windows11.nls.it.md,0.00,C:\Users\noahr_b1q7080\.vscode\extensions\ms-vscode.cpptools-1.33.8-win32-x64\dist\walkthrough\installcompiler
install-compiler-windows11.nls.ja.md,0.00,C:\Users\noahr_b1q7080\.vscode\extensions\ms-vscode.cpptools-1.33.8-win32-x64\dist\walkthrough\installcompiler
install-compiler-windows11.nls.ko.md,0.00,C:\Users\noahr_b1q7080\.vscode\extensions\ms-vscode.cpptools-1.33.8-win32-x64\dist\walkthrough\installcompiler
install-compiler-windows11.nls.pl.md,0.00,C:\Users\noahr_b1q7080\.vscode\extensions\ms-vscode.cpptools-1.33.8-win32-x64\dist\walkthrough\installcompiler
install-compiler-windows11.nls.pt-br.md,0.00,C:\Users\noahr_b1q7080\.vscode\extensions\ms-vscode.cpptools-1.33.8-win32-x64\dist\walkthrough\installcompiler
install-compiler-windows11.nls.ru.md,0.00,C:\Users\noahr_b1q7080\.vscode\extensions\ms-vscode.cpptools-1.33.8-win32-x64\dist\walkthrough\installcompiler
install-compiler-windows11.nls.tr.md,0.00,C:\Users\noahr_b1q7080\.vscode\extensions\ms-vscode.cpptools-1.33.8-win32-x64\dist\walkthrough\installcompiler
install-compiler-windows11.nls.zh-cn.md,0.00,C:\Users\noahr_b1q7080\.vscode\extensions\ms-vscode.cpptools-1.33.8-win32-x64\dist\walkthrough\installcompiler
install-compiler-windows11.nls.zh-tw.md,0.00,C:\Users\noahr_b1q7080\.vscode\extensions\ms-vscode.cpptools-1.33.8-win32-x64\dist\walkthrough\installcompiler
install-gcc-linux.nls.cs.md,0.00,C:\Users\noahr_b1q7080\.vscode\extensions\ms-vscode.cpptools-1.33.8-win32-x64\dist\walkthrough\installcompiler
install-gcc-linux.nls.de.md,0.00,C:\Users\noahr_b1q7080\.vscode\extensions\ms-vscode.cpptools-1.33.8-win32-x64\dist\walkthrough\installcompiler
install-gcc-linux.nls.en.md,0.00,C:\Users\noahr_b1q7080\.vscode\extensions\ms-vscode.cpptools-1.33.8-win32-x64\dist\walkthrough\installcompiler
install-gcc-linux.nls.es.md,0.00,C:\Users\noahr_b1q7080\.vscode\extensions\ms-vscode.cpptools-1.33.8-win32-x64\dist\walkthrough\installcompiler
install-gcc-linux.nls.fr.md,0.00,C:\Users\noahr_b1q7080\.vscode\extensions\ms-vscode.cpptools-1.33.8-win32-x64\dist\walkthrough\installcompiler
install-gcc-linux.nls.it.md,0.00,C:\Users\noahr_b1q7080\.vscode\extensions\ms-vscode.cpptools-1.33.8-win32-x64\dist\walkthrough\installcompiler
install-gcc-linux.nls.ja.md,0.00,C:\Users\noahr_b1q7080\.vscode\extensions\ms-vscode.cpptools-1.33.8-win32-x64\dist\walkthrough\installcompiler
install-gcc-linux.nls.ko.md,0.00,C:\Users\noahr_b1q7080\.vscode\extensions\ms-vscode.cpptools-1.33.8-win32-x64\dist\walkthrough\installcompiler
install-gcc-linux.nls.pl.md,0.00,C:\Users\noahr_b1q7080\.vscode\extensions\ms-vscode.cpptools-1.33.8-win32-x64\dist\walkthrough\installcompiler
install-gcc-linux.nls.pt-br.md,0.00,C:\Users\noahr_b1q7080\.vscode\extensions\ms-vscode.cpptools-1.33.8-win32-x64\dist\walkthrough\installcompiler
install-gcc-linux.nls.ru.md,0.00,C:\Users\noahr_b1q7080\.vscode\extensions\ms-vscode.cpptools-1.33.8-win32-x64\dist\walkthrough\installcompiler
install-gcc-linux.nls.tr.md,0.00,C:\Users\noahr_b1q7080\.vscode\extensions\ms-vscode.cpptools-1.33.8-win32-x64\dist\walkthrough\installcompiler
install-gcc-linux.nls.zh-cn.md,0.00,C:\Users\noahr_b1q7080\.vscode\extensions\ms-vscode.cpptools-1.33.8-win32-x64\dist\walkthrough\installcompiler
install-gcc-linux.nls.zh-tw.md,0.00,C:\Users\noahr_b1q7080\.vscode\extensions\ms-vscode.cpptools-1.33.8-win32-x64\dist\walkthrough\installcompiler
run-and-debug-project-linux.md,0.00,C:\Users\noahr_b1q7080\.vscode\extensions\ms-vscode.cpptools-1.33.8-win32-x64\walkthrough\debugconfig
run-and-debug-project-mac.md,0.00,C:\Users\noahr_b1q7080\.vscode\extensions\ms-vscode.cpptools-1.33.8-win32-x64\walkthrough\debugconfig
run-and-debug-project-windows.md,0.00,C:\Users\noahr_b1q7080\.vscode\extensions\ms-vscode.cpptools-1.33.8-win32-x64\walkthrough\debugconfig
open-developer-command-prompt.md,0.00,C:\Users\noahr_b1q7080\.vscode\extensions\ms-vscode.cpptools-1.33.8-win32-x64\walkthrough\devcommandprompt
install-clang-macos.md,0.00,C:\Users\noahr_b1q7080\.vscode\extensions\ms-vscode.cpptools-1.33.8-win32-x64\walkthrough\installcompiler
install-compiler-windows.md,0.00,C:\Users\noahr_b1q7080\.vscode\extensions\ms-vscode.cpptools-1.33.8-win32-x64\walkthrough\installcompiler
install-compiler-windows10.md,0.00,C:\Users\noahr_b1q7080\.vscode\extensions\ms-vscode.cpptools-1.33.8-win32-x64\walkthrough\installcompiler
install-compiler-windows11.md,0.00,C:\Users\noahr_b1q7080\.vscode\extensions\ms-vscode.cpptools-1.33.8-win32-x64\walkthrough\installcompiler
install-gcc-linux.md,0.00,C:\Users\noahr_b1q7080\.vscode\extensions\ms-vscode.cpptools-1.33.8-win32-x64\walkthrough\installcompiler
changelog.md,0.20,C:\Users\noahr_b1q7080\.vscode\extensions\ms-vscode.cpptools-1.35.1-win32-x64
readme.md,0.00,C:\Users\noahr_b1q7080\.vscode\extensions\ms-vscode.cpptools-1.35.1-win32-x64
Reinstalling the Extension.md,0.00,C:\Users\noahr_b1q7080\.vscode\extensions\ms-vscode.cpptools-1.35.1-win32-x64
README.md,0.00,C:\Users\noahr_b1q7080\.vscode\extensions\ms-vscode.cpptools-1.35.1-win32-x64\.yarn-bootstrap\node_modules\yarn
Reinstalling the Extension.md,0.00,C:\Users\noahr_b1q7080\.vscode\extensions\ms-vscode.cpptools-1.35.1-win32-x64\dist\html\cs
Reinstalling the Extension.md,0.00,C:\Users\noahr_b1q7080\.vscode\extensions\ms-vscode.cpptools-1.35.1-win32-x64\dist\html\de
Reinstalling the Extension.md,0.00,C:\Users\noahr_b1q7080\.vscode\extensions\ms-vscode.cpptools-1.35.1-win32-x64\dist\html\es
Reinstalling the Extension.md,0.00,C:\Users\noahr_b1q7080\.vscode\extensions\ms-vscode.cpptools-1.35.1-win32-x64\dist\html\fr
Reinstalling the Extension.md,0.00,C:\Users\noahr_b1q7080\.vscode\extensions\ms-vscode.cpptools-1.35.1-win32-x64\dist\html\it
Reinstalling the Extension.md,0.00,C:\Users\noahr_b1q7080\.vscode\extensions\ms-vscode.cpptools-1.35.1-win32-x64\dist\html\ja
Reinstalling the Extension.md,0.00,C:\Users\noahr_b1q7080\.vscode\extensions\ms-vscode.cpptools-1.35.1-win32-x64\dist\html\ko
Reinstalling the Extension.md,0.00,C:\Users\noahr_b1q7080\.vscode\extensions\ms-vscode.cpptools-1.35.1-win32-x64\dist\html\pl
Reinstalling the Extension.md,0.00,C:\Users\noahr_b1q7080\.vscode\extensions\ms-vscode.cpptools-1.35.1-win32-x64\dist\html\pt-br
Reinstalling the Extension.md,0.00,C:\Users\noahr_b1q7080\.vscode\extensions\ms-vscode.cpptools-1.35.1-win32-x64\dist\html\ru
Reinstalling the Extension.md,0.00,C:\Users\noahr_b1q7080\.vscode\extensions\ms-vscode.cpptools-1.35.1-win32-x64\dist\html\tr
Reinstalling the Extension.md,0.00,C:\Users\noahr_b1q7080\.vscode\extensions\ms-vscode.cpptools-1.35.1-win32-x64\dist\html\zh-cn
Reinstalling the Extension.md,0.00,C:\Users\noahr_b1q7080\.vscode\extensions\ms-vscode.cpptools-1.35.1-win32-x64\dist\html\zh-tw
run-and-debug-project-linux.nls.cs.md,0.00,C:\Users\noahr_b1q7080\.vscode\extensions\ms-vscode.cpptools-1.35.1-win32-x64\dist\walkthrough\debugconfig
run-and-debug-project-linux.nls.de.md,0.00,C:\Users\noahr_b1q7080\.vscode\extensions\ms-vscode.cpptools-1.35.1-win32-x64\dist\walkthrough\debugconfig
run-and-debug-project-linux.nls.en.md,0.00,C:\Users\noahr_b1q7080\.vscode\extensions\ms-vscode.cpptools-1.35.1-win32-x64\dist\walkthrough\debugconfig
run-and-debug-project-linux.nls.es.md,0.00,C:\Users\noahr_b1q7080\.vscode\extensions\ms-vscode.cpptools-1.35.1-win32-x64\dist\walkthrough\debugconfig
run-and-debug-project-linux.nls.fr.md,0.00,C:\Users\noahr_b1q7080\.vscode\extensions\ms-vscode.cpptools-1.35.1-win32-x64\dist\walkthrough\debugconfig
run-and-debug-project-linux.nls.it.md,0.00,C:\Users\noahr_b1q7080\.vscode\extensions\ms-vscode.cpptools-1.35.1-win32-x64\dist\walkthrough\debugconfig
run-and-debug-project-linux.nls.ja.md,0.00,C:\Users\noahr_b1q7080\.vscode\extensions\ms-vscode.cpptools-1.35.1-win32-x64\dist\walkthrough\debugconfig
run-and-debug-project-linux.nls.ko.md,0.00,C:\Users\noahr_b1q7080\.vscode\extensions\ms-vscode.cpptools-1.35.1-win32-x64\dist\walkthrough\debugconfig
run-and-debug-project-linux.nls.pl.md,0.00,C:\Users\noahr_b1q7080\.vscode\extensions\ms-vscode.cpptools-1.35.1-win32-x64\dist\walkthrough\debugconfig
run-and-debug-project-linux.nls.pt-br.md,0.00,C:\Users\noahr_b1q7080\.vscode\extensions\ms-vscode.cpptools-1.35.1-win32-x64\dist\walkthrough\debugconfig
run-and-debug-project-linux.nls.ru.md,0.00,C:\Users\noahr_b1q7080\.vscode\extensions\ms-vscode.cpptools-1.35.1-win32-x64\dist\walkthrough\debugconfig
run-and-debug-project-linux.nls.tr.md,0.00,C:\Users\noahr_b1q7080\.vscode\extensions\ms-vscode.cpptools-1.35.1-win32-x64\dist\walkthrough\debugconfig
run-and-debug-project-linux.nls.zh-cn.md,0.00,C:\Users\noahr_b1q7080\.vscode\extensions\ms-vscode.cpptools-1.35.1-win32-x64\dist\walkthrough\debugconfig
run-and-debug-project-linux.nls.zh-tw.md,0.00,C:\Users\noahr_b1q7080\.vscode\extensions\ms-vscode.cpptools-1.35.1-win32-x64\dist\walkthrough\debugconfig
run-and-debug-project-mac.nls.cs.md,0.00,C:\Users\noahr_b1q7080\.vscode\extensions\ms-vscode.cpptools-1.35.1-win32-x64\dist\walkthrough\debugconfig
run-and-debug-project-mac.nls.de.md,0.00,C:\Users\noahr_b1q7080\.vscode\extensions\ms-vscode.cpptools-1.35.1-win32-x64\dist\walkthrough\debugconfig
run-and-debug-project-mac.nls.en.md,0.00,C:\Users\noahr_b1q7080\.vscode\extensions\ms-vscode.cpptools-1.35.1-win32-x64\dist\walkthrough\debugconfig
run-and-debug-project-mac.nls.es.md,0.00,C:\Users\noahr_b1q7080\.vscode\extensions\ms-vscode.cpptools-1.35.1-win32-x64\dist\walkthrough\debugconfig
run-and-debug-project-mac.nls.fr.md,0.00,C:\Users\noahr_b1q7080\.vscode\extensions\ms-vscode.cpptools-1.35.1-win32-x64\dist\walkthrough\debugconfig
run-and-debug-project-mac.nls.it.md,0.00,C:\Users\noahr_b1q7080\.vscode\extensions\ms-vscode.cpptools-1.35.1-win32-x64\dist\walkthrough\debugconfig
run-and-debug-project-mac.nls.ja.md,0.00,C:\Users\noahr_b1q7080\.vscode\extensions\ms-vscode.cpptools-1.35.1-win32-x64\dist\walkthrough\debugconfig
run-and-debug-project-mac.nls.ko.md,0.00,C:\Users\noahr_b1q7080\.vscode\extensions\ms-vscode.cpptools-1.35.1-win32-x64\dist\walkthrough\debugconfig
run-and-debug-project-mac.nls.pl.md,0.00,C:\Users\noahr_b1q7080\.vscode\extensions\ms-vscode.cpptools-1.35.1-win32-x64\dist\walkthrough\debugconfig
run-and-debug-project-mac.nls.pt-br.md,0.00,C:\Users\noahr_b1q7080\.vscode\extensions\ms-vscode.cpptools-1.35.1-win32-x64\dist\walkthrough\debugconfig
run-and-debug-project-mac.nls.ru.md,0.00,C:\Users\noahr_b1q7080\.vscode\extensions\ms-vscode.cpptools-1.35.1-win32-x64\dist\walkthrough\debugconfig
run-and-debug-project-mac.nls.tr.md,0.00,C:\Users\noahr_b1q7080\.vscode\extensions\ms-vscode.cpptools-1.35.1-win32-x64\dist\walkthrough\debugconfig
run-and-debug-project-mac.nls.zh-cn.md,0.00,C:\Users\noahr_b1q7080\.vscode\extensions\ms-vscode.cpptools-1.35.1-win32-x64\dist\walkthrough\debugconfig
run-and-debug-project-mac.nls.zh-tw.md,0.00,C:\Users\noahr_b1q7080\.vscode\extensions\ms-vscode.cpptools-1.35.1-win32-x64\dist\walkthrough\debugconfig
run-and-debug-project-windows.nls.cs.md,0.00,C:\Users\noahr_b1q7080\.vscode\extensions\ms-vscode.cpptools-1.35.1-win32-x64\dist\walkthrough\debugconfig
run-and-debug-project-windows.nls.de.md,0.00,C:\Users\noahr_b1q7080\.vscode\extensions\ms-vscode.cpptools-1.35.1-win32-x64\dist\walkthrough\debugconfig
run-and-debug-project-windows.nls.en.md,0.00,C:\Users\noahr_b1q7080\.vscode\extensions\ms-vscode.cpptools-1.35.1-win32-x64\dist\walkthrough\debugconfig
run-and-debug-project-windows.nls.es.md,0.00,C:\Users\noahr_b1q7080\.vscode\extensions\ms-vscode.cpptools-1.35.1-win32-x64\dist\walkthrough\debugconfig
run-and-debug-project-windows.nls.fr.md,0.00,C:\Users\noahr_b1q7080\.vscode\extensions\ms-vscode.cpptools-1.35.1-win32-x64\dist\walkthrough\debugconfig
run-and-debug-project-windows.nls.it.md,0.00,C:\Users\noahr_b1q7080\.vscode\extensions\ms-vscode.cpptools-1.35.1-win32-x64\dist\walkthrough\debugconfig
run-and-debug-project-windows.nls.ja.md,0.00,C:\Users\noahr_b1q7080\.vscode\extensions\ms-vscode.cpptools-1.35.1-win32-x64\dist\walkthrough\debugconfig
run-and-debug-project-windows.nls.ko.md,0.00,C:\Users\noahr_b1q7080\.vscode\extensions\ms-vscode.cpptools-1.35.1-win32-x64\dist\walkthrough\debugconfig
run-and-debug-project-windows.nls.pl.md,0.00,C:\Users\noahr_b1q7080\.vscode\extensions\ms-vscode.cpptools-1.35.1-win32-x64\dist\walkthrough\debugconfig
run-and-debug-project-windows.nls.pt-br.md,0.00,C:\Users\noahr_b1q7080\.vscode\extensions\ms-vscode.cpptools-1.35.1-win32-x64\dist\walkthrough\debugconfig
run-and-debug-project-windows.nls.ru.md,0.00,C:\Users\noahr_b1q7080\.vscode\extensions\ms-vscode.cpptools-1.35.1-win32-x64\dist\walkthrough\debugconfig
run-and-debug-project-windows.nls.tr.md,0.00,C:\Users\noahr_b1q7080\.vscode\extensions\ms-vscode.cpptools-1.35.1-win32-x64\dist\walkthrough\debugconfig
run-and-debug-project-windows.nls.zh-cn.md,0.00,C:\Users\noahr_b1q7080\.vscode\extensions\ms-vscode.cpptools-1.35.1-win32-x64\dist\walkthrough\debugconfig
run-and-debug-project-windows.nls.zh-tw.md,0.00,C:\Users\noahr_b1q7080\.vscode\extensions\ms-vscode.cpptools-1.35.1-win32-x64\dist\walkthrough\debugconfig
open-developer-command-prompt.nls.cs.md,0.00,C:\Users\noahr_b1q7080\.vscode\extensions\ms-vscode.cpptools-1.35.1-win32-x64\dist\walkthrough\devcommandprompt
open-developer-command-prompt.nls.de.md,0.00,C:\Users\noahr_b1q7080\.vscode\extensions\ms-vscode.cpptools-1.35.1-win32-x64\dist\walkthrough\devcommandprompt
open-developer-command-prompt.nls.en.md,0.00,C:\Users\noahr_b1q7080\.vscode\extensions\ms-vscode.cpptools-1.35.1-win32-x64\dist\walkthrough\devcommandprompt
open-developer-command-prompt.nls.es.md,0.00,C:\Users\noahr_b1q7080\.vscode\extensions\ms-vscode.cpptools-1.35.1-win32-x64\dist\walkthrough\devcommandprompt
open-developer-command-prompt.nls.fr.md,0.00,C:\Users\noahr_b1q7080\.vscode\extensions\ms-vscode.cpptools-1.35.1-win32-x64\dist\walkthrough\devcommandprompt
open-developer-command-prompt.nls.it.md,0.00,C:\Users\noahr_b1q7080\.vscode\extensions\ms-vscode.cpptools-1.35.1-win32-x64\dist\walkthrough\devcommandprompt
open-developer-command-prompt.nls.ja.md,0.00,C:\Users\noahr_b1q7080\.vscode\extensions\ms-vscode.cpptools-1.35.1-win32-x64\dist\walkthrough\devcommandprompt
open-developer-command-prompt.nls.ko.md,0.00,C:\Users\noahr_b1q7080\.vscode\extensions\ms-vscode.cpptools-1.35.1-win32-x64\dist\walkthrough\devcommandprompt
open-developer-command-prompt.nls.pl.md,0.00,C:\Users\noahr_b1q7080\.vscode\extensions\ms-vscode.cpptools-1.35.1-win32-x64\dist\walkthrough\devcommandprompt
open-developer-command-prompt.nls.pt-br.md,0.00,C:\Users\noahr_b1q7080\.vscode\extensions\ms-vscode.cpptools-1.35.1-win32-x64\dist\walkthrough\devcommandprompt
open-developer-command-prompt.nls.ru.md,0.00,C:\Users\noahr_b1q7080\.vscode\extensions\ms-vscode.cpptools-1.35.1-win32-x64\dist\walkthrough\devcommandprompt
open-developer-command-prompt.nls.tr.md,0.00,C:\Users\noahr_b1q7080\.vscode\extensions\ms-vscode.cpptools-1.35.1-win32-x64\dist\walkthrough\devcommandprompt
open-developer-command-prompt.nls.zh-cn.md,0.00,C:\Users\noahr_b1q7080\.vscode\extensions\ms-vscode.cpptools-1.35.1-win32-x64\dist\walkthrough\devcommandprompt
open-developer-command-prompt.nls.zh-tw.md,0.00,C:\Users\noahr_b1q7080\.vscode\extensions\ms-vscode.cpptools-1.35.1-win32-x64\dist\walkthrough\devcommandprompt
install-clang-macos.nls.cs.md,0.00,C:\Users\noahr_b1q7080\.vscode\extensions\ms-vscode.cpptools-1.35.1-win32-x64\dist\walkthrough\installcompiler
install-clang-macos.nls.de.md,0.00,C:\Users\noahr_b1q7080\.vscode\extensions\ms-vscode.cpptools-1.35.1-win32-x64\dist\walkthrough\installcompiler
install-clang-macos.nls.en.md,0.00,C:\Users\noahr_b1q7080\.vscode\extensions\ms-vscode.cpptools-1.35.1-win32-x64\dist\walkthrough\installcompiler
install-clang-macos.nls.es.md,0.00,C:\Users\noahr_b1q7080\.vscode\extensions\ms-vscode.cpptools-1.35.1-win32-x64\dist\walkthrough\installcompiler
install-clang-macos.nls.fr.md,0.00,C:\Users\noahr_b1q7080\.vscode\extensions\ms-vscode.cpptools-1.35.1-win32-x64\dist\walkthrough\installcompiler
install-clang-macos.nls.it.md,0.00,C:\Users\noahr_b1q7080\.vscode\extensions\ms-vscode.cpptools-1.35.1-win32-x64\dist\walkthrough\installcompiler
install-clang-macos.nls.ja.md,0.00,C:\Users\noahr_b1q7080\.vscode\extensions\ms-vscode.cpptools-1.35.1-win32-x64\dist\walkthrough\installcompiler
install-clang-macos.nls.ko.md,0.00,C:\Users\noahr_b1q7080\.vscode\extensions\ms-vscode.cpptools-1.35.1-win32-x64\dist\walkthrough\installcompiler
install-clang-macos.nls.pl.md,0.00,C:\Users\noahr_b1q7080\.vscode\extensions\ms-vscode.cpptools-1.35.1-win32-x64\dist\walkthrough\installcompiler
install-clang-macos.nls.pt-br.md,0.00,C:\Users\noahr_b1q7080\.vscode\extensions\ms-vscode.cpptools-1.35.1-win32-x64\dist\walkthrough\installcompiler
install-clang-macos.nls.ru.md,0.00,C:\Users\noahr_b1q7080\.vscode\extensions\ms-vscode.cpptools-1.35.1-win32-x64\dist\walkthrough\installcompiler
install-clang-macos.nls.tr.md,0.00,C:\Users\noahr_b1q7080\.vscode\extensions\ms-vscode.cpptools-1.35.1-win32-x64\dist\walkthrough\installcompiler
install-clang-macos.nls.zh-cn.md,0.00,C:\Users\noahr_b1q7080\.vscode\extensions\ms-vscode.cpptools-1.35.1-win32-x64\dist\walkthrough\installcompiler
install-clang-macos.nls.zh-tw.md,0.00,C:\Users\noahr_b1q7080\.vscode\extensions\ms-vscode.cpptools-1.35.1-win32-x64\dist\walkthrough\installcompiler
install-compiler-windows.nls.cs.md,0.00,C:\Users\noahr_b1q7080\.vscode\extensions\ms-vscode.cpptools-1.35.1-win32-x64\dist\walkthrough\installcompiler
install-compiler-windows.nls.de.md,0.00,C:\Users\noahr_b1q7080\.vscode\extensions\ms-vscode.cpptools-1.35.1-win32-x64\dist\walkthrough\installcompiler
install-compiler-windows.nls.en.md,0.00,C:\Users\noahr_b1q7080\.vscode\extensions\ms-vscode.cpptools-1.35.1-win32-x64\dist\walkthrough\installcompiler
install-compiler-windows.nls.es.md,0.00,C:\Users\noahr_b1q7080\.vscode\extensions\ms-vscode.cpptools-1.35.1-win32-x64\dist\walkthrough\installcompiler
install-compiler-windows.nls.fr.md,0.00,C:\Users\noahr_b1q7080\.vscode\extensions\ms-vscode.cpptools-1.35.1-win32-x64\dist\walkthrough\installcompiler
install-compiler-windows.nls.it.md,0.00,C:\Users\noahr_b1q7080\.vscode\extensions\ms-vscode.cpptools-1.35.1-win32-x64\dist\walkthrough\installcompiler
install-compiler-windows.nls.ja.md,0.00,C:\Users\noahr_b1q7080\.vscode\extensions\ms-vscode.cpptools-1.35.1-win32-x64\dist\walkthrough\installcompiler
install-compiler-windows.nls.ko.md,0.00,C:\Users\noahr_b1q7080\.vscode\extensions\ms-vscode.cpptools-1.35.1-win32-x64\dist\walkthrough\installcompiler
install-compiler-windows.nls.pl.md,0.00,C:\Users\noahr_b1q7080\.vscode\extensions\ms-vscode.cpptools-1.35.1-win32-x64\dist\walkthrough\installcompiler
install-compiler-windows.nls.pt-br.md,0.00,C:\Users\noahr_b1q7080\.vscode\extensions\ms-vscode.cpptools-1.35.1-win32-x64\dist\walkthrough\installcompiler
install-compiler-windows.nls.ru.md,0.00,C:\Users\noahr_b1q7080\.vscode\extensions\ms-vscode.cpptools-1.35.1-win32-x64\dist\walkthrough\installcompiler
install-compiler-windows.nls.tr.md,0.00,C:\Users\noahr_b1q7080\.vscode\extensions\ms-vscode.cpptools-1.35.1-win32-x64\dist\walkthrough\installcompiler
install-compiler-windows.nls.zh-cn.md,0.00,C:\Users\noahr_b1q7080\.vscode\extensions\ms-vscode.cpptools-1.35.1-win32-x64\dist\walkthrough\installcompiler
install-compiler-windows.nls.zh-tw.md,0.00,C:\Users\noahr_b1q7080\.vscode\extensions\ms-vscode.cpptools-1.35.1-win32-x64\dist\walkthrough\installcompiler
install-compiler-windows10.nls.cs.md,0.00,C:\Users\noahr_b1q7080\.vscode\extensions\ms-vscode.cpptools-1.35.1-win32-x64\dist\walkthrough\installcompiler
install-compiler-windows10.nls.de.md,0.00,C:\Users\noahr_b1q7080\.vscode\extensions\ms-vscode.cpptools-1.35.1-win32-x64\dist\walkthrough\installcompiler
install-compiler-windows10.nls.en.md,0.00,C:\Users\noahr_b1q7080\.vscode\extensions\ms-vscode.cpptools-1.35.1-win32-x64\dist\walkthrough\installcompiler
install-compiler-windows10.nls.es.md,0.00,C:\Users\noahr_b1q7080\.vscode\extensions\ms-vscode.cpptools-1.35.1-win32-x64\dist\walkthrough\installcompiler
install-compiler-windows10.nls.fr.md,0.00,C:\Users\noahr_b1q7080\.vscode\extensions\ms-vscode.cpptools-1.35.1-win32-x64\dist\walkthrough\installcompiler
install-compiler-windows10.nls.it.md,0.00,C:\Users\noahr_b1q7080\.vscode\extensions\ms-vscode.cpptools-1.35.1-win32-x64\dist\walkthrough\installcompiler
install-compiler-windows10.nls.ja.md,0.00,C:\Users\noahr_b1q7080\.vscode\extensions\ms-vscode.cpptools-1.35.1-win32-x64\dist\walkthrough\installcompiler
install-compiler-windows10.nls.ko.md,0.00,C:\Users\noahr_b1q7080\.vscode\extensions\ms-vscode.cpptools-1.35.1-win32-x64\dist\walkthrough\installcompiler
install-compiler-windows10.nls.pl.md,0.00,C:\Users\noahr_b1q7080\.vscode\extensions\ms-vscode.cpptools-1.35.1-win32-x64\dist\walkthrough\installcompiler
install-compiler-windows10.nls.pt-br.md,0.00,C:\Users\noahr_b1q7080\.vscode\extensions\ms-vscode.cpptools-1.35.1-win32-x64\dist\walkthrough\installcompiler
install-compiler-windows10.nls.ru.md,0.00,C:\Users\noahr_b1q7080\.vscode\extensions\ms-vscode.cpptools-1.35.1-win32-x64\dist\walkthrough\installcompiler
install-compiler-windows10.nls.tr.md,0.00,C:\Users\noahr_b1q7080\.vscode\extensions\ms-vscode.cpptools-1.35.1-win32-x64\dist\walkthrough\installcompiler
install-compiler-windows10.nls.zh-cn.md,0.00,C:\Users\noahr_b1q7080\.vscode\extensions\ms-vscode.cpptools-1.35.1-win32-x64\dist\walkthrough\installcompiler
install-compiler-windows10.nls.zh-tw.md,0.00,C:\Users\noahr_b1q7080\.vscode\extensions\ms-vscode.cpptools-1.35.1-win32-x64\dist\walkthrough\installcompiler
install-compiler-windows11.nls.cs.md,0.00,C:\Users\noahr_b1q7080\.vscode\extensions\ms-vscode.cpptools-1.35.1-win32-x64\dist\walkthrough\installcompiler
install-compiler-windows11.nls.de.md,0.00,C:\Users\noahr_b1q7080\.vscode\extensions\ms-vscode.cpptools-1.35.1-win32-x64\dist\walkthrough\installcompiler
install-compiler-windows11.nls.en.md,0.00,C:\Users\noahr_b1q7080\.vscode\extensions\ms-vscode.cpptools-1.35.1-win32-x64\dist\walkthrough\installcompiler
install-compiler-windows11.nls.es.md,0.00,C:\Users\noahr_b1q7080\.vscode\extensions\ms-vscode.cpptools-1.35.1-win32-x64\dist\walkthrough\installcompiler
install-compiler-windows11.nls.fr.md,0.00,C:\Users\noahr_b1q7080\.vscode\extensions\ms-vscode.cpptools-1.35.1-win32-x64\dist\walkthrough\installcompiler
install-compiler-windows11.nls.it.md,0.00,C:\Users\noahr_b1q7080\.vscode\extensions\ms-vscode.cpptools-1.35.1-win32-x64\dist\walkthrough\installcompiler
install-compiler-windows11.nls.ja.md,0.00,C:\Users\noahr_b1q7080\.vscode\extensions\ms-vscode.cpptools-1.35.1-win32-x64\dist\walkthrough\installcompiler
install-compiler-windows11.nls.ko.md,0.00,C:\Users\noahr_b1q7080\.vscode\extensions\ms-vscode.cpptools-1.35.1-win32-x64\dist\walkthrough\installcompiler
install-compiler-windows11.nls.pl.md,0.00,C:\Users\noahr_b1q7080\.vscode\extensions\ms-vscode.cpptools-1.35.1-win32-x64\dist\walkthrough\installcompiler
install-compiler-windows11.nls.pt-br.md,0.00,C:\Users\noahr_b1q7080\.vscode\extensions\ms-vscode.cpptools-1.35.1-win32-x64\dist\walkthrough\installcompiler
install-compiler-windows11.nls.ru.md,0.00,C:\Users\noahr_b1q7080\.vscode\extensions\ms-vscode.cpptools-1.35.1-win32-x64\dist\walkthrough\installcompiler
install-compiler-windows11.nls.tr.md,0.00,C:\Users\noahr_b1q7080\.vscode\extensions\ms-vscode.cpptools-1.35.1-win32-x64\dist\walkthrough\installcompiler
install-compiler-windows11.nls.zh-cn.md,0.00,C:\Users\noahr_b1q7080\.vscode\extensions\ms-vscode.cpptools-1.35.1-win32-x64\dist\walkthrough\installcompiler
install-compiler-windows11.nls.zh-tw.md,0.00,C:\Users\noahr_b1q7080\.vscode\extensions\ms-vscode.cpptools-1.35.1-win32-x64\dist\walkthrough\installcompiler
install-gcc-linux.nls.cs.md,0.00,C:\Users\noahr_b1q7080\.vscode\extensions\ms-vscode.cpptools-1.35.1-win32-x64\dist\walkthrough\installcompiler
install-gcc-linux.nls.de.md,0.00,C:\Users\noahr_b1q7080\.vscode\extensions\ms-vscode.cpptools-1.35.1-win32-x64\dist\walkthrough\installcompiler
install-gcc-linux.nls.en.md,0.00,C:\Users\noahr_b1q7080\.vscode\extensions\ms-vscode.cpptools-1.35.1-win32-x64\dist\walkthrough\installcompiler
install-gcc-linux.nls.es.md,0.00,C:\Users\noahr_b1q7080\.vscode\extensions\ms-vscode.cpptools-1.35.1-win32-x64\dist\walkthrough\installcompiler
install-gcc-linux.nls.fr.md,0.00,C:\Users\noahr_b1q7080\.vscode\extensions\ms-vscode.cpptools-1.35.1-win32-x64\dist\walkthrough\installcompiler
install-gcc-linux.nls.it.md,0.00,C:\Users\noahr_b1q7080\.vscode\extensions\ms-vscode.cpptools-1.35.1-win32-x64\dist\walkthrough\installcompiler
install-gcc-linux.nls.ja.md,0.00,C:\Users\noahr_b1q7080\.vscode\extensions\ms-vscode.cpptools-1.35.1-win32-x64\dist\walkthrough\installcompiler
install-gcc-linux.nls.ko.md,0.00,C:\Users\noahr_b1q7080\.vscode\extensions\ms-vscode.cpptools-1.35.1-win32-x64\dist\walkthrough\installcompiler
install-gcc-linux.nls.pl.md,0.00,C:\Users\noahr_b1q7080\.vscode\extensions\ms-vscode.cpptools-1.35.1-win32-x64\dist\walkthrough\installcompiler
install-gcc-linux.nls.pt-br.md,0.00,C:\Users\noahr_b1q7080\.vscode\extensions\ms-vscode.cpptools-1.35.1-win32-x64\dist\walkthrough\installcompiler
install-gcc-linux.nls.ru.md,0.00,C:\Users\noahr_b1q7080\.vscode\extensions\ms-vscode.cpptools-1.35.1-win32-x64\dist\walkthrough\installcompiler
install-gcc-linux.nls.tr.md,0.00,C:\Users\noahr_b1q7080\.vscode\extensions\ms-vscode.cpptools-1.35.1-win32-x64\dist\walkthrough\installcompiler
install-gcc-linux.nls.zh-cn.md,0.00,C:\Users\noahr_b1q7080\.vscode\extensions\ms-vscode.cpptools-1.35.1-win32-x64\dist\walkthrough\installcompiler
install-gcc-linux.nls.zh-tw.md,0.00,C:\Users\noahr_b1q7080\.vscode\extensions\ms-vscode.cpptools-1.35.1-win32-x64\dist\walkthrough\installcompiler
run-and-debug-project-linux.md,0.00,C:\Users\noahr_b1q7080\.vscode\extensions\ms-vscode.cpptools-1.35.1-win32-x64\walkthrough\debugconfig
run-and-debug-project-mac.md,0.00,C:\Users\noahr_b1q7080\.vscode\extensions\ms-vscode.cpptools-1.35.1-win32-x64\walkthrough\debugconfig
run-and-debug-project-windows.md,0.00,C:\Users\noahr_b1q7080\.vscode\extensions\ms-vscode.cpptools-1.35.1-win32-x64\walkthrough\debugconfig
open-developer-command-prompt.md,0.00,C:\Users\noahr_b1q7080\.vscode\extensions\ms-vscode.cpptools-1.35.1-win32-x64\walkthrough\devcommandprompt
install-clang-macos.md,0.00,C:\Users\noahr_b1q7080\.vscode\extensions\ms-vscode.cpptools-1.35.1-win32-x64\walkthrough\installcompiler
install-compiler-windows.md,0.00,C:\Users\noahr_b1q7080\.vscode\extensions\ms-vscode.cpptools-1.35.1-win32-x64\walkthrough\installcompiler
install-compiler-windows10.md,0.00,C:\Users\noahr_b1q7080\.vscode\extensions\ms-vscode.cpptools-1.35.1-win32-x64\walkthrough\installcompiler
install-compiler-windows11.md,0.00,C:\Users\noahr_b1q7080\.vscode\extensions\ms-vscode.cpptools-1.35.1-win32-x64\walkthrough\installcompiler
install-gcc-linux.md,0.00,C:\Users\noahr_b1q7080\.vscode\extensions\ms-vscode.cpptools-1.35.1-win32-x64\walkthrough\installcompiler
README.md,0.00,C:\Users\noahr_b1q7080\.vscode\extensions\ms-vscode.cpptools-extension-pack-1.5.1
README.md,0.00,C:\Users\noahr_b1q7080\.vscode\extensions\ms-vscode.cpptools-themes-2.0.0
CHANGELOG.md,0.00,C:\Users\noahr_b1q7080\.vscode\extensions\prodypanda.copytabs-1.0.4
LICENSE.md,0.00,C:\Users\noahr_b1q7080\.vscode\extensions\prodypanda.copytabs-1.0.4
README.md,0.01,C:\Users\noahr_b1q7080\.vscode\extensions\prodypanda.copytabs-1.0.4
SECURITY.md,0.00,C:\Users\noahr_b1q7080\.vscode\extensions\prodypanda.copytabs-1.0.4
README.md,0.00,C:\Users\noahr_b1q7080\.vscode\extensions\prodypanda.copytabs-1.0.4\node_modules\@vscode\l10n
changelog.md,0.00,C:\Users\noahr_b1q7080\.vscode\extensions\r88.monogame-0.0.7
LICENSE.md,0.00,C:\Users\noahr_b1q7080\.vscode\extensions\r88.monogame-0.0.7
readme.md,0.00,C:\Users\noahr_b1q7080\.vscode\extensions\r88.monogame-0.0.7
CHANGELOG.md,0.02,C:\Users\noahr_b1q7080\.vscode\extensions\ritwickdey.liveserver-5.7.10
README.md,0.01,C:\Users\noahr_b1q7080\.vscode\extensions\ritwickdey.liveserver-5.7.10
HISTORY.md,0.00,C:\Users\noahr_b1q7080\.vscode\extensions\ritwickdey.liveserver-5.7.10\node_modules\accepts
README.md,0.00,C:\Users\noahr_b1q7080\.vscode\extensions\ritwickdey.liveserver-5.7.10\node_modules\accepts
CHANGELOG.md,0.01,C:\Users\noahr_b1q7080\.vscode\extensions\ritwickdey.liveserver-5.7.10\node_modules\acorn
README.md,0.02,C:\Users\noahr_b1q7080\.vscode\extensions\ritwickdey.liveserver-5.7.10\node_modules\acorn
README.md,0.00,C:\Users\noahr_b1q7080\.vscode\extensions\ritwickdey.liveserver-5.7.10\node_modules\acorn-jsx
CHANGELOG.md,0.00,C:\Users\noahr_b1q7080\.vscode\extensions\ritwickdey.liveserver-5.7.10\node_modules\acorn-jsx\node_modules\acorn
README.md,0.02,C:\Users\noahr_b1q7080\.vscode\extensions\ritwickdey.liveserver-5.7.10\node_modules\acorn-jsx\node_modules\acorn
README.md,0.06,C:\Users\noahr_b1q7080\.vscode\extensions\ritwickdey.liveserver-5.7.10\node_modules\ajv
README.md,0.00,C:\Users\noahr_b1q7080\.vscode\extensions\ritwickdey.liveserver-5.7.10\node_modules\ajv\lib\dotjs
README.md,0.01,C:\Users\noahr_b1q7080\.vscode\extensions\ritwickdey.liveserver-5.7.10\node_modules\ajv-keywords
README.md,0.00,C:\Users\noahr_b1q7080\.vscode\extensions\ritwickdey.liveserver-5.7.10\node_modules\ajv-keywords\keywords\dotjs
README.md,0.00,C:\Users\noahr_b1q7080\.vscode\extensions\ritwickdey.liveserver-5.7.10\node_modules\anymatch
README.md,0.00,C:\Users\noahr_b1q7080\.vscode\extensions\ritwickdey.liveserver-5.7.10\node_modules\apache-crypt
README.md,0.00,C:\Users\noahr_b1q7080\.vscode\extensions\ritwickdey.liveserver-5.7.10\node_modules\apache-md5
CHANGELOG.md,0.00,C:\Users\noahr_b1q7080\.vscode\extensions\ritwickdey.liveserver-5.7.10\node_modules\argparse
README.md,0.01,C:\Users\noahr_b1q7080\.vscode\extensions\ritwickdey.liveserver-5.7.10\node_modules\argparse
readme.md,0.00,C:\Users\noahr_b1q7080\.vscode\extensions\ritwickdey.liveserver-5.7.10\node_modules\array-find-index
README.md,0.00,C:\Users\noahr_b1q7080\.vscode\extensions\ritwickdey.liveserver-5.7.10\node_modules\babel-code-frame
readme.md,0.00,C:\Users\noahr_b1q7080\.vscode\extensions\ritwickdey.liveserver-5.7.10\node_modules\babel-code-frame\node_modules\ansi-regex
readme.md,0.00,C:\Users\noahr_b1q7080\.vscode\extensions\ritwickdey.liveserver-5.7.10\node_modules\babel-code-frame\node_modules\ansi-styles
readme.md,0.01,C:\Users\noahr_b1q7080\.vscode\extensions\ritwickdey.liveserver-5.7.10\node_modules\babel-code-frame\node_modules\chalk
readme.md,0.00,C:\Users\noahr_b1q7080\.vscode\extensions\ritwickdey.liveserver-5.7.10\node_modules\babel-code-frame\node_modules\strip-ansi
readme.md,0.00,C:\Users\noahr_b1q7080\.vscode\extensions\ritwickdey.liveserver-5.7.10\node_modules\babel-code-frame\node_modules\supports-color
LICENSE.md,0.00,C:\Users\noahr_b1q7080\.vscode\extensions\ritwickdey.liveserver-5.7.10\node_modules\balanced-match
README.md,0.00,C:\Users\noahr_b1q7080\.vscode\extensions\ritwickdey.liveserver-5.7.10\node_modules\balanced-match
HISTORY.md,0.00,C:\Users\noahr_b1q7080\.vscode\extensions\ritwickdey.liveserver-5.7.10\node_modules\basic-auth
README.md,0.00,C:\Users\noahr_b1q7080\.vscode\extensions\ritwickdey.liveserver-5.7.10\node_modules\basic-auth
History.md,0.00,C:\Users\noahr_b1q7080\.vscode\extensions\ritwickdey.liveserver-5.7.10\node_modules\batch
Readme.md,0.00,C:\Users\noahr_b1q7080\.vscode\extensions\ritwickdey.liveserver-5.7.10\node_modules\batch
README.md,0.01,C:\Users\noahr_b1q7080\.vscode\extensions\ritwickdey.liveserver-5.7.10\node_modules\bcryptjs
README.md,0.00,C:\Users\noahr_b1q7080\.vscode\extensions\ritwickdey.liveserver-5.7.10\node_modules\bcryptjs\dist
README.md,0.00,C:\Users\noahr_b1q7080\.vscode\extensions\ritwickdey.liveserver-5.7.10\node_modules\bcryptjs\src\bcrypt\prng
readme.md,0.00,C:\Users\noahr_b1q7080\.vscode\extensions\ritwickdey.liveserver-5.7.10\node_modules\binary-extensions
README.md,0.00,C:\Users\noahr_b1q7080\.vscode\extensions\ritwickdey.liveserver-5.7.10\node_modules\brace-expansion
CHANGELOG.md,0.00,C:\Users\noahr_b1q7080\.vscode\extensions\ritwickdey.liveserver-5.7.10\node_modules\braces
README.md,0.02,C:\Users\noahr_b1q7080\.vscode\extensions\ritwickdey.liveserver-5.7.10\node_modules\braces
readme.md,0.00,C:\Users\noahr_b1q7080\.vscode\extensions\ritwickdey.liveserver-5.7.10\node_modules\buffer-from
readme.md,0.00,C:\Users\noahr_b1q7080\.vscode\extensions\ritwickdey.liveserver-5.7.10\node_modules\camelcase
readme.md,0.00,C:\Users\noahr_b1q7080\.vscode\extensions\ritwickdey.liveserver-5.7.10\node_modules\camelcase-keys
readme.md,0.00,C:\Users\noahr_b1q7080\.vscode\extensions\ritwickdey.liveserver-5.7.10\node_modules\capture-stack-trace
README.md,0.01,C:\Users\noahr_b1q7080\.vscode\extensions\ritwickdey.liveserver-5.7.10\node_modules\chokidar
README.md,0.00,C:\Users\noahr_b1q7080\.vscode\extensions\ritwickdey.liveserver-5.7.10\node_modules\circular-json
History.md,0.00,C:\Users\noahr_b1q7080\.vscode\extensions\ritwickdey.liveserver-5.7.10\node_modules\co
Readme.md,0.01,C:\Users\noahr_b1q7080\.vscode\extensions\ritwickdey.liveserver-5.7.10\node_modules\co
readme.md,0.00,C:\Users\noahr_b1q7080\.vscode\extensions\ritwickdey.liveserver-5.7.10\node_modules\code-point-at
README.md,0.00,C:\Users\noahr_b1q7080\.vscode\extensions\ritwickdey.liveserver-5.7.10\node_modules\colors
readme.md,0.00,C:\Users\noahr_b1q7080\.vscode\extensions\ritwickdey.liveserver-5.7.10\node_modules\concat-stream
HISTORY.md,0.07,C:\Users\noahr_b1q7080\.vscode\extensions\ritwickdey.liveserver-5.7.10\node_modules\connect
README.md,0.01,C:\Users\noahr_b1q7080\.vscode\extensions\ritwickdey.liveserver-5.7.10\node_modules\connect
SECURITY.md,0.00,C:\Users\noahr_b1q7080\.vscode\extensions\ritwickdey.liveserver-5.7.10\node_modules\connect
README.md,0.00,C:\Users\noahr_b1q7080\.vscode\extensions\ritwickdey.liveserver-5.7.10\node_modules\core-util-is
CONTRIBUTING.md,0.00,C:\Users\noahr_b1q7080\.vscode\extensions\ritwickdey.liveserver-5.7.10\node_modules\cors
HISTORY.md,0.00,C:\Users\noahr_b1q7080\.vscode\extensions\ritwickdey.liveserver-5.7.10\node_modules\cors
README.md,0.01,C:\Users\noahr_b1q7080\.vscode\extensions\ritwickdey.liveserver-5.7.10\node_modules\cors
readme.md,0.00,C:\Users\noahr_b1q7080\.vscode\extensions\ritwickdey.liveserver-5.7.10\node_modules\create-error-class
readme.md,0.00,C:\Users\noahr_b1q7080\.vscode\extensions\ritwickdey.liveserver-5.7.10\node_modules\currently-unhandled
CHANGELOG.md,0.00,C:\Users\noahr_b1q7080\.vscode\extensions\ritwickdey.liveserver-5.7.10\node_modules\d
README.md,0.00,C:\Users\noahr_b1q7080\.vscode\extensions\ritwickdey.liveserver-5.7.10\node_modules\d
CHANGELOG.md,0.01,C:\Users\noahr_b1q7080\.vscode\extensions\ritwickdey.liveserver-5.7.10\node_modules\debug
README.md,0.02,C:\Users\noahr_b1q7080\.vscode\extensions\ritwickdey.liveserver-5.7.10\node_modules\debug
readme.md,0.00,C:\Users\noahr_b1q7080\.vscode\extensions\ritwickdey.liveserver-5.7.10\node_modules\decamelize
History.md,0.00,C:\Users\noahr_b1q7080\.vscode\extensions\ritwickdey.liveserver-5.7.10\node_modules\depd
Readme.md,0.01,C:\Users\noahr_b1q7080\.vscode\extensions\ritwickdey.liveserver-5.7.10\node_modules\depd
README.md,0.00,C:\Users\noahr_b1q7080\.vscode\extensions\ritwickdey.liveserver-5.7.10\node_modules\destroy
CHANGELOG.md,0.00,C:\Users\noahr_b1q7080\.vscode\extensions\ritwickdey.liveserver-5.7.10\node_modules\doctrine
README.md,0.01,C:\Users\noahr_b1q7080\.vscode\extensions\ritwickdey.liveserver-5.7.10\node_modules\doctrine
README.md,0.00,C:\Users\noahr_b1q7080\.vscode\extensions\ritwickdey.liveserver-5.7.10\node_modules\duplexer
LICENSE.md,0.00,C:\Users\noahr_b1q7080\.vscode\extensions\ritwickdey.liveserver-5.7.10\node_modules\duplexer2
README.md,0.00,C:\Users\noahr_b1q7080\.vscode\extensions\ritwickdey.liveserver-5.7.10\node_modules\duplexer2
README.md,0.00,C:\Users\noahr_b1q7080\.vscode\extensions\ritwickdey.liveserver-5.7.10\node_modules\ee-first
HISTORY.md,0.00,C:\Users\noahr_b1q7080\.vscode\extensions\ritwickdey.liveserver-5.7.10\node_modules\encodeurl
README.md,0.00,C:\Users\noahr_b1q7080\.vscode\extensions\ritwickdey.liveserver-5.7.10\node_modules\encodeurl
README.md,0.00,C:\Users\noahr_b1q7080\.vscode\extensions\ritwickdey.liveserver-5.7.10\node_modules\error-ex
CHANGELOG.md,0.01,C:\Users\noahr_b1q7080\.vscode\extensions\ritwickdey.liveserver-5.7.10\node_modules\es5-ext
README.md,0.04,C:\Users\noahr_b1q7080\.vscode\extensions\ritwickdey.liveserver-5.7.10\node_modules\es5-ext
CHANGELOG.md,0.00,C:\Users\noahr_b1q7080\.vscode\extensions\ritwickdey.liveserver-5.7.10\node_modules\es6-iterator
README.md,0.00,C:\Users\noahr_b1q7080\.vscode\extensions\ritwickdey.liveserver-5.7.10\node_modules\es6-iterator
README.md,0.00,C:\Users\noahr_b1q7080\.vscode\extensions\ritwickdey.liveserver-5.7.10\node_modules\es6-map
README.md,0.00,C:\Users\noahr_b1q7080\.vscode\extensions\ritwickdey.liveserver-5.7.10\node_modules\es6-set
README.md,0.00,C:\Users\noahr_b1q7080\.vscode\extensions\ritwickdey.liveserver-5.7.10\node_modules\es6-set\node_modules\es6-symbol
CHANGELOG.md,0.00,C:\Users\noahr_b1q7080\.vscode\extensions\ritwickdey.liveserver-5.7.10\node_modules\es6-symbol
README.md,0.00,C:\Users\noahr_b1q7080\.vscode\extensions\ritwickdey.liveserver-5.7.10\node_modules\es6-symbol
CHANGELOG.md,0.00,C:\Users\noahr_b1q7080\.vscode\extensions\ritwickdey.liveserver-5.7.10\node_modules\es6-weak-map
README.md,0.00,C:\Users\noahr_b1q7080\.vscode\extensions\ritwickdey.liveserver-5.7.10\node_modules\es6-weak-map
Readme.md,0.00,C:\Users\noahr_b1q7080\.vscode\extensions\ritwickdey.liveserver-5.7.10\node_modules\escape-html
readme.md,0.00,C:\Users\noahr_b1q7080\.vscode\extensions\ritwickdey.liveserver-5.7.10\node_modules\escape-string-regexp
CONTRIBUTING.md,0.00,C:\Users\noahr_b1q7080\.vscode\extensions\ritwickdey.liveserver-5.7.10\node_modules\escope
README.md,0.00,C:\Users\noahr_b1q7080\.vscode\extensions\ritwickdey.liveserver-5.7.10\node_modules\escope
CHANGELOG.md,0.26,C:\Users\noahr_b1q7080\.vscode\extensions\ritwickdey.liveserver-5.7.10\node_modules\eslint
README.md,0.01,C:\Users\noahr_b1q7080\.vscode\extensions\ritwickdey.liveserver-5.7.10\node_modules\eslint
readme.md,0.00,C:\Users\noahr_b1q7080\.vscode\extensions\ritwickdey.liveserver-5.7.10\node_modules\eslint\node_modules\ansi-escapes
readme.md,0.00,C:\Users\noahr_b1q7080\.vscode\extensions\ritwickdey.liveserver-5.7.10\node_modules\eslint\node_modules\ansi-regex
readme.md,0.00,C:\Users\noahr_b1q7080\.vscode\extensions\ritwickdey.liveserver-5.7.10\node_modules\eslint\node_modules\ansi-styles
readme.md,0.01,C:\Users\noahr_b1q7080\.vscode\extensions\ritwickdey.liveserver-5.7.10\node_modules\eslint\node_modules\chalk
readme.md,0.00,C:\Users\noahr_b1q7080\.vscode\extensions\ritwickdey.liveserver-5.7.10\node_modules\eslint\node_modules\cli-cursor
CHANGELOG.md,0.00,C:\Users\noahr_b1q7080\.vscode\extensions\ritwickdey.liveserver-5.7.10\node_modules\eslint\node_modules\cli-width
README.md,0.00,C:\Users\noahr_b1q7080\.vscode\extensions\ritwickdey.liveserver-5.7.10\node_modules\eslint\node_modules\cli-width
readme.md,0.00,C:\Users\noahr_b1q7080\.vscode\extensions\ritwickdey.liveserver-5.7.10\node_modules\eslint\node_modules\figures
README.md,0.01,C:\Users\noahr_b1q7080\.vscode\extensions\ritwickdey.liveserver-5.7.10\node_modules\eslint\node_modules\inquirer
readme.md,0.00,C:\Users\noahr_b1q7080\.vscode\extensions\ritwickdey.liveserver-5.7.10\node_modules\eslint\node_modules\is-fullwidth-code-point
readme.md,0.00,C:\Users\noahr_b1q7080\.vscode\extensions\ritwickdey.liveserver-5.7.10\node_modules\eslint\node_modules\onetime
readme.md,0.00,C:\Users\noahr_b1q7080\.vscode\extensions\ritwickdey.liveserver-5.7.10\node_modules\eslint\node_modules\restore-cursor
README.md,0.00,C:\Users\noahr_b1q7080\.vscode\extensions\ritwickdey.liveserver-5.7.10\node_modules\eslint\node_modules\run-async
readme.md,0.00,C:\Users\noahr_b1q7080\.vscode\extensions\ritwickdey.liveserver-5.7.10\node_modules\eslint\node_modules\string-width
readme.md,0.00,C:\Users\noahr_b1q7080\.vscode\extensions\ritwickdey.liveserver-5.7.10\node_modules\eslint\node_modules\strip-ansi
readme.md,0.00,C:\Users\noahr_b1q7080\.vscode\extensions\ritwickdey.liveserver-5.7.10\node_modules\eslint\node_modules\supports-color
CHANGELOG.md,0.02,C:\Users\noahr_b1q7080\.vscode\extensions\ritwickdey.liveserver-5.7.10\node_modules\espree
README.md,0.01,C:\Users\noahr_b1q7080\.vscode\extensions\ritwickdey.liveserver-5.7.10\node_modules\espree
README.md,0.00,C:\Users\noahr_b1q7080\.vscode\extensions\ritwickdey.liveserver-5.7.10\node_modules\esprima
README.md,0.00,C:\Users\noahr_b1q7080\.vscode\extensions\ritwickdey.liveserver-5.7.10\node_modules\esquery
README.md,0.00,C:\Users\noahr_b1q7080\.vscode\extensions\ritwickdey.liveserver-5.7.10\node_modules\esquery\node_modules\estraverse
README.md,0.00,C:\Users\noahr_b1q7080\.vscode\extensions\ritwickdey.liveserver-5.7.10\node_modules\esrecurse
README.md,0.00,C:\Users\noahr_b1q7080\.vscode\extensions\ritwickdey.liveserver-5.7.10\node_modules\esrecurse\node_modules\estraverse
README.md,0.00,C:\Users\noahr_b1q7080\.vscode\extensions\ritwickdey.liveserver-5.7.10\node_modules\estraverse
README.md,0.01,C:\Users\noahr_b1q7080\.vscode\extensions\ritwickdey.liveserver-5.7.10\node_modules\esutils
HISTORY.md,0.00,C:\Users\noahr_b1q7080\.vscode\extensions\ritwickdey.liveserver-5.7.10\node_modules\etag
README.md,0.00,C:\Users\noahr_b1q7080\.vscode\extensions\ritwickdey.liveserver-5.7.10\node_modules\etag
README.md,0.00,C:\Users\noahr_b1q7080\.vscode\extensions\ritwickdey.liveserver-5.7.10\node_modules\event-emitter
README.md,0.00,C:\Users\noahr_b1q7080\.vscode\extensions\ritwickdey.liveserver-5.7.10\node_modules\eventemitter3
readme.md,0.00,C:\Users\noahr_b1q7080\.vscode\extensions\ritwickdey.liveserver-5.7.10\node_modules\exit-hook
CHANGELOG.md,0.00,C:\Users\noahr_b1q7080\.vscode\extensions\ritwickdey.liveserver-5.7.10\node_modules\ext
README.md,0.00,C:\Users\noahr_b1q7080\.vscode\extensions\ritwickdey.liveserver-5.7.10\node_modules\ext
global-this.md,0.00,C:\Users\noahr_b1q7080\.vscode\extensions\ritwickdey.liveserver-5.7.10\node_modules\ext\docs
identity.md,0.00,C:\Users\noahr_b1q7080\.vscode\extensions\ritwickdey.liveserver-5.7.10\node_modules\ext\docs\function
ceil-10.md,0.00,C:\Users\noahr_b1q7080\.vscode\extensions\ritwickdey.liveserver-5.7.10\node_modules\ext\docs\math
floor-10.md,0.00,C:\Users\noahr_b1q7080\.vscode\extensions\ritwickdey.liveserver-5.7.10\node_modules\ext\docs\math
round-10.md,0.00,C:\Users\noahr_b1q7080\.vscode\extensions\ritwickdey.liveserver-5.7.10\node_modules\ext\docs\math
clear.md,0.00,C:\Users\noahr_b1q7080\.vscode\extensions\ritwickdey.liveserver-5.7.10\node_modules\ext\docs\object
entries.md,0.00,C:\Users\noahr_b1q7080\.vscode\extensions\ritwickdey.liveserver-5.7.10\node_modules\ext\docs\object
limit.md,0.00,C:\Users\noahr_b1q7080\.vscode\extensions\ritwickdey.liveserver-5.7.10\node_modules\ext\docs\promise
random.md,0.00,C:\Users\noahr_b1q7080\.vscode\extensions\ritwickdey.liveserver-5.7.10\node_modules\ext\docs\string
includes.md,0.00,C:\Users\noahr_b1q7080\.vscode\extensions\ritwickdey.liveserver-5.7.10\node_modules\ext\docs\string_
finally.md,0.00,C:\Users\noahr_b1q7080\.vscode\extensions\ritwickdey.liveserver-5.7.10\node_modules\ext\docs\thenable_
CHANGELOG.md,0.01,C:\Users\noahr_b1q7080\.vscode\extensions\ritwickdey.liveserver-5.7.10\node_modules\ext\node_modules\type
README.md,0.01,C:\Users\noahr_b1q7080\.vscode\extensions\ritwickdey.liveserver-5.7.10\node_modules\ext\node_modules\type
array-length.md,0.00,C:\Users\noahr_b1q7080\.vscode\extensions\ritwickdey.liveserver-5.7.10\node_modules\ext\node_modules\type\docs
array-like.md,0.00,C:\Users\noahr_b1q7080\.vscode\extensions\ritwickdey.liveserver-5.7.10\node_modules\ext\node_modules\type\docs
array.md,0.00,C:\Users\noahr_b1q7080\.vscode\extensions\ritwickdey.liveserver-5.7.10\node_modules\ext\node_modules\type\docs
constructor.md,0.00,C:\Users\noahr_b1q7080\.vscode\extensions\ritwickdey.liveserver-5.7.10\node_modules\ext\node_modules\type\docs
date.md,0.00,C:\Users\noahr_b1q7080\.vscode\extensions\ritwickdey.liveserver-5.7.10\node_modules\ext\node_modules\type\docs
ensure.md,0.00,C:\Users\noahr_b1q7080\.vscode\extensions\ritwickdey.liveserver-5.7.10\node_modules\ext\node_modules\type\docs
error.md,0.00,C:\Users\noahr_b1q7080\.vscode\extensions\ritwickdey.liveserver-5.7.10\node_modules\ext\node_modules\type\docs
finite.md,0.00,C:\Users\noahr_b1q7080\.vscode\extensions\ritwickdey.liveserver-5.7.10\node_modules\ext\node_modules\type\docs
function.md,0.00,C:\Users\noahr_b1q7080\.vscode\extensions\ritwickdey.liveserver-5.7.10\node_modules\ext\node_modules\type\docs
integer.md,0.00,C:\Users\noahr_b1q7080\.vscode\extensions\ritwickdey.liveserver-5.7.10\node_modules\ext\node_modules\type\docs
iterable.md,0.00,C:\Users\noahr_b1q7080\.vscode\extensions\ritwickdey.liveserver-5.7.10\node_modules\ext\node_modules\type\docs
map.md,0.00,C:\Users\noahr_b1q7080\.vscode\extensions\ritwickdey.liveserver-5.7.10\node_modules\ext\node_modules\type\docs
natural-number.md,0.00,C:\Users\noahr_b1q7080\.vscode\extensions\ritwickdey.liveserver-5.7.10\node_modules\ext\node_modules\type\docs
number.md,0.00,C:\Users\noahr_b1q7080\.vscode\extensions\ritwickdey.liveserver-5.7.10\node_modules\ext\node_modules\type\docs
object.md,0.00,C:\Users\noahr_b1q7080\.vscode\extensions\ritwickdey.liveserver-5.7.10\node_modules\ext\node_modules\type\docs
plain-function.md,0.00,C:\Users\noahr_b1q7080\.vscode\extensions\ritwickdey.liveserver-5.7.10\node_modules\ext\node_modules\type\docs
plain-object.md,0.00,C:\Users\noahr_b1q7080\.vscode\extensions\ritwickdey.liveserver-5.7.10\node_modules\ext\node_modules\type\docs
promise.md,0.00,C:\Users\noahr_b1q7080\.vscode\extensions\ritwickdey.liveserver-5.7.10\node_modules\ext\node_modules\type\docs
prototype.md,0.00,C:\Users\noahr_b1q7080\.vscode\extensions\ritwickdey.liveserver-5.7.10\node_modules\ext\node_modules\type\docs
reg-exp.md,0.00,C:\Users\noahr_b1q7080\.vscode\extensions\ritwickdey.liveserver-5.7.10\node_modules\ext\node_modules\type\docs
safe-integer.md,0.00,C:\Users\noahr_b1q7080\.vscode\extensions\ritwickdey.liveserver-5.7.10\node_modules\ext\node_modules\type\docs
set.md,0.00,C:\Users\noahr_b1q7080\.vscode\extensions\ritwickdey.liveserver-5.7.10\node_modules\ext\node_modules\type\docs
string.md,0.00,C:\Users\noahr_b1q7080\.vscode\extensions\ritwickdey.liveserver-5.7.10\node_modules\ext\node_modules\type\docs
thenable.md,0.00,C:\Users\noahr_b1q7080\.vscode\extensions\ritwickdey.liveserver-5.7.10\node_modules\ext\node_modules\type\docs
time-value.md,0.00,C:\Users\noahr_b1q7080\.vscode\extensions\ritwickdey.liveserver-5.7.10\node_modules\ext\node_modules\type\docs
value.md,0.00,C:\Users\noahr_b1q7080\.vscode\extensions\ritwickdey.liveserver-5.7.10\node_modules\ext\node_modules\type\docs
LICENSE.md,0.00,C:\Users\noahr_b1q7080\.vscode\extensions\ritwickdey.liveserver-5.7.10\node_modules\fast-levenshtein
README.md,0.00,C:\Users\noahr_b1q7080\.vscode\extensions\ritwickdey.liveserver-5.7.10\node_modules\fast-levenshtein
CHANGELOG.md,0.00,C:\Users\noahr_b1q7080\.vscode\extensions\ritwickdey.liveserver-5.7.10\node_modules\faye-websocket
LICENSE.md,0.00,C:\Users\noahr_b1q7080\.vscode\extensions\ritwickdey.liveserver-5.7.10\node_modules\faye-websocket
README.md,0.01,C:\Users\noahr_b1q7080\.vscode\extensions\ritwickdey.liveserver-5.7.10\node_modules\faye-websocket
changelog.md,0.00,C:\Users\noahr_b1q7080\.vscode\extensions\ritwickdey.liveserver-5.7.10\node_modules\file-entry-cache
README.md,0.00,C:\Users\noahr_b1q7080\.vscode\extensions\ritwickdey.liveserver-5.7.10\node_modules\file-entry-cache
README.md,0.01,C:\Users\noahr_b1q7080\.vscode\extensions\ritwickdey.liveserver-5.7.10\node_modules\fill-range
HISTORY.md,0.00,C:\Users\noahr_b1q7080\.vscode\extensions\ritwickdey.liveserver-5.7.10\node_modules\finalhandler
README.md,0.00,C:\Users\noahr_b1q7080\.vscode\extensions\ritwickdey.liveserver-5.7.10\node_modules\finalhandler
changelog.md,0.01,C:\Users\noahr_b1q7080\.vscode\extensions\ritwickdey.liveserver-5.7.10\node_modules\flat-cache
README.md,0.00,C:\Users\noahr_b1q7080\.vscode\extensions\ritwickdey.liveserver-5.7.10\node_modules\flat-cache
README.md,0.00,C:\Users\noahr_b1q7080\.vscode\extensions\ritwickdey.liveserver-5.7.10\node_modules\flat-cache\node_modules\rimraf
README.md,0.01,C:\Users\noahr_b1q7080\.vscode\extensions\ritwickdey.liveserver-5.7.10\node_modules\follow-redirects
HISTORY.md,0.00,C:\Users\noahr_b1q7080\.vscode\extensions\ritwickdey.liveserver-5.7.10\node_modules\fresh
README.md,0.00,C:\Users\noahr_b1q7080\.vscode\extensions\ritwickdey.liveserver-5.7.10\node_modules\fresh
README.md,0.00,C:\Users\noahr_b1q7080\.vscode\extensions\ritwickdey.liveserver-5.7.10\node_modules\fs.realpath
README.md,0.00,C:\Users\noahr_b1q7080\.vscode\extensions\ritwickdey.liveserver-5.7.10\node_modules\fsevents
README.md,0.00,C:\Users\noahr_b1q7080\.vscode\extensions\ritwickdey.liveserver-5.7.10\node_modules\function-bind
README.md,0.00,C:\Users\noahr_b1q7080\.vscode\extensions\ritwickdey.liveserver-5.7.10\node_modules\generate-function
README.md,0.00,C:\Users\noahr_b1q7080\.vscode\extensions\ritwickdey.liveserver-5.7.10\node_modules\generate-object-property
README.md,0.01,C:\Users\noahr_b1q7080\.vscode\extensions\ritwickdey.liveserver-5.7.10\node_modules\glob
CHANGELOG.md,0.00,C:\Users\noahr_b1q7080\.vscode\extensions\ritwickdey.liveserver-5.7.10\node_modules\glob-parent
README.md,0.00,C:\Users\noahr_b1q7080\.vscode\extensions\ritwickdey.liveserver-5.7.10\node_modules\glob-parent
readme.md,0.00,C:\Users\noahr_b1q7080\.vscode\extensions\ritwickdey.liveserver-5.7.10\node_modules\globals
README.md,0.00,C:\Users\noahr_b1q7080\.vscode\extensions\ritwickdey.liveserver-5.7.10\node_modules\graceful-fs
README.md,0.00,C:\Users\noahr_b1q7080\.vscode\extensions\ritwickdey.liveserver-5.7.10\node_modules\has
readme.md,0.00,C:\Users\noahr_b1q7080\.vscode\extensions\ritwickdey.liveserver-5.7.10\node_modules\has-ansi
readme.md,0.00,C:\Users\noahr_b1q7080\.vscode\extensions\ritwickdey.liveserver-5.7.10\node_modules\has-ansi\node_modules\ansi-regex
CHANGELOG.md,0.01,C:\Users\noahr_b1q7080\.vscode\extensions\ritwickdey.liveserver-5.7.10\node_modules\hosted-git-info
README.md,0.00,C:\Users\noahr_b1q7080\.vscode\extensions\ritwickdey.liveserver-5.7.10\node_modules\hosted-git-info
README.md,0.01,C:\Users\noahr_b1q7080\.vscode\extensions\ritwickdey.liveserver-5.7.10\node_modules\http-auth
HISTORY.md,0.00,C:\Users\noahr_b1q7080\.vscode\extensions\ritwickdey.liveserver-5.7.10\node_modules\http-errors
README.md,0.01,C:\Users\noahr_b1q7080\.vscode\extensions\ritwickdey.liveserver-5.7.10\node_modules\http-errors
History.md,0.00,C:\Users\noahr_b1q7080\.vscode\extensions\ritwickdey.liveserver-5.7.10\node_modules\http-errors\node_modules\depd
Readme.md,0.01,C:\Users\noahr_b1q7080\.vscode\extensions\ritwickdey.liveserver-5.7.10\node_modules\http-errors\node_modules\depd
LICENSE.md,0.00,C:\Users\noahr_b1q7080\.vscode\extensions\ritwickdey.liveserver-5.7.10\node_modules\http-parser-js
README.md,0.00,C:\Users\noahr_b1q7080\.vscode\extensions\ritwickdey.liveserver-5.7.10\node_modules\http-parser-js
CHANGELOG.md,0.17,C:\Users\noahr_b1q7080\.vscode\extensions\ritwickdey.liveserver-5.7.10\node_modules\http-proxy
CODE_OF_CONDUCT.md,0.00,C:\Users\noahr_b1q7080\.vscode\extensions\ritwickdey.liveserver-5.7.10\node_modules\http-proxy
README.md,0.02,C:\Users\noahr_b1q7080\.vscode\extensions\ritwickdey.liveserver-5.7.10\node_modules\http-proxy
readme.md,0.00,C:\Users\noahr_b1q7080\.vscode\extensions\ritwickdey.liveserver-5.7.10\node_modules\http-shutdown
README.md,0.01,C:\Users\noahr_b1q7080\.vscode\extensions\ritwickdey.liveserver-5.7.10\node_modules\ignore
README.md,0.00,C:\Users\noahr_b1q7080\.vscode\extensions\ritwickdey.liveserver-5.7.10\node_modules\imurmurhash
readme.md,0.00,C:\Users\noahr_b1q7080\.vscode\extensions\ritwickdey.liveserver-5.7.10\node_modules\indent-string
README.md,0.00,C:\Users\noahr_b1q7080\.vscode\extensions\ritwickdey.liveserver-5.7.10\node_modules\inflight
README.md,0.00,C:\Users\noahr_b1q7080\.vscode\extensions\ritwickdey.liveserver-5.7.10\node_modules\inherits
readme.md,0.00,C:\Users\noahr_b1q7080\.vscode\extensions\ritwickdey.liveserver-5.7.10\node_modules\internal-ip
README.md,0.01,C:\Users\noahr_b1q7080\.vscode\extensions\ritwickdey.liveserver-5.7.10\node_modules\interpret
readme.md,0.00,C:\Users\noahr_b1q7080\.vscode\extensions\ritwickdey.liveserver-5.7.10\node_modules\ip-regex
readme.md,0.00,C:\Users\noahr_b1q7080\.vscode\extensions\ritwickdey.liveserver-5.7.10\node_modules\ipify
readme.md,0.01,C:\Users\noahr_b1q7080\.vscode\extensions\ritwickdey.liveserver-5.7.10\node_modules\ipify\node_modules\got
readme.md,0.00,C:\Users\noahr_b1q7080\.vscode\extensions\ritwickdey.liveserver-5.7.10\node_modules\ipify\node_modules\lowercase-keys
readme.md,0.00,C:\Users\noahr_b1q7080\.vscode\extensions\ritwickdey.liveserver-5.7.10\node_modules\ipify\node_modules\parse-json
readme.md,0.00,C:\Users\noahr_b1q7080\.vscode\extensions\ritwickdey.liveserver-5.7.10\node_modules\ipify\node_modules\prepend-http
readme.md,0.00,C:\Users\noahr_b1q7080\.vscode\extensions\ritwickdey.liveserver-5.7.10\node_modules\ipify\node_modules\timed-out
readme.md,0.00,C:\Users\noahr_b1q7080\.vscode\extensions\ritwickdey.liveserver-5.7.10\node_modules\ipify\node_modules\url-parse-lax
README.md,0.00,C:\Users\noahr_b1q7080\.vscode\extensions\ritwickdey.liveserver-5.7.10\node_modules\ips
README.md,0.00,C:\Users\noahr_b1q7080\.vscode\extensions\ritwickdey.liveserver-5.7.10\node_modules\is-arrayish
readme.md,0.00,C:\Users\noahr_b1q7080\.vscode\extensions\ritwickdey.liveserver-5.7.10\node_modules\is-binary-path
CHANGELOG.md,0.01,C:\Users\noahr_b1q7080\.vscode\extensions\ritwickdey.liveserver-5.7.10\node_modules\is-core-module
README.md,0.00,C:\Users\noahr_b1q7080\.vscode\extensions\ritwickdey.liveserver-5.7.10\node_modules\is-core-module
README.md,0.00,C:\Users\noahr_b1q7080\.vscode\extensions\ritwickdey.liveserver-5.7.10\node_modules\is-extglob
readme.md,0.00,C:\Users\noahr_b1q7080\.vscode\extensions\ritwickdey.liveserver-5.7.10\node_modules\is-finite
README.md,0.01,C:\Users\noahr_b1q7080\.vscode\extensions\ritwickdey.liveserver-5.7.10\node_modules\is-glob
readme.md,0.00,C:\Users\noahr_b1q7080\.vscode\extensions\ritwickdey.liveserver-5.7.10\node_modules\is-my-ip-valid
README.md,0.01,C:\Users\noahr_b1q7080\.vscode\extensions\ritwickdey.liveserver-5.7.10\node_modules\is-my-json-valid
README.md,0.01,C:\Users\noahr_b1q7080\.vscode\extensions\ritwickdey.liveserver-5.7.10\node_modules\is-number
readme.md,0.00,C:\Users\noahr_b1q7080\.vscode\extensions\ritwickdey.liveserver-5.7.10\node_modules\is-plain-obj
README.md,0.00,C:\Users\noahr_b1q7080\.vscode\extensions\ritwickdey.liveserver-5.7.10\node_modules\is-property
readme.md,0.00,C:\Users\noahr_b1q7080\.vscode\extensions\ritwickdey.liveserver-5.7.10\node_modules\is-redirect
README.md,0.00,C:\Users\noahr_b1q7080\.vscode\extensions\ritwickdey.liveserver-5.7.10\node_modules\is-resolvable
readme.md,0.00,C:\Users\noahr_b1q7080\.vscode\extensions\ritwickdey.liveserver-5.7.10\node_modules\is-retry-allowed
readme.md,0.00,C:\Users\noahr_b1q7080\.vscode\extensions\ritwickdey.liveserver-5.7.10\node_modules\is-stream
README.md,0.00,C:\Users\noahr_b1q7080\.vscode\extensions\ritwickdey.liveserver-5.7.10\node_modules\is-utf8
readme.md,0.00,C:\Users\noahr_b1q7080\.vscode\extensions\ritwickdey.liveserver-5.7.10\node_modules\is-wsl
README.md,0.00,C:\Users\noahr_b1q7080\.vscode\extensions\ritwickdey.liveserver-5.7.10\node_modules\isarray
CHANGELOG.md,0.00,C:\Users\noahr_b1q7080\.vscode\extensions\ritwickdey.liveserver-5.7.10\node_modules\js-tokens
README.md,0.01,C:\Users\noahr_b1q7080\.vscode\extensions\ritwickdey.liveserver-5.7.10\node_modules\js-tokens
CHANGELOG.md,0.02,C:\Users\noahr_b1q7080\.vscode\extensions\ritwickdey.liveserver-5.7.10\node_modules\js-yaml
README.md,0.01,C:\Users\noahr_b1q7080\.vscode\extensions\ritwickdey.liveserver-5.7.10\node_modules\js-yaml
LICENSE.md,0.00,C:\Users\noahr_b1q7080\.vscode\extensions\ritwickdey.liveserver-5.7.10\node_modules\jsonpointer
README.md,0.00,C:\Users\noahr_b1q7080\.vscode\extensions\ritwickdey.liveserver-5.7.10\node_modules\jsonpointer
README.md,0.01,C:\Users\noahr_b1q7080\.vscode\extensions\ritwickdey.liveserver-5.7.10\node_modules\levn
README.md,0.00,C:\Users\noahr_b1q7080\.vscode\extensions\ritwickdey.liveserver-5.7.10\node_modules\lodash
release.md,0.00,C:\Users\noahr_b1q7080\.vscode\extensions\ritwickdey.liveserver-5.7.10\node_modules\lodash
readme.md,0.00,C:\Users\noahr_b1q7080\.vscode\extensions\ritwickdey.liveserver-5.7.10\node_modules\loud-rejection
readme.md,0.00,C:\Users\noahr_b1q7080\.vscode\extensions\ritwickdey.liveserver-5.7.10\node_modules\map-obj
readme.md,0.00,C:\Users\noahr_b1q7080\.vscode\extensions\ritwickdey.liveserver-5.7.10\node_modules\meow
CHANGELOG.md,0.01,C:\Users\noahr_b1q7080\.vscode\extensions\ritwickdey.liveserver-5.7.10\node_modules\mime
README.md,0.00,C:\Users\noahr_b1q7080\.vscode\extensions\ritwickdey.liveserver-5.7.10\node_modules\mime
HISTORY.md,0.01,C:\Users\noahr_b1q7080\.vscode\extensions\ritwickdey.liveserver-5.7.10\node_modules\mime-db
README.md,0.00,C:\Users\noahr_b1q7080\.vscode\extensions\ritwickdey.liveserver-5.7.10\node_modules\mime-db
HISTORY.md,0.01,C:\Users\noahr_b1q7080\.vscode\extensions\ritwickdey.liveserver-5.7.10\node_modules\mime-types
README.md,0.00,C:\Users\noahr_b1q7080\.vscode\extensions\ritwickdey.liveserver-5.7.10\node_modules\mime-types
README.md,0.01,C:\Users\noahr_b1q7080\.vscode\extensions\ritwickdey.liveserver-5.7.10\node_modules\minimatch
HISTORY.md,0.01,C:\Users\noahr_b1q7080\.vscode\extensions\ritwickdey.liveserver-5.7.10\node_modules\morgan
README.md,0.01,C:\Users\noahr_b1q7080\.vscode\extensions\ritwickdey.liveserver-5.7.10\node_modules\morgan
license.md,0.00,C:\Users\noahr_b1q7080\.vscode\extensions\ritwickdey.liveserver-5.7.10\node_modules\ms
readme.md,0.00,C:\Users\noahr_b1q7080\.vscode\extensions\ritwickdey.liveserver-5.7.10\node_modules\ms
README.md,0.00,C:\Users\noahr_b1q7080\.vscode\extensions\ritwickdey.liveserver-5.7.10\node_modules\natural-compare
HISTORY.md,0.00,C:\Users\noahr_b1q7080\.vscode\extensions\ritwickdey.liveserver-5.7.10\node_modules\negotiator
README.md,0.00,C:\Users\noahr_b1q7080\.vscode\extensions\ritwickdey.liveserver-5.7.10\node_modules\negotiator
README.md,0.00,C:\Users\noahr_b1q7080\.vscode\extensions\ritwickdey.liveserver-5.7.10\node_modules\next-tick
readme.md,0.00,C:\Users\noahr_b1q7080\.vscode\extensions\ritwickdey.liveserver-5.7.10\node_modules\node-status-codes
README.md,0.01,C:\Users\noahr_b1q7080\.vscode\extensions\ritwickdey.liveserver-5.7.10\node_modules\normalize-package-data
CHANGELOG.md,0.00,C:\Users\noahr_b1q7080\.vscode\extensions\ritwickdey.liveserver-5.7.10\node_modules\normalize-package-data\node_modules\semver
README.md,0.01,C:\Users\noahr_b1q7080\.vscode\extensions\ritwickdey.liveserver-5.7.10\node_modules\normalize-package-data\node_modules\semver
README.md,0.01,C:\Users\noahr_b1q7080\.vscode\extensions\ritwickdey.liveserver-5.7.10\node_modules\normalize-path
readme.md,0.00,C:\Users\noahr_b1q7080\.vscode\extensions\ritwickdey.liveserver-5.7.10\node_modules\number-is-nan
readme.md,0.00,C:\Users\noahr_b1q7080\.vscode\extensions\ritwickdey.liveserver-5.7.10\node_modules\object-assign
HISTORY.md,0.00,C:\Users\noahr_b1q7080\.vscode\extensions\ritwickdey.liveserver-5.7.10\node_modules\on-finished
README.md,0.00,C:\Users\noahr_b1q7080\.vscode\extensions\ritwickdey.liveserver-5.7.10\node_modules\on-finished
HISTORY.md,0.00,C:\Users\noahr_b1q7080\.vscode\extensions\ritwickdey.liveserver-5.7.10\node_modules\on-headers
README.md,0.00,C:\Users\noahr_b1q7080\.vscode\extensions\ritwickdey.liveserver-5.7.10\node_modules\on-headers
README.md,0.00,C:\Users\noahr_b1q7080\.vscode\extensions\ritwickdey.liveserver-5.7.10\node_modules\once
readme.md,0.00,C:\Users\noahr_b1q7080\.vscode\extensions\ritwickdey.liveserver-5.7.10\node_modules\opn
CHANGELOG.md,0.00,C:\Users\noahr_b1q7080\.vscode\extensions\ritwickdey.liveserver-5.7.10\node_modules\optionator
README.md,0.01,C:\Users\noahr_b1q7080\.vscode\extensions\ritwickdey.liveserver-5.7.10\node_modules\optionator
readme.md,0.00,C:\Users\noahr_b1q7080\.vscode\extensions\ritwickdey.liveserver-5.7.10\node_modules\os-homedir
HISTORY.md,0.00,C:\Users\noahr_b1q7080\.vscode\extensions\ritwickdey.liveserver-5.7.10\node_modules\parseurl
README.md,0.00,C:\Users\noahr_b1q7080\.vscode\extensions\ritwickdey.liveserver-5.7.10\node_modules\parseurl
readme.md,0.00,C:\Users\noahr_b1q7080\.vscode\extensions\ritwickdey.liveserver-5.7.10\node_modules\path-is-absolute
README.md,0.00,C:\Users\noahr_b1q7080\.vscode\extensions\ritwickdey.liveserver-5.7.10\node_modules\path-parse
CHANGELOG.md,0.01,C:\Users\noahr_b1q7080\.vscode\extensions\ritwickdey.liveserver-5.7.10\node_modules\picomatch
README.md,0.03,C:\Users\noahr_b1q7080\.vscode\extensions\ritwickdey.liveserver-5.7.10\node_modules\picomatch
readme.md,0.00,C:\Users\noahr_b1q7080\.vscode\extensions\ritwickdey.liveserver-5.7.10\node_modules\pinkie
readme.md,0.00,C:\Users\noahr_b1q7080\.vscode\extensions\ritwickdey.liveserver-5.7.10\node_modules\pinkie-promise
Readme.md,0.00,C:\Users\noahr_b1q7080\.vscode\extensions\ritwickdey.liveserver-5.7.10\node_modules\pluralize
CHANGELOG.md,0.00,C:\Users\noahr_b1q7080\.vscode\extensions\ritwickdey.liveserver-5.7.10\node_modules\prelude-ls
README.md,0.00,C:\Users\noahr_b1q7080\.vscode\extensions\ritwickdey.liveserver-5.7.10\node_modules\prelude-ls
license.md,0.00,C:\Users\noahr_b1q7080\.vscode\extensions\ritwickdey.liveserver-5.7.10\node_modules\process-nextick-args
readme.md,0.00,C:\Users\noahr_b1q7080\.vscode\extensions\ritwickdey.liveserver-5.7.10\node_modules\process-nextick-args
History.md,0.00,C:\Users\noahr_b1q7080\.vscode\extensions\ritwickdey.liveserver-5.7.10\node_modules\progress
Readme.md,0.00,C:\Users\noahr_b1q7080\.vscode\extensions\ritwickdey.liveserver-5.7.10\node_modules\progress
README.md,0.00,C:\Users\noahr_b1q7080\.vscode\extensions\ritwickdey.liveserver-5.7.10\node_modules\proxy-middleware
HISTORY.md,0.00,C:\Users\noahr_b1q7080\.vscode\extensions\ritwickdey.liveserver-5.7.10\node_modules\range-parser
README.md,0.00,C:\Users\noahr_b1q7080\.vscode\extensions\ritwickdey.liveserver-5.7.10\node_modules\range-parser
readme.md,0.00,C:\Users\noahr_b1q7080\.vscode\extensions\ritwickdey.liveserver-5.7.10\node_modules\read-all-stream
readme.md,0.00,C:\Users\noahr_b1q7080\.vscode\extensions\ritwickdey.liveserver-5.7.10\node_modules\read-pkg-up
readme.md,0.00,C:\Users\noahr_b1q7080\.vscode\extensions\ritwickdey.liveserver-5.7.10\node_modules\read-pkg-up\node_modules\find-up
readme.md,0.00,C:\Users\noahr_b1q7080\.vscode\extensions\ritwickdey.liveserver-5.7.10\node_modules\read-pkg-up\node_modules\load-json-file
readme.md,0.00,C:\Users\noahr_b1q7080\.vscode\extensions\ritwickdey.liveserver-5.7.10\node_modules\read-pkg-up\node_modules\parse-json
readme.md,0.00,C:\Users\noahr_b1q7080\.vscode\extensions\ritwickdey.liveserver-5.7.10\node_modules\read-pkg-up\node_modules\path-exists
readme.md,0.00,C:\Users\noahr_b1q7080\.vscode\extensions\ritwickdey.liveserver-5.7.10\node_modules\read-pkg-up\node_modules\path-type
readme.md,0.00,C:\Users\noahr_b1q7080\.vscode\extensions\ritwickdey.liveserver-5.7.10\node_modules\read-pkg-up\node_modules\pify
readme.md,0.00,C:\Users\noahr_b1q7080\.vscode\extensions\ritwickdey.liveserver-5.7.10\node_modules\read-pkg-up\node_modules\read-pkg
readme.md,0.00,C:\Users\noahr_b1q7080\.vscode\extensions\ritwickdey.liveserver-5.7.10\node_modules\read-pkg-up\node_modules\strip-bom
CONTRIBUTING.md,0.00,C:\Users\noahr_b1q7080\.vscode\extensions\ritwickdey.liveserver-5.7.10\node_modules\readable-stream
GOVERNANCE.md,0.01,C:\Users\noahr_b1q7080\.vscode\extensions\ritwickdey.liveserver-5.7.10\node_modules\readable-stream
README.md,0.00,C:\Users\noahr_b1q7080\.vscode\extensions\ritwickdey.liveserver-5.7.10\node_modules\readable-stream
2015-01-30.md,0.00,C:\Users\noahr_b1q7080\.vscode\extensions\ritwickdey.liveserver-5.7.10\node_modules\readable-stream\doc\wg-meetings
README.md,0.01,C:\Users\noahr_b1q7080\.vscode\extensions\ritwickdey.liveserver-5.7.10\node_modules\readdirp
README.md,0.00,C:\Users\noahr_b1q7080\.vscode\extensions\ritwickdey.liveserver-5.7.10\node_modules\readline2
readme.md,0.00,C:\Users\noahr_b1q7080\.vscode\extensions\ritwickdey.liveserver-5.7.10\node_modules\readline2\node_modules\is-fullwidth-code-point
README.md,0.00,C:\Users\noahr_b1q7080\.vscode\extensions\ritwickdey.liveserver-5.7.10\node_modules\readline2\node_modules\mute-stream
README.md,0.00,C:\Users\noahr_b1q7080\.vscode\extensions\ritwickdey.liveserver-5.7.10\node_modules\rechoir
readme.md,0.00,C:\Users\noahr_b1q7080\.vscode\extensions\ritwickdey.liveserver-5.7.10\node_modules\redent
readme.md,0.00,C:\Users\noahr_b1q7080\.vscode\extensions\ritwickdey.liveserver-5.7.10\node_modules\repeating
readme.md,0.00,C:\Users\noahr_b1q7080\.vscode\extensions\ritwickdey.liveserver-5.7.10\node_modules\require-uncached
readme.md,0.00,C:\Users\noahr_b1q7080\.vscode\extensions\ritwickdey.liveserver-5.7.10\node_modules\require-uncached\node_modules\caller-path
readme.md,0.00,C:\Users\noahr_b1q7080\.vscode\extensions\ritwickdey.liveserver-5.7.10\node_modules\require-uncached\node_modules\callsites
readme.md,0.00,C:\Users\noahr_b1q7080\.vscode\extensions\ritwickdey.liveserver-5.7.10\node_modules\require-uncached\node_modules\resolve-from
README.md,0.00,C:\Users\noahr_b1q7080\.vscode\extensions\ritwickdey.liveserver-5.7.10\node_modules\requires-port
SECURITY.md,0.00,C:\Users\noahr_b1q7080\.vscode\extensions\ritwickdey.liveserver-5.7.10\node_modules\resolve
readme.md,0.01,C:\Users\noahr_b1q7080\.vscode\extensions\ritwickdey.liveserver-5.7.10\node_modules\rx-lite
README.md,0.02,C:\Users\noahr_b1q7080\.vscode\extensions\ritwickdey.liveserver-5.7.10\node_modules\safe-buffer
HISTORY.md,0.01,C:\Users\noahr_b1q7080\.vscode\extensions\ritwickdey.liveserver-5.7.10\node_modules\send
README.md,0.01,C:\Users\noahr_b1q7080\.vscode\extensions\ritwickdey.liveserver-5.7.10\node_modules\send
History.md,0.00,C:\Users\noahr_b1q7080\.vscode\extensions\ritwickdey.liveserver-5.7.10\node_modules\send\node_modules\depd
Readme.md,0.01,C:\Users\noahr_b1q7080\.vscode\extensions\ritwickdey.liveserver-5.7.10\node_modules\send\node_modules\depd
license.md,0.00,C:\Users\noahr_b1q7080\.vscode\extensions\ritwickdey.liveserver-5.7.10\node_modules\send\node_modules\ms
readme.md,0.00,C:\Users\noahr_b1q7080\.vscode\extensions\ritwickdey.liveserver-5.7.10\node_modules\send\node_modules\ms
HISTORY.md,0.01,C:\Users\noahr_b1q7080\.vscode\extensions\ritwickdey.liveserver-5.7.10\node_modules\serve-index
README.md,0.00,C:\Users\noahr_b1q7080\.vscode\extensions\ritwickdey.liveserver-5.7.10\node_modules\serve-index
History.md,0.00,C:\Users\noahr_b1q7080\.vscode\extensions\ritwickdey.liveserver-5.7.10\node_modules\serve-index\node_modules\depd
Readme.md,0.01,C:\Users\noahr_b1q7080\.vscode\extensions\ritwickdey.liveserver-5.7.10\node_modules\serve-index\node_modules\depd
HISTORY.md,0.00,C:\Users\noahr_b1q7080\.vscode\extensions\ritwickdey.liveserver-5.7.10\node_modules\serve-index\node_modules\http-errors
README.md,0.00,C:\Users\noahr_b1q7080\.vscode\extensions\ritwickdey.liveserver-5.7.10\node_modules\serve-index\node_modules\http-errors
README.md,0.00,C:\Users\noahr_b1q7080\.vscode\extensions\ritwickdey.liveserver-5.7.10\node_modules\serve-index\node_modules\inherits
README.md,0.00,C:\Users\noahr_b1q7080\.vscode\extensions\ritwickdey.liveserver-5.7.10\node_modules\serve-index\node_modules\setprototypeof
README.md,0.00,C:\Users\noahr_b1q7080\.vscode\extensions\ritwickdey.liveserver-5.7.10\node_modules\setprototypeof
CHANGELOG.md,0.07,C:\Users\noahr_b1q7080\.vscode\extensions\ritwickdey.liveserver-5.7.10\node_modules\shelljs
README.md,0.02,C:\Users\noahr_b1q7080\.vscode\extensions\ritwickdey.liveserver-5.7.10\node_modules\shelljs
README.md,0.00,C:\Users\noahr_b1q7080\.vscode\extensions\ritwickdey.liveserver-5.7.10\node_modules\signal-exit
readme.md,0.00,C:\Users\noahr_b1q7080\.vscode\extensions\ritwickdey.liveserver-5.7.10\node_modules\slice-ansi
README.md,0.00,C:\Users\noahr_b1q7080\.vscode\extensions\ritwickdey.liveserver-5.7.10\node_modules\spdx-correct
README.md,0.00,C:\Users\noahr_b1q7080\.vscode\extensions\ritwickdey.liveserver-5.7.10\node_modules\spdx-exceptions
README.md,0.00,C:\Users\noahr_b1q7080\.vscode\extensions\ritwickdey.liveserver-5.7.10\node_modules\spdx-expression-parse
README.md,0.00,C:\Users\noahr_b1q7080\.vscode\extensions\ritwickdey.liveserver-5.7.10\node_modules\spdx-license-ids
README.md,0.00,C:\Users\noahr_b1q7080\.vscode\extensions\ritwickdey.liveserver-5.7.10\node_modules\sprintf-js
HISTORY.md,0.00,C:\Users\noahr_b1q7080\.vscode\extensions\ritwickdey.liveserver-5.7.10\node_modules\statuses
README.md,0.00,C:\Users\noahr_b1q7080\.vscode\extensions\ritwickdey.liveserver-5.7.10\node_modules\statuses
README.md,0.00,C:\Users\noahr_b1q7080\.vscode\extensions\ritwickdey.liveserver-5.7.10\node_modules\stream-combiner
README.md,0.00,C:\Users\noahr_b1q7080\.vscode\extensions\ritwickdey.liveserver-5.7.10\node_modules\string_decoder
readme.md,0.00,C:\Users\noahr_b1q7080\.vscode\extensions\ritwickdey.liveserver-5.7.10\node_modules\strip-bom
readme.md,0.00,C:\Users\noahr_b1q7080\.vscode\extensions\ritwickdey.liveserver-5.7.10\node_modules\strip-indent
readme.md,0.00,C:\Users\noahr_b1q7080\.vscode\extensions\ritwickdey.liveserver-5.7.10\node_modules\strip-indent\node_modules\get-stdin
readme.md,0.00,C:\Users\noahr_b1q7080\.vscode\extensions\ritwickdey.liveserver-5.7.10\node_modules\strip-json-comments
CHANGELOG.md,0.00,C:\Users\noahr_b1q7080\.vscode\extensions\ritwickdey.liveserver-5.7.10\node_modules\supports-preserve-symlinks-flag
README.md,0.00,C:\Users\noahr_b1q7080\.vscode\extensions\ritwickdey.liveserver-5.7.10\node_modules\supports-preserve-symlinks-flag
README.md,0.02,C:\Users\noahr_b1q7080\.vscode\extensions\ritwickdey.liveserver-5.7.10\node_modules\table
readme.md,0.00,C:\Users\noahr_b1q7080\.vscode\extensions\ritwickdey.liveserver-5.7.10\node_modules\table\node_modules\ansi-regex
readme.md,0.00,C:\Users\noahr_b1q7080\.vscode\extensions\ritwickdey.liveserver-5.7.10\node_modules\table\node_modules\ansi-styles
readme.md,0.01,C:\Users\noahr_b1q7080\.vscode\extensions\ritwickdey.liveserver-5.7.10\node_modules\table\node_modules\chalk
readme.md,0.00,C:\Users\noahr_b1q7080\.vscode\extensions\ritwickdey.liveserver-5.7.10\node_modules\table\node_modules\is-fullwidth-code-point
readme.md,0.00,C:\Users\noahr_b1q7080\.vscode\extensions\ritwickdey.liveserver-5.7.10\node_modules\table\node_modules\string-width
readme.md,0.00,C:\Users\noahr_b1q7080\.vscode\extensions\ritwickdey.liveserver-5.7.10\node_modules\table\node_modules\string-width\node_modules\ansi-regex
readme.md,0.00,C:\Users\noahr_b1q7080\.vscode\extensions\ritwickdey.liveserver-5.7.10\node_modules\table\node_modules\string-width\node_modules\strip-ansi
readme.md,0.00,C:\Users\noahr_b1q7080\.vscode\extensions\ritwickdey.liveserver-5.7.10\node_modules\table\node_modules\strip-ansi
readme.md,0.00,C:\Users\noahr_b1q7080\.vscode\extensions\ritwickdey.liveserver-5.7.10\node_modules\table\node_modules\supports-color
README.md,0.01,C:\Users\noahr_b1q7080\.vscode\extensions\ritwickdey.liveserver-5.7.10\node_modules\to-regex-range
HISTORY.md,0.00,C:\Users\noahr_b1q7080\.vscode\extensions\ritwickdey.liveserver-5.7.10\node_modules\toidentifier
README.md,0.00,C:\Users\noahr_b1q7080\.vscode\extensions\ritwickdey.liveserver-5.7.10\node_modules\toidentifier
readme.md,0.00,C:\Users\noahr_b1q7080\.vscode\extensions\ritwickdey.liveserver-5.7.10\node_modules\trim-newlines
CHANGELOG.md,0.00,C:\Users\noahr_b1q7080\.vscode\extensions\ritwickdey.liveserver-5.7.10\node_modules\type
README.md,0.02,C:\Users\noahr_b1q7080\.vscode\extensions\ritwickdey.liveserver-5.7.10\node_modules\type
README.md,0.01,C:\Users\noahr_b1q7080\.vscode\extensions\ritwickdey.liveserver-5.7.10\node_modules\type-check
HISTORY.md,0.00,C:\Users\noahr_b1q7080\.vscode\extensions\ritwickdey.liveserver-5.7.10\node_modules\unpipe
README.md,0.00,C:\Users\noahr_b1q7080\.vscode\extensions\ritwickdey.liveserver-5.7.10\node_modules\unpipe
readme.md,0.00,C:\Users\noahr_b1q7080\.vscode\extensions\ritwickdey.liveserver-5.7.10\node_modules\unzip-response
readme.md,0.00,C:\Users\noahr_b1q7080\.vscode\extensions\ritwickdey.liveserver-5.7.10\node_modules\user-home
History.md,0.00,C:\Users\noahr_b1q7080\.vscode\extensions\ritwickdey.liveserver-5.7.10\node_modules\util-deprecate
README.md,0.00,C:\Users\noahr_b1q7080\.vscode\extensions\ritwickdey.liveserver-5.7.10\node_modules\util-deprecate
README.md,0.00,C:\Users\noahr_b1q7080\.vscode\extensions\ritwickdey.liveserver-5.7.10\node_modules\utils-merge
CHANGELOG.md,0.00,C:\Users\noahr_b1q7080\.vscode\extensions\ritwickdey.liveserver-5.7.10\node_modules\uuid
LICENSE.md,0.00,C:\Users\noahr_b1q7080\.vscode\extensions\ritwickdey.liveserver-5.7.10\node_modules\uuid
README.md,0.01,C:\Users\noahr_b1q7080\.vscode\extensions\ritwickdey.liveserver-5.7.10\node_modules\uuid
README.md,0.00,C:\Users\noahr_b1q7080\.vscode\extensions\ritwickdey.liveserver-5.7.10\node_modules\validate-npm-package-license
HISTORY.md,0.00,C:\Users\noahr_b1q7080\.vscode\extensions\ritwickdey.liveserver-5.7.10\node_modules\vary
README.md,0.00,C:\Users\noahr_b1q7080\.vscode\extensions\ritwickdey.liveserver-5.7.10\node_modules\vary
README.md,0.00,C:\Users\noahr_b1q7080\.vscode\extensions\ritwickdey.liveserver-5.7.10\node_modules\vsls
CHANGELOG.md,0.00,C:\Users\noahr_b1q7080\.vscode\extensions\ritwickdey.liveserver-5.7.10\node_modules\websocket-driver
LICENSE.md,0.00,C:\Users\noahr_b1q7080\.vscode\extensions\ritwickdey.liveserver-5.7.10\node_modules\websocket-driver
README.md,0.01,C:\Users\noahr_b1q7080\.vscode\extensions\ritwickdey.liveserver-5.7.10\node_modules\websocket-driver
CHANGELOG.md,0.00,C:\Users\noahr_b1q7080\.vscode\extensions\ritwickdey.liveserver-5.7.10\node_modules\websocket-extensions
LICENSE.md,0.00,C:\Users\noahr_b1q7080\.vscode\extensions\ritwickdey.liveserver-5.7.10\node_modules\websocket-extensions
README.md,0.01,C:\Users\noahr_b1q7080\.vscode\extensions\ritwickdey.liveserver-5.7.10\node_modules\websocket-extensions
README.md,0.02,C:\Users\noahr_b1q7080\.vscode\extensions\ritwickdey.liveserver-5.7.10\node_modules\websocket-extensions\lib\pipeline
README.md,0.01,C:\Users\noahr_b1q7080\.vscode\extensions\ritwickdey.liveserver-5.7.10\node_modules\word-wrap
README.md,0.00,C:\Users\noahr_b1q7080\.vscode\extensions\ritwickdey.liveserver-5.7.10\node_modules\wrappy
README.md,0.00,C:\Users\noahr_b1q7080\.vscode\extensions\ritwickdey.liveserver-5.7.10\node_modules\write
README.md,0.00,C:\Users\noahr_b1q7080\.vscode\extensions\ritwickdey.liveserver-5.7.10\node_modules\xtend
changelog.md,0.09,C:\Users\noahr_b1q7080\.vscode\extensions\sumneko.lua-3.19.1-win32-x64
readme.md,0.01,C:\Users\noahr_b1q7080\.vscode\extensions\sumneko.lua-3.19.1-win32-x64
README.md,0.00,C:\Users\noahr_b1q7080\.vscode\extensions\sumneko.lua-3.19.1-win32-x64\client\3rd\vscode-lua-doc\doc\zh-cn\53
README.md,0.00,C:\Users\noahr_b1q7080\.vscode\extensions\sumneko.lua-3.19.1-win32-x64\client\node_modules\@colors\colors
CHANGELOG.md,0.00,C:\Users\noahr_b1q7080\.vscode\extensions\sumneko.lua-3.19.1-win32-x64\client\node_modules\@dabh\diagnostics
README.md,0.01,C:\Users\noahr_b1q7080\.vscode\extensions\sumneko.lua-3.19.1-win32-x64\client\node_modules\@dabh\diagnostics
CHANGELOG.md,0.00,C:\Users\noahr_b1q7080\.vscode\extensions\sumneko.lua-3.19.1-win32-x64\client\node_modules\@kwsites\file-exists
readme.md,0.00,C:\Users\noahr_b1q7080\.vscode\extensions\sumneko.lua-3.19.1-win32-x64\client\node_modules\@kwsites\file-exists
README.md,0.00,C:\Users\noahr_b1q7080\.vscode\extensions\sumneko.lua-3.19.1-win32-x64\client\node_modules\@types\node
README.md,0.00,C:\Users\noahr_b1q7080\.vscode\extensions\sumneko.lua-3.19.1-win32-x64\client\node_modules\@types\triple-beam
README.md,0.00,C:\Users\noahr_b1q7080\.vscode\extensions\sumneko.lua-3.19.1-win32-x64\client\node_modules\@types\vscode
CHANGELOG.md,0.03,C:\Users\noahr_b1q7080\.vscode\extensions\sumneko.lua-3.19.1-win32-x64\client\node_modules\async
README.md,0.00,C:\Users\noahr_b1q7080\.vscode\extensions\sumneko.lua-3.19.1-win32-x64\client\node_modules\async
LICENSE.md,0.00,C:\Users\noahr_b1q7080\.vscode\extensions\sumneko.lua-3.19.1-win32-x64\client\node_modules\balanced-match
README.md,0.00,C:\Users\noahr_b1q7080\.vscode\extensions\sumneko.lua-3.19.1-win32-x64\client\node_modules\balanced-match
README.md,0.00,C:\Users\noahr_b1q7080\.vscode\extensions\sumneko.lua-3.19.1-win32-x64\client\node_modules\brace-expansion
README.md,0.00,C:\Users\noahr_b1q7080\.vscode\extensions\sumneko.lua-3.19.1-win32-x64\client\node_modules\color
CHANGELOG.md,0.00,C:\Users\noahr_b1q7080\.vscode\extensions\sumneko.lua-3.19.1-win32-x64\client\node_modules\color-convert
README.md,0.00,C:\Users\noahr_b1q7080\.vscode\extensions\sumneko.lua-3.19.1-win32-x64\client\node_modules\color-convert
README.md,0.00,C:\Users\noahr_b1q7080\.vscode\extensions\sumneko.lua-3.19.1-win32-x64\client\node_modules\color-name
README.md,0.00,C:\Users\noahr_b1q7080\.vscode\extensions\sumneko.lua-3.19.1-win32-x64\client\node_modules\color-string
LICENSE.md,0.00,C:\Users\noahr_b1q7080\.vscode\extensions\sumneko.lua-3.19.1-win32-x64\client\node_modules\colorspace
README.md,0.00,C:\Users\noahr_b1q7080\.vscode\extensions\sumneko.lua-3.19.1-win32-x64\client\node_modules\colorspace
CHANGELOG.md,0.07,C:\Users\noahr_b1q7080\.vscode\extensions\sumneko.lua-3.19.1-win32-x64\client\node_modules\dayjs
README.md,0.01,C:\Users\noahr_b1q7080\.vscode\extensions\sumneko.lua-3.19.1-win32-x64\client\node_modules\dayjs
README.md,0.02,C:\Users\noahr_b1q7080\.vscode\extensions\sumneko.lua-3.19.1-win32-x64\client\node_modules\debug
README.md,0.00,C:\Users\noahr_b1q7080\.vscode\extensions\sumneko.lua-3.19.1-win32-x64\client\node_modules\enabled
README.md,0.01,C:\Users\noahr_b1q7080\.vscode\extensions\sumneko.lua-3.19.1-win32-x64\client\node_modules\fecha
README.md,0.00,C:\Users\noahr_b1q7080\.vscode\extensions\sumneko.lua-3.19.1-win32-x64\client\node_modules\fn.name
README.md,0.00,C:\Users\noahr_b1q7080\.vscode\extensions\sumneko.lua-3.19.1-win32-x64\client\node_modules\inherits
README.md,0.00,C:\Users\noahr_b1q7080\.vscode\extensions\sumneko.lua-3.19.1-win32-x64\client\node_modules\is-arrayish
readme.md,0.00,C:\Users\noahr_b1q7080\.vscode\extensions\sumneko.lua-3.19.1-win32-x64\client\node_modules\is-stream
README.md,0.00,C:\Users\noahr_b1q7080\.vscode\extensions\sumneko.lua-3.19.1-win32-x64\client\node_modules\kuler
CHANGELOG.md,0.01,C:\Users\noahr_b1q7080\.vscode\extensions\sumneko.lua-3.19.1-win32-x64\client\node_modules\logform
README.md,0.02,C:\Users\noahr_b1q7080\.vscode\extensions\sumneko.lua-3.19.1-win32-x64\client\node_modules\logform
README.md,0.01,C:\Users\noahr_b1q7080\.vscode\extensions\sumneko.lua-3.19.1-win32-x64\client\node_modules\lru-cache
README.md,0.01,C:\Users\noahr_b1q7080\.vscode\extensions\sumneko.lua-3.19.1-win32-x64\client\node_modules\minimatch
license.md,0.00,C:\Users\noahr_b1q7080\.vscode\extensions\sumneko.lua-3.19.1-win32-x64\client\node_modules\ms
readme.md,0.00,C:\Users\noahr_b1q7080\.vscode\extensions\sumneko.lua-3.19.1-win32-x64\client\node_modules\ms
README.md,0.00,C:\Users\noahr_b1q7080\.vscode\extensions\sumneko.lua-3.19.1-win32-x64\client\node_modules\one-time
CONTRIBUTING.md,0.00,C:\Users\noahr_b1q7080\.vscode\extensions\sumneko.lua-3.19.1-win32-x64\client\node_modules\readable-stream
GOVERNANCE.md,0.01,C:\Users\noahr_b1q7080\.vscode\extensions\sumneko.lua-3.19.1-win32-x64\client\node_modules\readable-stream
README.md,0.00,C:\Users\noahr_b1q7080\.vscode\extensions\sumneko.lua-3.19.1-win32-x64\client\node_modules\readable-stream
README.md,0.02,C:\Users\noahr_b1q7080\.vscode\extensions\sumneko.lua-3.19.1-win32-x64\client\node_modules\safe-buffer
readme.md,0.01,C:\Users\noahr_b1q7080\.vscode\extensions\sumneko.lua-3.19.1-win32-x64\client\node_modules\safe-stable-stringify
README.md,0.02,C:\Users\noahr_b1q7080\.vscode\extensions\sumneko.lua-3.19.1-win32-x64\client\node_modules\semver
readme.md,0.05,C:\Users\noahr_b1q7080\.vscode\extensions\sumneko.lua-3.19.1-win32-x64\client\node_modules\simple-git
README.md,0.00,C:\Users\noahr_b1q7080\.vscode\extensions\sumneko.lua-3.19.1-win32-x64\client\node_modules\simple-swizzle
Readme.md,0.00,C:\Users\noahr_b1q7080\.vscode\extensions\sumneko.lua-3.19.1-win32-x64\client\node_modules\stack-trace
README.md,0.00,C:\Users\noahr_b1q7080\.vscode\extensions\sumneko.lua-3.19.1-win32-x64\client\node_modules\string_decoder
README.md,0.00,C:\Users\noahr_b1q7080\.vscode\extensions\sumneko.lua-3.19.1-win32-x64\client\node_modules\text-hex
CHANGELOG.md,0.00,C:\Users\noahr_b1q7080\.vscode\extensions\sumneko.lua-3.19.1-win32-x64\client\node_modules\triple-beam
README.md,0.00,C:\Users\noahr_b1q7080\.vscode\extensions\sumneko.lua-3.19.1-win32-x64\client\node_modules\triple-beam
README.md,0.00,C:\Users\noahr_b1q7080\.vscode\extensions\sumneko.lua-3.19.1-win32-x64\client\node_modules\typescript
SECURITY.md,0.00,C:\Users\noahr_b1q7080\.vscode\extensions\sumneko.lua-3.19.1-win32-x64\client\node_modules\typescript
README.md,0.00,C:\Users\noahr_b1q7080\.vscode\extensions\sumneko.lua-3.19.1-win32-x64\client\node_modules\undici-types
History.md,0.00,C:\Users\noahr_b1q7080\.vscode\extensions\sumneko.lua-3.19.1-win32-x64\client\node_modules\util-deprecate
README.md,0.00,C:\Users\noahr_b1q7080\.vscode\extensions\sumneko.lua-3.19.1-win32-x64\client\node_modules\util-deprecate
README.md,0.00,C:\Users\noahr_b1q7080\.vscode\extensions\sumneko.lua-3.19.1-win32-x64\client\node_modules\vscode-jsonrpc
README.md,0.00,C:\Users\noahr_b1q7080\.vscode\extensions\sumneko.lua-3.19.1-win32-x64\client\node_modules\vscode-languageclient
README.md,0.00,C:\Users\noahr_b1q7080\.vscode\extensions\sumneko.lua-3.19.1-win32-x64\client\node_modules\vscode-languageserver-protocol
README.md,0.00,C:\Users\noahr_b1q7080\.vscode\extensions\sumneko.lua-3.19.1-win32-x64\client\node_modules\vscode-languageserver-types
README.md,0.03,C:\Users\noahr_b1q7080\.vscode\extensions\sumneko.lua-3.19.1-win32-x64\client\node_modules\winston
CHANGELOG.md,0.00,C:\Users\noahr_b1q7080\.vscode\extensions\sumneko.lua-3.19.1-win32-x64\client\node_modules\winston-transport
README.md,0.00,C:\Users\noahr_b1q7080\.vscode\extensions\sumneko.lua-3.19.1-win32-x64\client\node_modules\winston-transport
README.md,0.00,C:\Users\noahr_b1q7080\.vscode\extensions\sumneko.lua-3.19.1-win32-x64\client\node_modules\yallist
changelog.md,0.09,C:\Users\noahr_b1q7080\.vscode\extensions\sumneko.lua-3.19.1-win32-x64\server
readme.md,0.00,C:\Users\noahr_b1q7080\.vscode\extensions\usmanyousaaf.terminal-enhancer-0.0.1
LICENSE.md,0.00,C:\Users\noahr_b1q7080\AppData\Local\GitHubDesktop\app-3.6.4\resources\app\copilot
README.md,0.00,C:\Users\noahr_b1q7080\AppData\Local\GitHubDesktop\app-3.6.4\resources\app\copilot
SKILL.md,0.02,C:\Users\noahr_b1q7080\AppData\Local\GitHubDesktop\app-3.6.4\resources\app\copilot\builtin\customize-cloud-agent
SKILL.md,0.02,C:\Users\noahr_b1q7080\AppData\Local\GitHubDesktop\app-3.6.4\resources\app\copilot\builtin-skills\customize-cloud-agent
README.md,0.01,C:\Users\noahr_b1q7080\AppData\Local\GitHubDesktop\app-3.6.4\resources\app\copilot\clipboard\node_modules\@teddyzhu\clipboard
README.md,0.00,C:\Users\noahr_b1q7080\AppData\Local\GitHubDesktop\app-3.6.4\resources\app\copilot\clipboard\node_modules\@teddyzhu\clipboard-win32-x64-msvc
agent-author.md,0.01,C:\Users\noahr_b1q7080\AppData\Local\GitHubDesktop\app-3.6.4\resources\app\copilot\copilot-sdk\docs
examples.md,0.02,C:\Users\noahr_b1q7080\AppData\Local\GitHubDesktop\app-3.6.4\resources\app\copilot\copilot-sdk\docs
extensions.md,0.00,C:\Users\noahr_b1q7080\AppData\Local\GitHubDesktop\app-3.6.4\resources\app\copilot\copilot-sdk\docs
README.md,0.01,C:\Users\noahr_b1q7080\AppData\Local\GitHubDesktop\app-3.6.4\resources\app\copilot\foundry-local-sdk\node_modules\foundry-local-sdk
README.md,0.00,C:\Users\noahr_b1q7080\AppData\Local\GitHubDesktop\app-3.6.4\resources\app\copilot\foundry-local-sdk\node_modules\foundry-local-sdk\node_modules\adm-zip
README.md,0.00,C:\Users\noahr_b1q7080\AppData\Local\GitHubDesktop\app-3.6.4\resources\app\copilot\pvrecorder\node_modules\@picovoice\pvrecorder-node
README.md,0.01,C:\Users\noahr_b1q7080\AppData\Local\GitHubDesktop\app-3.6.4\resources\app\git\mingw64\doc\git-credential-manager
LICENCE.md,0.00,C:\Users\noahr_b1q7080\AppData\Local\GitHubDesktop\app-3.6.4\resources\app\git\mingw64\share\licenses\pcre2
LICENSE.choosealicense.md,0.00,C:\Users\noahr_b1q7080\AppData\Local\GitHubDesktop\app-3.6.4\resources\app\static
pretext-draft.md,0.00,C:\Users\noahr_b1q7080\AppData\Local\GitHubDesktop\app-3.6.4\resources\app\static
CONTRIBUTING.md,0.00,C:\Users\noahr_b1q7080\AppData\Local\GitHubDesktop\app-3.6.4\resources\app\static\gitignore
README.md,0.01,C:\Users\noahr_b1q7080\AppData\Local\GitHubDesktop\app-3.6.4\resources\app\static\gitignore
PULL_REQUEST_TEMPLATE.md,0.00,C:\Users\noahr_b1q7080\AppData\Local\GitHubDesktop\app-3.6.4\resources\app\static\gitignore\.github
README.md,0.00,C:\Users\noahr_b1q7080\AppData\Local\GitHubDesktop\app-3.6.4\resources\app\static\gitignore\Global
LICENSE.md,0.00,C:\Users\noahr_b1q7080\AppData\Local\GitHubDesktop\app-3.6.6\resources\app\copilot
README.md,0.00,C:\Users\noahr_b1q7080\AppData\Local\GitHubDesktop\app-3.6.6\resources\app\copilot
SKILL.md,0.02,C:\Users\noahr_b1q7080\AppData\Local\GitHubDesktop\app-3.6.6\resources\app\copilot\builtin\customize-cloud-agent
SKILL.md,0.02,C:\Users\noahr_b1q7080\AppData\Local\GitHubDesktop\app-3.6.6\resources\app\copilot\builtin-skills\customize-cloud-agent
README.md,0.01,C:\Users\noahr_b1q7080\AppData\Local\GitHubDesktop\app-3.6.6\resources\app\copilot\clipboard\node_modules\@teddyzhu\clipboard
README.md,0.00,C:\Users\noahr_b1q7080\AppData\Local\GitHubDesktop\app-3.6.6\resources\app\copilot\clipboard\node_modules\@teddyzhu\clipboard-win32-x64-msvc
agent-author.md,0.01,C:\Users\noahr_b1q7080\AppData\Local\GitHubDesktop\app-3.6.6\resources\app\copilot\copilot-sdk\docs
examples.md,0.02,C:\Users\noahr_b1q7080\AppData\Local\GitHubDesktop\app-3.6.6\resources\app\copilot\copilot-sdk\docs
extensions.md,0.00,C:\Users\noahr_b1q7080\AppData\Local\GitHubDesktop\app-3.6.6\resources\app\copilot\copilot-sdk\docs
README.md,0.01,C:\Users\noahr_b1q7080\AppData\Local\GitHubDesktop\app-3.6.6\resources\app\copilot\foundry-local-sdk\node_modules\foundry-local-sdk
README.md,0.00,C:\Users\noahr_b1q7080\AppData\Local\GitHubDesktop\app-3.6.6\resources\app\copilot\foundry-local-sdk\node_modules\foundry-local-sdk\node_modules\adm-zip
README.md,0.00,C:\Users\noahr_b1q7080\AppData\Local\GitHubDesktop\app-3.6.6\resources\app\copilot\pvrecorder\node_modules\@picovoice\pvrecorder-node
README.md,0.01,C:\Users\noahr_b1q7080\AppData\Local\GitHubDesktop\app-3.6.6\resources\app\git\mingw64\doc\git-credential-manager
LICENCE.md,0.00,C:\Users\noahr_b1q7080\AppData\Local\GitHubDesktop\app-3.6.6\resources\app\git\mingw64\share\licenses\pcre2
LICENSE.choosealicense.md,0.00,C:\Users\noahr_b1q7080\AppData\Local\GitHubDesktop\app-3.6.6\resources\app\static
pretext-draft.md,0.00,C:\Users\noahr_b1q7080\AppData\Local\GitHubDesktop\app-3.6.6\resources\app\static
CONTRIBUTING.md,0.00,C:\Users\noahr_b1q7080\AppData\Local\GitHubDesktop\app-3.6.6\resources\app\static\gitignore
README.md,0.01,C:\Users\noahr_b1q7080\AppData\Local\GitHubDesktop\app-3.6.6\resources\app\static\gitignore
PULL_REQUEST_TEMPLATE.md,0.00,C:\Users\noahr_b1q7080\AppData\Local\GitHubDesktop\app-3.6.6\resources\app\static\gitignore\.github
README.md,0.00,C:\Users\noahr_b1q7080\AppData\Local\GitHubDesktop\app-3.6.6\resources\app\static\gitignore\Global
README.md,0.00,C:\Users\noahr_b1q7080\AppData\Local\Google\Chrome\User Data\Default\Extensions\ddkjiahejlhfcafbddmgiahcphecmpfh\2026.825.1619_0
README.md,0.00,C:\Users\noahr_b1q7080\AppData\Local\Google\Chrome\User Data\Default\Extensions\ddkjiahejlhfcafbddmgiahcphecmpfh\2026.825.1619_0\lib\codemirror
CHANGES.md,0.00,C:\Users\noahr_b1q7080\AppData\Local\Google\Chrome\User Data\Default\Extensions\ddkjiahejlhfcafbddmgiahcphecmpfh\2026.825.1619_0\lib\regexanalyzer
README.md,0.00,C:\Users\noahr_b1q7080\AppData\Local\Google\Chrome\User Data\Default\Extensions\ddkjiahejlhfcafbddmgiahcphecmpfh\2026.825.1619_0\lib\regexanalyzer
README.md,0.00,C:\Users\noahr_b1q7080\AppData\Local\Microsoft\Edge\User Data\Default\Extensions\iliepgjnemckemgnledoipfiilhajdjj\1.45.2_0\libraries
README.md,0.00,C:\Users\noahr_b1q7080\AppData\Local\Microsoft\Edge\User Data\Edge Wallet\128.18367.18366.1\json\wallet
README.md,0.00,C:\Users\noahr_b1q7080\AppData\Local\Microsoft\Edge\User Data\Profile 1\Extensions\iliepgjnemckemgnledoipfiilhajdjj\1.45.2_0\libraries
README_60ebccfd0ba946845da91d5b9556c3d8.md,0.01,C:\Users\noahr_b1q7080\AppData\Local\Microsoft\Office\SolutionPackages\6adee385cc9e12e5b3e808feb1934ad6\PackageResources\OfflineFiles
README.md,0.00,C:\Users\noahr_b1q7080\AppData\Local\Microsoft\TypeScript\6.0\node_modules\@types\react
README.md,0.01,C:\Users\noahr_b1q7080\AppData\Local\Microsoft\TypeScript\6.0\node_modules\csstype
README.md,0.00,C:\Users\noahr_b1q7080\AppData\Local\Microsoft\TypeScript\6.0\node_modules\types-registry
README.md,0.01,C:\Users\noahr_b1q7080\AppData\Local\Programs\Git\mingw64\doc\git-credential-manager
README.md,0.01,C:\Users\noahr_b1q7080\AppData\Local\Programs\Git\mingw64\share\doc\git-lfs
LICENSE.md,0.00,C:\Users\noahr_b1q7080\AppData\Local\Programs\Git\mingw64\share\licenses\c-ares
LICENCE.md,0.00,C:\Users\noahr_b1q7080\AppData\Local\Programs\Git\mingw64\share\licenses\pcre2
README.md,0.00,C:\Users\noahr_b1q7080\AppData\Local\Programs\Git\usr\share\mintty\sounds
README.md,0.00,C:\Users\noahr_b1q7080\AppData\Local\Programs\Git\usr\share\vim\vim92\pack\dist\opt\editorconfig
README.md,0.02,C:\Users\noahr_b1q7080\AppData\Local\Programs\Git\usr\share\vim\vim92\pack\dist\opt\netrw
changelog.md,0.19,C:\Users\noahr_b1q7080\AppData\Local\Programs\Microsoft VS Code\7debcd0e2a\resources\app\extensions\copilot
readme.md,0.01,C:\Users\noahr_b1q7080\AppData\Local\Programs\Microsoft VS Code\7debcd0e2a\resources\app\extensions\copilot
chronicle-cost-tips.prompt.md,0.00,C:\Users\noahr_b1q7080\AppData\Local\Programs\Microsoft VS Code\7debcd0e2a\resources\app\extensions\copilot\assets\prompts
chronicle-improve.prompt.md,0.00,C:\Users\noahr_b1q7080\AppData\Local\Programs\Microsoft VS Code\7debcd0e2a\resources\app\extensions\copilot\assets\prompts
chronicle-reindex.prompt.md,0.00,C:\Users\noahr_b1q7080\AppData\Local\Programs\Microsoft VS Code\7debcd0e2a\resources\app\extensions\copilot\assets\prompts
chronicle-search.prompt.md,0.00,C:\Users\noahr_b1q7080\AppData\Local\Programs\Microsoft VS Code\7debcd0e2a\resources\app\extensions\copilot\assets\prompts
chronicle-standup.prompt.md,0.00,C:\Users\noahr_b1q7080\AppData\Local\Programs\Microsoft VS Code\7debcd0e2a\resources\app\extensions\copilot\assets\prompts
chronicle-tips.prompt.md,0.00,C:\Users\noahr_b1q7080\AppData\Local\Programs\Microsoft VS Code\7debcd0e2a\resources\app\extensions\copilot\assets\prompts
plan.prompt.md,0.00,C:\Users\noahr_b1q7080\AppData\Local\Programs\Microsoft VS Code\7debcd0e2a\resources\app\extensions\copilot\assets\prompts
SKILL.md,0.01,C:\Users\noahr_b1q7080\AppData\Local\Programs\Microsoft VS Code\7debcd0e2a\resources\app\extensions\copilot\assets\prompts\skills\agent-customization
agent-instructions.md,0.00,C:\Users\noahr_b1q7080\AppData\Local\Programs\Microsoft VS Code\7debcd0e2a\resources\app\extensions\copilot\assets\prompts\skills\agent-customization\references
agents.md,0.00,C:\Users\noahr_b1q7080\AppData\Local\Programs\Microsoft VS Code\7debcd0e2a\resources\app\extensions\copilot\assets\prompts\skills\agent-customization\references
hooks.md,0.00,C:\Users\noahr_b1q7080\AppData\Local\Programs\Microsoft VS Code\7debcd0e2a\resources\app\extensions\copilot\assets\prompts\skills\agent-customization\references
instructions.md,0.00,C:\Users\noahr_b1q7080\AppData\Local\Programs\Microsoft VS Code\7debcd0e2a\resources\app\extensions\copilot\assets\prompts\skills\agent-customization\references
prompts.md,0.00,C:\Users\noahr_b1q7080\AppData\Local\Programs\Microsoft VS Code\7debcd0e2a\resources\app\extensions\copilot\assets\prompts\skills\agent-customization\references
skills.md,0.00,C:\Users\noahr_b1q7080\AppData\Local\Programs\Microsoft VS Code\7debcd0e2a\resources\app\extensions\copilot\assets\prompts\skills\agent-customization\references
SKILL.md,0.03,C:\Users\noahr_b1q7080\AppData\Local\Programs\Microsoft VS Code\7debcd0e2a\resources\app\extensions\copilot\assets\prompts\skills\chronicle
SKILL.md,0.00,C:\Users\noahr_b1q7080\AppData\Local\Programs\Microsoft VS Code\7debcd0e2a\resources\app\extensions\copilot\assets\prompts\skills\create-agent
SKILL.md,0.00,C:\Users\noahr_b1q7080\AppData\Local\Programs\Microsoft VS Code\7debcd0e2a\resources\app\extensions\copilot\assets\prompts\skills\create-hook
SKILL.md,0.00,C:\Users\noahr_b1q7080\AppData\Local\Programs\Microsoft VS Code\7debcd0e2a\resources\app\extensions\copilot\assets\prompts\skills\create-instructions
SKILL.md,0.00,C:\Users\noahr_b1q7080\AppData\Local\Programs\Microsoft VS Code\7debcd0e2a\resources\app\extensions\copilot\assets\prompts\skills\create-prompt
SKILL.md,0.00,C:\Users\noahr_b1q7080\AppData\Local\Programs\Microsoft VS Code\7debcd0e2a\resources\app\extensions\copilot\assets\prompts\skills\create-skill
SKILL.md,0.00,C:\Users\noahr_b1q7080\AppData\Local\Programs\Microsoft VS Code\7debcd0e2a\resources\app\extensions\copilot\assets\prompts\skills\get-search-view-results
SKILL.md,0.00,C:\Users\noahr_b1q7080\AppData\Local\Programs\Microsoft VS Code\7debcd0e2a\resources\app\extensions\copilot\assets\prompts\skills\init
SKILL.md,0.00,C:\Users\noahr_b1q7080\AppData\Local\Programs\Microsoft VS Code\7debcd0e2a\resources\app\extensions\copilot\assets\prompts\skills\install-vscode-extension
SKILL.md,0.00,C:\Users\noahr_b1q7080\AppData\Local\Programs\Microsoft VS Code\7debcd0e2a\resources\app\extensions\copilot\assets\prompts\skills\project-setup-info-context7
SKILL.md,0.01,C:\Users\noahr_b1q7080\AppData\Local\Programs\Microsoft VS Code\7debcd0e2a\resources\app\extensions\copilot\assets\prompts\skills\project-setup-info-local
SKILL.md,0.02,C:\Users\noahr_b1q7080\AppData\Local\Programs\Microsoft VS Code\7debcd0e2a\resources\app\extensions\copilot\assets\prompts\skills\troubleshoot
README.md,0.00,C:\Users\noahr_b1q7080\AppData\Local\Programs\Microsoft VS Code\7debcd0e2a\resources\app\extensions\css-language-features
README.md,0.00,C:\Users\noahr_b1q7080\AppData\Local\Programs\Microsoft VS Code\7debcd0e2a\resources\app\extensions\emmet
README.md,0.00,C:\Users\noahr_b1q7080\AppData\Local\Programs\Microsoft VS Code\7debcd0e2a\resources\app\extensions\git
README.md,0.00,C:\Users\noahr_b1q7080\AppData\Local\Programs\Microsoft VS Code\7debcd0e2a\resources\app\extensions\git\node_modules\@vscode\fs-copyfile
SECURITY.md,0.00,C:\Users\noahr_b1q7080\AppData\Local\Programs\Microsoft VS Code\7debcd0e2a\resources\app\extensions\git\node_modules\@vscode\fs-copyfile
README.md,0.00,C:\Users\noahr_b1q7080\AppData\Local\Programs\Microsoft VS Code\7debcd0e2a\resources\app\extensions\git-base
README.md,0.00,C:\Users\noahr_b1q7080\AppData\Local\Programs\Microsoft VS Code\7debcd0e2a\resources\app\extensions\github
README.md,0.00,C:\Users\noahr_b1q7080\AppData\Local\Programs\Microsoft VS Code\7debcd0e2a\resources\app\extensions\github-authentication
README.md,0.00,C:\Users\noahr_b1q7080\AppData\Local\Programs\Microsoft VS Code\7debcd0e2a\resources\app\extensions\grunt
README.md,0.00,C:\Users\noahr_b1q7080\AppData\Local\Programs\Microsoft VS Code\7debcd0e2a\resources\app\extensions\gulp
README.md,0.00,C:\Users\noahr_b1q7080\AppData\Local\Programs\Microsoft VS Code\7debcd0e2a\resources\app\extensions\html-language-features
README.md,0.00,C:\Users\noahr_b1q7080\AppData\Local\Programs\Microsoft VS Code\7debcd0e2a\resources\app\extensions\ipynb
README.md,0.00,C:\Users\noahr_b1q7080\AppData\Local\Programs\Microsoft VS Code\7debcd0e2a\resources\app\extensions\jake
README.md,0.00,C:\Users\noahr_b1q7080\AppData\Local\Programs\Microsoft VS Code\7debcd0e2a\resources\app\extensions\json-language-features
README.md,0.00,C:\Users\noahr_b1q7080\AppData\Local\Programs\Microsoft VS Code\7debcd0e2a\resources\app\extensions\markdown-language-features
README.md,0.00,C:\Users\noahr_b1q7080\AppData\Local\Programs\Microsoft VS Code\7debcd0e2a\resources\app\extensions\markdown-math
README.md,0.00,C:\Users\noahr_b1q7080\AppData\Local\Programs\Microsoft VS Code\7debcd0e2a\resources\app\extensions\media-preview
README.md,0.00,C:\Users\noahr_b1q7080\AppData\Local\Programs\Microsoft VS Code\7debcd0e2a\resources\app\extensions\merge-conflict
README.md,0.00,C:\Users\noahr_b1q7080\AppData\Local\Programs\Microsoft VS Code\7debcd0e2a\resources\app\extensions\mermaid-markdown-features
README.md,0.00,C:\Users\noahr_b1q7080\AppData\Local\Programs\Microsoft VS Code\7debcd0e2a\resources\app\extensions\microsoft-authentication
readme.md,0.01,C:\Users\noahr_b1q7080\AppData\Local\Programs\Microsoft VS Code\7debcd0e2a\resources\app\extensions\ms-vscode.js-debug
README.md,0.00,C:\Users\noahr_b1q7080\AppData\Local\Programs\Microsoft VS Code\7debcd0e2a\resources\app\extensions\ms-vscode.js-debug-companion
SECURITY.md,0.00,C:\Users\noahr_b1q7080\AppData\Local\Programs\Microsoft VS Code\7debcd0e2a\resources\app\extensions\ms-vscode.js-debug-companion
readme.md,0.00,C:\Users\noahr_b1q7080\AppData\Local\Programs\Microsoft VS Code\7debcd0e2a\resources\app\extensions\ms-vscode.vscode-js-profile-table
README.md,0.00,C:\Users\noahr_b1q7080\AppData\Local\Programs\Microsoft VS Code\7debcd0e2a\resources\app\extensions\notebook-renderers
README.md,0.00,C:\Users\noahr_b1q7080\AppData\Local\Programs\Microsoft VS Code\7debcd0e2a\resources\app\extensions\npm
README.md,0.00,C:\Users\noahr_b1q7080\AppData\Local\Programs\Microsoft VS Code\7debcd0e2a\resources\app\extensions\php-language-features
README.md,0.00,C:\Users\noahr_b1q7080\AppData\Local\Programs\Microsoft VS Code\7debcd0e2a\resources\app\extensions\references-view
README.md,0.00,C:\Users\noahr_b1q7080\AppData\Local\Programs\Microsoft VS Code\7debcd0e2a\resources\app\extensions\search-result
README.md,0.00,C:\Users\noahr_b1q7080\AppData\Local\Programs\Microsoft VS Code\7debcd0e2a\resources\app\extensions\simple-browser
README.md,0.00,C:\Users\noahr_b1q7080\AppData\Local\Programs\Microsoft VS Code\7debcd0e2a\resources\app\extensions\terminal-suggest
README.md,0.00,C:\Users\noahr_b1q7080\AppData\Local\Programs\Microsoft VS Code\7debcd0e2a\resources\app\extensions\theme-modern-icons
README.md,0.00,C:\Users\noahr_b1q7080\AppData\Local\Programs\Microsoft VS Code\7debcd0e2a\resources\app\extensions\theme-seti
README.md,0.00,C:\Users\noahr_b1q7080\AppData\Local\Programs\Microsoft VS Code\7debcd0e2a\resources\app\extensions\typescript-language-features
readme.md,0.00,C:\Users\noahr_b1q7080\AppData\Local\Programs\Microsoft VS Code\7debcd0e2a\resources\app\extensions\TypeScriptTeam.jsts-chat-features
SKILL.md,0.00,C:\Users\noahr_b1q7080\AppData\Local\Programs\Microsoft VS Code\7debcd0e2a\resources\app\extensions\TypeScriptTeam.jsts-chat-features\skills\typescript-setup
4to5.md,0.00,C:\Users\noahr_b1q7080\AppData\Local\Programs\Microsoft VS Code\7debcd0e2a\resources\app\extensions\TypeScriptTeam.jsts-chat-features\skills\typescript-update
5to6.md,0.01,C:\Users\noahr_b1q7080\AppData\Local\Programs\Microsoft VS Code\7debcd0e2a\resources\app\extensions\TypeScriptTeam.jsts-chat-features\skills\typescript-update
6to7.md,0.00,C:\Users\noahr_b1q7080\AppData\Local\Programs\Microsoft VS Code\7debcd0e2a\resources\app\extensions\TypeScriptTeam.jsts-chat-features\skills\typescript-update
SKILL.md,0.00,C:\Users\noahr_b1q7080\AppData\Local\Programs\Microsoft VS Code\7debcd0e2a\resources\app\extensions\TypeScriptTeam.jsts-chat-features\skills\typescript-update
Readme.md,0.04,C:\Users\noahr_b1q7080\AppData\Local\Programs\Microsoft VS Code\7debcd0e2a\resources\app\node_modules\@vscode\sandbox-runtime\node_modules\commander
security.md,0.00,C:\Users\noahr_b1q7080\AppData\Local\Programs\Microsoft VS Code\7debcd0e2a\resources\app\node_modules\shell-quote
LICENSE.md,0.00,C:\Users\noahr_b1q7080\AppData\Local\Programs\Microsoft VS Code\7debcd0e2a\resources\app\node_modules.asar.unpacked\@github\copilot-win32-x64
README.md,0.00,C:\Users\noahr_b1q7080\AppData\Local\Programs\Microsoft VS Code\7debcd0e2a\resources\app\node_modules.asar.unpacked\@github\copilot-win32-x64
SKILL.md,0.02,C:\Users\noahr_b1q7080\AppData\Local\Programs\Microsoft VS Code\7debcd0e2a\resources\app\node_modules.asar.unpacked\@github\copilot-win32-x64\builtin\customize-cloud-agent
SKILL.md,0.00,C:\Users\noahr_b1q7080\AppData\Local\Programs\Microsoft VS Code\7debcd0e2a\resources\app\node_modules.asar.unpacked\@github\copilot-win32-x64\builtin\discover-resources
SKILL.md,0.00,C:\Users\noahr_b1q7080\AppData\Local\Programs\Microsoft VS Code\7debcd0e2a\resources\app\node_modules.asar.unpacked\@github\copilot-win32-x64\builtin\github-pr-media
SKILL.md,0.02,C:\Users\noahr_b1q7080\AppData\Local\Programs\Microsoft VS Code\7debcd0e2a\resources\app\node_modules.asar.unpacked\@github\copilot-win32-x64\builtin-skills\customize-cloud-agent
SKILL.md,0.00,C:\Users\noahr_b1q7080\AppData\Local\Programs\Microsoft VS Code\7debcd0e2a\resources\app\node_modules.asar.unpacked\@github\copilot-win32-x64\builtin-skills\discover-resources
SKILL.md,0.00,C:\Users\noahr_b1q7080\AppData\Local\Programs\Microsoft VS Code\7debcd0e2a\resources\app\node_modules.asar.unpacked\@github\copilot-win32-x64\builtin-skills\github-pr-media
agent-author.md,0.01,C:\Users\noahr_b1q7080\AppData\Local\Programs\Microsoft VS Code\7debcd0e2a\resources\app\node_modules.asar.unpacked\@github\copilot-win32-x64\copilot-sdk\docs
examples.md,0.02,C:\Users\noahr_b1q7080\AppData\Local\Programs\Microsoft VS Code\7debcd0e2a\resources\app\node_modules.asar.unpacked\@github\copilot-win32-x64\copilot-sdk\docs
extensions.md,0.00,C:\Users\noahr_b1q7080\AppData\Local\Programs\Microsoft VS Code\7debcd0e2a\resources\app\node_modules.asar.unpacked\@github\copilot-win32-x64\copilot-sdk\docs
factories.md,0.02,C:\Users\noahr_b1q7080\AppData\Local\Programs\Microsoft VS Code\7debcd0e2a\resources\app\node_modules.asar.unpacked\@github\copilot-win32-x64\copilot-sdk\docs
factory-patterns.md,0.01,C:\Users\noahr_b1q7080\AppData\Local\Programs\Microsoft VS Code\7debcd0e2a\resources\app\node_modules.asar.unpacked\@github\copilot-win32-x64\copilot-sdk\docs
SKILL.md,0.00,C:\Users\noahr_b1q7080\AppData\Local\Programs\Microsoft VS Code\7debcd0e2a\resources\app\out\vs\sessions\skills\act-on-feedback
SKILL.md,0.00,C:\Users\noahr_b1q7080\AppData\Local\Programs\Microsoft VS Code\7debcd0e2a\resources\app\out\vs\sessions\skills\code-review
SKILL.md,0.00,C:\Users\noahr_b1q7080\AppData\Local\Programs\Microsoft VS Code\7debcd0e2a\resources\app\out\vs\sessions\skills\commit
SKILL.md,0.00,C:\Users\noahr_b1q7080\AppData\Local\Programs\Microsoft VS Code\7debcd0e2a\resources\app\out\vs\sessions\skills\create-draft-pr
SKILL.md,0.00,C:\Users\noahr_b1q7080\AppData\Local\Programs\Microsoft VS Code\7debcd0e2a\resources\app\out\vs\sessions\skills\create-pr
SKILL.md,0.00,C:\Users\noahr_b1q7080\AppData\Local\Programs\Microsoft VS Code\7debcd0e2a\resources\app\out\vs\sessions\skills\fix-ci
SKILL.md,0.00,C:\Users\noahr_b1q7080\AppData\Local\Programs\Microsoft VS Code\7debcd0e2a\resources\app\out\vs\sessions\skills\generate-run-commands
SKILL.md,0.00,C:\Users\noahr_b1q7080\AppData\Local\Programs\Microsoft VS Code\7debcd0e2a\resources\app\out\vs\sessions\skills\merge
SKILL.md,0.00,C:\Users\noahr_b1q7080\AppData\Local\Programs\Microsoft VS Code\7debcd0e2a\resources\app\out\vs\sessions\skills\sync
SKILL.md,0.00,C:\Users\noahr_b1q7080\AppData\Local\Programs\Microsoft VS Code\7debcd0e2a\resources\app\out\vs\sessions\skills\sync-upstream
SKILL.md,0.01,C:\Users\noahr_b1q7080\AppData\Local\Programs\Microsoft VS Code\7debcd0e2a\resources\app\out\vs\sessions\skills\troubleshoot
SKILL.md,0.00,C:\Users\noahr_b1q7080\AppData\Local\Programs\Microsoft VS Code\7debcd0e2a\resources\app\out\vs\sessions\skills\update-pr
SKILL.md,0.00,C:\Users\noahr_b1q7080\AppData\Local\Programs\Microsoft VS Code\7debcd0e2a\resources\app\out\vs\sessions\skills\update-skills
LICENSE.md,0.00,C:\Users\noahr_b1q7080\AppData\Local\Programs\Python\Python313\Lib\site-packages\cx_freeze-8.6.4.dist-info\licenses
LICENSE.md,0.00,C:\Users\noahr_b1q7080\AppData\Local\Programs\Python\Python313\Lib\site-packages\idna-3.18.dist-info\licenses
LICENSE.md,0.00,C:\Users\noahr_b1q7080\AppData\Local\Programs\Python\Python313\Lib\site-packages\numpy\random
LICENSE.md,0.00,C:\Users\noahr_b1q7080\AppData\Local\Programs\Python\Python313\Lib\site-packages\numpy-2.5.1.dist-info\licenses\numpy\fft\pocketfft
LICENSE.md,0.00,C:\Users\noahr_b1q7080\AppData\Local\Programs\Python\Python313\Lib\site-packages\numpy-2.5.1.dist-info\licenses\numpy\random
LICENSE.md,0.00,C:\Users\noahr_b1q7080\AppData\Local\Programs\Python\Python313\Lib\site-packages\numpy-2.5.1.dist-info\licenses\numpy\random\src\distributions
LICENSE.md,0.00,C:\Users\noahr_b1q7080\AppData\Local\Programs\Python\Python313\Lib\site-packages\numpy-2.5.1.dist-info\licenses\numpy\random\src\mt19937
LICENSE.md,0.00,C:\Users\noahr_b1q7080\AppData\Local\Programs\Python\Python313\Lib\site-packages\numpy-2.5.1.dist-info\licenses\numpy\random\src\pcg64
LICENSE.md,0.00,C:\Users\noahr_b1q7080\AppData\Local\Programs\Python\Python313\Lib\site-packages\numpy-2.5.1.dist-info\licenses\numpy\random\src\philox
LICENSE.md,0.00,C:\Users\noahr_b1q7080\AppData\Local\Programs\Python\Python313\Lib\site-packages\numpy-2.5.1.dist-info\licenses\numpy\random\src\sfc64
LICENSE.md,0.00,C:\Users\noahr_b1q7080\AppData\Local\Programs\Python\Python313\Lib\site-packages\numpy-2.5.1.dist-info\licenses\numpy\random\src\splitmix64
LICENSE.md,0.00,C:\Users\noahr_b1q7080\AppData\Local\Programs\Python\Python313\Lib\site-packages\numpy-2.5.1.dist-info\licenses\numpy\_core\src\npysort\x86-simd-sort
LICENSE.md,0.00,C:\Users\noahr_b1q7080\AppData\Local\Programs\Python\Python313\Lib\site-packages\pip\_vendor\idna
LICENSE.md,0.00,C:\Users\noahr_b1q7080\AppData\Local\Programs\Python\Python313\Lib\site-packages\pip-26.2.1.dist-info\licenses\src\pip\_vendor\idna
best_practices.md,0.01,C:\Users\noahr_b1q7080\AppData\Local\Programs\Python\Python313\Lib\site-packages\pyparsing\ai
LICENSE.md,0.00,C:\Users\noahr_b1q7080\AppData\Local\Programs\Python\Python313\Lib\site-packages\scipy\fft\_duccfft
README.md,0.00,C:\Users\noahr_b1q7080\AppData\Local\Programs\Python\Python313\Lib\test\archivetestdata
LICENSE.md,0.00,C:\Users\noahr_b1q7080\AppData\Local\Programs\Python\Python314\Lib\site-packages\numpy\random
LICENSE.md,0.00,C:\Users\noahr_b1q7080\AppData\Local\Programs\Python\Python314\Lib\site-packages\numpy-2.4.6.dist-info\licenses\numpy\fft\pocketfft
LICENSE.md,0.00,C:\Users\noahr_b1q7080\AppData\Local\Programs\Python\Python314\Lib\site-packages\numpy-2.4.6.dist-info\licenses\numpy\random
LICENSE.md,0.00,C:\Users\noahr_b1q7080\AppData\Local\Programs\Python\Python314\Lib\site-packages\numpy-2.4.6.dist-info\licenses\numpy\random\src\distributions
LICENSE.md,0.00,C:\Users\noahr_b1q7080\AppData\Local\Programs\Python\Python314\Lib\site-packages\numpy-2.4.6.dist-info\licenses\numpy\random\src\mt19937
LICENSE.md,0.00,C:\Users\noahr_b1q7080\AppData\Local\Programs\Python\Python314\Lib\site-packages\numpy-2.4.6.dist-info\licenses\numpy\random\src\pcg64
LICENSE.md,0.00,C:\Users\noahr_b1q7080\AppData\Local\Programs\Python\Python314\Lib\site-packages\numpy-2.4.6.dist-info\licenses\numpy\random\src\philox
LICENSE.md,0.00,C:\Users\noahr_b1q7080\AppData\Local\Programs\Python\Python314\Lib\site-packages\numpy-2.4.6.dist-info\licenses\numpy\random\src\sfc64
LICENSE.md,0.00,C:\Users\noahr_b1q7080\AppData\Local\Programs\Python\Python314\Lib\site-packages\numpy-2.4.6.dist-info\licenses\numpy\random\src\splitmix64
LICENSE.md,0.00,C:\Users\noahr_b1q7080\AppData\Local\Programs\Python\Python314\Lib\site-packages\numpy-2.4.6.dist-info\licenses\numpy\_core\src\npysort\x86-simd-sort
LICENSE.md,0.00,C:\Users\noahr_b1q7080\AppData\Local\Programs\Python\Python314\Lib\site-packages\scipy\fft\_pocketfft
LICENSE.md,0.00,C:\Users\noahr_b1q7080\AppData\Local\pypa\virtualenv\Cache\wheel\3.15\image\1\CopyPipInstall\pip-26.0.1-py3-none-any\pip\_vendor\idna
LICENSE.md,0.00,C:\Users\noahr_b1q7080\AppData\Local\pypa\virtualenv\Cache\wheel\3.15\image\1\CopyPipInstall\pip-26.0.1-py3-none-any\pip-26.0.1.dist-info\licenses\src\pip\_vendor\idna
README.md,0.00,C:\Users\noahr_b1q7080\AppData\Local\Temp\1ae60cbe-bf58-45f0-a39a-ea309049600c_Lapce-windows-portable.zip.00c\lapce-data\data\plugins\superlou.lapce-python
README.md,0.00,C:\Users\noahr_b1q7080\AppData\Local\Temp\pip-install-modw41mh\pygame_5732b1b5cedf45dc8a6cff162f5ae2f1\buildconfig\conanconf
README.md,0.00,C:\Users\noahr_b1q7080\AppData\Local\Temp\pip-install-modw41mh\pygame_5732b1b5cedf45dc8a6cff162f5ae2f1\docs
README.md,0.00,C:\Users\noahr_b1q7080\AppData\Local\Temp\pip-install-modw41mh\pygame_5732b1b5cedf45dc8a6cff162f5ae2f1\docs\es
README.md,0.00,C:\Users\noahr_b1q7080\AppData\Local\Zed\languages\basedpyright\node_modules\basedpyright
README.md,0.01,C:\Users\noahr_b1q7080\AppData\Local\Zed\languages\basedpyright\node_modules\basedpyright\dist\typeshed-fallback
LICENSE.md,0.00,C:\Users\noahr_b1q7080\AppData\Roaming\Code\agent-host\sdk-cache\claude\0.3.220\win32-x64.tmp.5456\node_modules\@anthropic-ai\claude-agent-sdk
README.md,0.00,C:\Users\noahr_b1q7080\AppData\Roaming\Code\agent-host\sdk-cache\claude\0.3.220\win32-x64.tmp.5456\node_modules\@anthropic-ai\claude-agent-sdk
LICENSE.md,0.00,C:\Users\noahr_b1q7080\AppData\Roaming\Code\agent-host\sdk-cache\claude\0.3.220\win32-x64.tmp.5456\node_modules\@anthropic-ai\claude-agent-sdk-win32-x64
README.md,0.00,C:\Users\noahr_b1q7080\AppData\Roaming\Code\agent-host\sdk-cache\claude\0.3.220\win32-x64.tmp.5456\node_modules\@anthropic-ai\claude-agent-sdk-win32-x64
CHANGELOG.md,0.18,C:\Users\noahr_b1q7080\AppData\Roaming\Code\agent-host\sdk-cache\claude\0.3.220\win32-x64.tmp.5456\node_modules\@anthropic-ai\sdk
README.md,0.00,C:\Users\noahr_b1q7080\AppData\Roaming\Code\agent-host\sdk-cache\claude\0.3.220\win32-x64.tmp.5456\node_modules\@anthropic-ai\sdk
README.md,0.00,C:\Users\noahr_b1q7080\AppData\Roaming\Code\agent-host\sdk-cache\claude\0.3.220\win32-x64.tmp.5456\node_modules\@anthropic-ai\sdk\src\core
README.md,0.00,C:\Users\noahr_b1q7080\AppData\Roaming\Code\agent-host\sdk-cache\claude\0.3.220\win32-x64.tmp.5456\node_modules\@anthropic-ai\sdk\src\internal
README.md,0.00,C:\Users\noahr_b1q7080\AppData\Roaming\Code\agent-host\sdk-cache\claude\0.3.220\win32-x64.tmp.5456\node_modules\@babel\runtime
README.md,0.01,C:\Users\noahr_b1q7080\AppData\Roaming\Code\agent-host\sdk-cache\claude\0.3.220\win32-x64.tmp.5456\node_modules\@hono\node-server
README.md,0.01,C:\Users\noahr_b1q7080\AppData\Roaming\Code\agent-host\sdk-cache\claude\0.3.220\win32-x64.tmp.5456\node_modules\@modelcontextprotocol\sdk
HISTORY.md,0.00,C:\Users\noahr_b1q7080\AppData\Roaming\Code\agent-host\sdk-cache\claude\0.3.220\win32-x64.tmp.5456\node_modules\accepts
README.md,0.00,C:\Users\noahr_b1q7080\AppData\Roaming\Code\agent-host\sdk-cache\claude\0.3.220\win32-x64.tmp.5456\node_modules\accepts
README.md,0.01,C:\Users\noahr_b1q7080\AppData\Roaming\Code\agent-host\sdk-cache\claude\0.3.220\win32-x64.tmp.5456\node_modules\ajv
README.md,0.01,C:\Users\noahr_b1q7080\AppData\Roaming\Code\agent-host\sdk-cache\claude\0.3.220\win32-x64.tmp.5456\node_modules\ajv-formats
README.md,0.02,C:\Users\noahr_b1q7080\AppData\Roaming\Code\agent-host\sdk-cache\claude\0.3.220\win32-x64.tmp.5456\node_modules\body-parser
History.md,0.00,C:\Users\noahr_b1q7080\AppData\Roaming\Code\agent-host\sdk-cache\claude\0.3.220\win32-x64.tmp.5456\node_modules\bytes
Readme.md,0.00,C:\Users\noahr_b1q7080\AppData\Roaming\Code\agent-host\sdk-cache\claude\0.3.220\win32-x64.tmp.5456\node_modules\bytes
CHANGELOG.md,0.00,C:\Users\noahr_b1q7080\AppData\Roaming\Code\agent-host\sdk-cache\claude\0.3.220\win32-x64.tmp.5456\node_modules\call-bind-apply-helpers
README.md,0.00,C:\Users\noahr_b1q7080\AppData\Roaming\Code\agent-host\sdk-cache\claude\0.3.220\win32-x64.tmp.5456\node_modules\call-bind-apply-helpers
CHANGELOG.md,0.00,C:\Users\noahr_b1q7080\AppData\Roaming\Code\agent-host\sdk-cache\claude\0.3.220\win32-x64.tmp.5456\node_modules\call-bound
README.md,0.00,C:\Users\noahr_b1q7080\AppData\Roaming\Code\agent-host\sdk-cache\claude\0.3.220\win32-x64.tmp.5456\node_modules\call-bound
README.md,0.00,C:\Users\noahr_b1q7080\AppData\Roaming\Code\agent-host\sdk-cache\claude\0.3.220\win32-x64.tmp.5456\node_modules\content-disposition
HISTORY.md,0.00,C:\Users\noahr_b1q7080\AppData\Roaming\Code\agent-host\sdk-cache\claude\0.3.220\win32-x64.tmp.5456\node_modules\content-type
README.md,0.00,C:\Users\noahr_b1q7080\AppData\Roaming\Code\agent-host\sdk-cache\claude\0.3.220\win32-x64.tmp.5456\node_modules\content-type
README.md,0.01,C:\Users\noahr_b1q7080\AppData\Roaming\Code\agent-host\sdk-cache\claude\0.3.220\win32-x64.tmp.5456\node_modules\cookie
SECURITY.md,0.00,C:\Users\noahr_b1q7080\AppData\Roaming\Code\agent-host\sdk-cache\claude\0.3.220\win32-x64.tmp.5456\node_modules\cookie
History.md,0.00,C:\Users\noahr_b1q7080\AppData\Roaming\Code\agent-host\sdk-cache\claude\0.3.220\win32-x64.tmp.5456\node_modules\cookie-signature
Readme.md,0.00,C:\Users\noahr_b1q7080\AppData\Roaming\Code\agent-host\sdk-cache\claude\0.3.220\win32-x64.tmp.5456\node_modules\cookie-signature
README.md,0.01,C:\Users\noahr_b1q7080\AppData\Roaming\Code\agent-host\sdk-cache\claude\0.3.220\win32-x64.tmp.5456\node_modules\cors
README.md,0.00,C:\Users\noahr_b1q7080\AppData\Roaming\Code\agent-host\sdk-cache\claude\0.3.220\win32-x64.tmp.5456\node_modules\cross-spawn
README.md,0.02,C:\Users\noahr_b1q7080\AppData\Roaming\Code\agent-host\sdk-cache\claude\0.3.220\win32-x64.tmp.5456\node_modules\debug
History.md,0.00,C:\Users\noahr_b1q7080\AppData\Roaming\Code\agent-host\sdk-cache\claude\0.3.220\win32-x64.tmp.5456\node_modules\depd
Readme.md,0.01,C:\Users\noahr_b1q7080\AppData\Roaming\Code\agent-host\sdk-cache\claude\0.3.220\win32-x64.tmp.5456\node_modules\depd
CHANGELOG.md,0.00,C:\Users\noahr_b1q7080\AppData\Roaming\Code\agent-host\sdk-cache\claude\0.3.220\win32-x64.tmp.5456\node_modules\dunder-proto
README.md,0.00,C:\Users\noahr_b1q7080\AppData\Roaming\Code\agent-host\sdk-cache\claude\0.3.220\win32-x64.tmp.5456\node_modules\dunder-proto
README.md,0.00,C:\Users\noahr_b1q7080\AppData\Roaming\Code\agent-host\sdk-cache\claude\0.3.220\win32-x64.tmp.5456\node_modules\ee-first
README.md,0.00,C:\Users\noahr_b1q7080\AppData\Roaming\Code\agent-host\sdk-cache\claude\0.3.220\win32-x64.tmp.5456\node_modules\encodeurl
CHANGELOG.md,0.00,C:\Users\noahr_b1q7080\AppData\Roaming\Code\agent-host\sdk-cache\claude\0.3.220\win32-x64.tmp.5456\node_modules\es-define-property
README.md,0.00,C:\Users\noahr_b1q7080\AppData\Roaming\Code\agent-host\sdk-cache\claude\0.3.220\win32-x64.tmp.5456\node_modules\es-define-property
CHANGELOG.md,0.00,C:\Users\noahr_b1q7080\AppData\Roaming\Code\agent-host\sdk-cache\claude\0.3.220\win32-x64.tmp.5456\node_modules\es-errors
README.md,0.00,C:\Users\noahr_b1q7080\AppData\Roaming\Code\agent-host\sdk-cache\claude\0.3.220\win32-x64.tmp.5456\node_modules\es-errors
CHANGELOG.md,0.00,C:\Users\noahr_b1q7080\AppData\Roaming\Code\agent-host\sdk-cache\claude\0.3.220\win32-x64.tmp.5456\node_modules\es-object-atoms
README.md,0.00,C:\Users\noahr_b1q7080\AppData\Roaming\Code\agent-host\sdk-cache\claude\0.3.220\win32-x64.tmp.5456\node_modules\es-object-atoms
Readme.md,0.00,C:\Users\noahr_b1q7080\AppData\Roaming\Code\agent-host\sdk-cache\claude\0.3.220\win32-x64.tmp.5456\node_modules\escape-html
HISTORY.md,0.00,C:\Users\noahr_b1q7080\AppData\Roaming\Code\agent-host\sdk-cache\claude\0.3.220\win32-x64.tmp.5456\node_modules\etag
README.md,0.00,C:\Users\noahr_b1q7080\AppData\Roaming\Code\agent-host\sdk-cache\claude\0.3.220\win32-x64.tmp.5456\node_modules\etag
README.md,0.00,C:\Users\noahr_b1q7080\AppData\Roaming\Code\agent-host\sdk-cache\claude\0.3.220\win32-x64.tmp.5456\node_modules\eventsource
README.md,0.01,C:\Users\noahr_b1q7080\AppData\Roaming\Code\agent-host\sdk-cache\claude\0.3.220\win32-x64.tmp.5456\node_modules\eventsource-parser
Readme.md,0.01,C:\Users\noahr_b1q7080\AppData\Roaming\Code\agent-host\sdk-cache\claude\0.3.220\win32-x64.tmp.5456\node_modules\express
license.md,0.00,C:\Users\noahr_b1q7080\AppData\Roaming\Code\agent-host\sdk-cache\claude\0.3.220\win32-x64.tmp.5456\node_modules\express-rate-limit
readme.md,0.01,C:\Users\noahr_b1q7080\AppData\Roaming\Code\agent-host\sdk-cache\claude\0.3.220\win32-x64.tmp.5456\node_modules\express-rate-limit
README.md,0.00,C:\Users\noahr_b1q7080\AppData\Roaming\Code\agent-host\sdk-cache\claude\0.3.220\win32-x64.tmp.5456\node_modules\fast-deep-equal
README.md,0.00,C:\Users\noahr_b1q7080\AppData\Roaming\Code\agent-host\sdk-cache\claude\0.3.220\win32-x64.tmp.5456\node_modules\fast-sha256
README.md,0.01,C:\Users\noahr_b1q7080\AppData\Roaming\Code\agent-host\sdk-cache\claude\0.3.220\win32-x64.tmp.5456\node_modules\fast-uri
HISTORY.md,0.01,C:\Users\noahr_b1q7080\AppData\Roaming\Code\agent-host\sdk-cache\claude\0.3.220\win32-x64.tmp.5456\node_modules\finalhandler
README.md,0.00,C:\Users\noahr_b1q7080\AppData\Roaming\Code\agent-host\sdk-cache\claude\0.3.220\win32-x64.tmp.5456\node_modules\finalhandler
HISTORY.md,0.00,C:\Users\noahr_b1q7080\AppData\Roaming\Code\agent-host\sdk-cache\claude\0.3.220\win32-x64.tmp.5456\node_modules\forwarded
README.md,0.00,C:\Users\noahr_b1q7080\AppData\Roaming\Code\agent-host\sdk-cache\claude\0.3.220\win32-x64.tmp.5456\node_modules\forwarded
HISTORY.md,0.00,C:\Users\noahr_b1q7080\AppData\Roaming\Code\agent-host\sdk-cache\claude\0.3.220\win32-x64.tmp.5456\node_modules\fresh
README.md,0.00,C:\Users\noahr_b1q7080\AppData\Roaming\Code\agent-host\sdk-cache\claude\0.3.220\win32-x64.tmp.5456\node_modules\fresh
CHANGELOG.md,0.01,C:\Users\noahr_b1q7080\AppData\Roaming\Code\agent-host\sdk-cache\claude\0.3.220\win32-x64.tmp.5456\node_modules\function-bind
README.md,0.00,C:\Users\noahr_b1q7080\AppData\Roaming\Code\agent-host\sdk-cache\claude\0.3.220\win32-x64.tmp.5456\node_modules\function-bind
SECURITY.md,0.00,C:\Users\noahr_b1q7080\AppData\Roaming\Code\agent-host\sdk-cache\claude\0.3.220\win32-x64.tmp.5456\node_modules\function-bind\.github
CHANGELOG.md,0.01,C:\Users\noahr_b1q7080\AppData\Roaming\Code\agent-host\sdk-cache\claude\0.3.220\win32-x64.tmp.5456\node_modules\get-intrinsic
README.md,0.00,C:\Users\noahr_b1q7080\AppData\Roaming\Code\agent-host\sdk-cache\claude\0.3.220\win32-x64.tmp.5456\node_modules\get-intrinsic
CHANGELOG.md,0.00,C:\Users\noahr_b1q7080\AppData\Roaming\Code\agent-host\sdk-cache\claude\0.3.220\win32-x64.tmp.5456\node_modules\get-proto
README.md,0.00,C:\Users\noahr_b1q7080\AppData\Roaming\Code\agent-host\sdk-cache\claude\0.3.220\win32-x64.tmp.5456\node_modules\get-proto
CHANGELOG.md,0.00,C:\Users\noahr_b1q7080\AppData\Roaming\Code\agent-host\sdk-cache\claude\0.3.220\win32-x64.tmp.5456\node_modules\gopd
README.md,0.00,C:\Users\noahr_b1q7080\AppData\Roaming\Code\agent-host\sdk-cache\claude\0.3.220\win32-x64.tmp.5456\node_modules\gopd
CHANGELOG.md,0.01,C:\Users\noahr_b1q7080\AppData\Roaming\Code\agent-host\sdk-cache\claude\0.3.220\win32-x64.tmp.5456\node_modules\has-symbols
README.md,0.00,C:\Users\noahr_b1q7080\AppData\Roaming\Code\agent-host\sdk-cache\claude\0.3.220\win32-x64.tmp.5456\node_modules\has-symbols
CHANGELOG.md,0.00,C:\Users\noahr_b1q7080\AppData\Roaming\Code\agent-host\sdk-cache\claude\0.3.220\win32-x64.tmp.5456\node_modules\hasown
README.md,0.00,C:\Users\noahr_b1q7080\AppData\Roaming\Code\agent-host\sdk-cache\claude\0.3.220\win32-x64.tmp.5456\node_modules\hasown
README.md,0.00,C:\Users\noahr_b1q7080\AppData\Roaming\Code\agent-host\sdk-cache\claude\0.3.220\win32-x64.tmp.5456\node_modules\hono
HISTORY.md,0.00,C:\Users\noahr_b1q7080\AppData\Roaming\Code\agent-host\sdk-cache\claude\0.3.220\win32-x64.tmp.5456\node_modules\http-errors
README.md,0.01,C:\Users\noahr_b1q7080\AppData\Roaming\Code\agent-host\sdk-cache\claude\0.3.220\win32-x64.tmp.5456\node_modules\http-errors
README.md,0.01,C:\Users\noahr_b1q7080\AppData\Roaming\Code\agent-host\sdk-cache\claude\0.3.220\win32-x64.tmp.5456\node_modules\iconv-lite
README.md,0.00,C:\Users\noahr_b1q7080\AppData\Roaming\Code\agent-host\sdk-cache\claude\0.3.220\win32-x64.tmp.5456\node_modules\inherits
README.md,0.03,C:\Users\noahr_b1q7080\AppData\Roaming\Code\agent-host\sdk-cache\claude\0.3.220\win32-x64.tmp.5456\node_modules\ip-address
README.md,0.01,C:\Users\noahr_b1q7080\AppData\Roaming\Code\agent-host\sdk-cache\claude\0.3.220\win32-x64.tmp.5456\node_modules\ipaddr.js
readme.md,0.00,C:\Users\noahr_b1q7080\AppData\Roaming\Code\agent-host\sdk-cache\claude\0.3.220\win32-x64.tmp.5456\node_modules\is-promise
README.md,0.00,C:\Users\noahr_b1q7080\AppData\Roaming\Code\agent-host\sdk-cache\claude\0.3.220\win32-x64.tmp.5456\node_modules\isexe
LICENSE.md,0.00,C:\Users\noahr_b1q7080\AppData\Roaming\Code\agent-host\sdk-cache\claude\0.3.220\win32-x64.tmp.5456\node_modules\jose
README.md,0.01,C:\Users\noahr_b1q7080\AppData\Roaming\Code\agent-host\sdk-cache\claude\0.3.220\win32-x64.tmp.5456\node_modules\jose
README.md,0.03,C:\Users\noahr_b1q7080\AppData\Roaming\Code\agent-host\sdk-cache\claude\0.3.220\win32-x64.tmp.5456\node_modules\json-schema-to-ts
README.md,0.00,C:\Users\noahr_b1q7080\AppData\Roaming\Code\agent-host\sdk-cache\claude\0.3.220\win32-x64.tmp.5456\node_modules\json-schema-traverse
LICENSE.md,0.00,C:\Users\noahr_b1q7080\AppData\Roaming\Code\agent-host\sdk-cache\claude\0.3.220\win32-x64.tmp.5456\node_modules\json-schema-typed
README.md,0.00,C:\Users\noahr_b1q7080\AppData\Roaming\Code\agent-host\sdk-cache\claude\0.3.220\win32-x64.tmp.5456\node_modules\json-schema-typed
CHANGELOG.md,0.00,C:\Users\noahr_b1q7080\AppData\Roaming\Code\agent-host\sdk-cache\claude\0.3.220\win32-x64.tmp.5456\node_modules\math-intrinsics
README.md,0.00,C:\Users\noahr_b1q7080\AppData\Roaming\Code\agent-host\sdk-cache\claude\0.3.220\win32-x64.tmp.5456\node_modules\math-intrinsics
HISTORY.md,0.00,C:\Users\noahr_b1q7080\AppData\Roaming\Code\agent-host\sdk-cache\claude\0.3.220\win32-x64.tmp.5456\node_modules\media-typer
README.md,0.00,C:\Users\noahr_b1q7080\AppData\Roaming\Code\agent-host\sdk-cache\claude\0.3.220\win32-x64.tmp.5456\node_modules\media-typer
readme.md,0.00,C:\Users\noahr_b1q7080\AppData\Roaming\Code\agent-host\sdk-cache\claude\0.3.220\win32-x64.tmp.5456\node_modules\merge-descriptors
HISTORY.md,0.01,C:\Users\noahr_b1q7080\AppData\Roaming\Code\agent-host\sdk-cache\claude\0.3.220\win32-x64.tmp.5456\node_modules\mime-db
README.md,0.00,C:\Users\noahr_b1q7080\AppData\Roaming\Code\agent-host\sdk-cache\claude\0.3.220\win32-x64.tmp.5456\node_modules\mime-db
HISTORY.md,0.01,C:\Users\noahr_b1q7080\AppData\Roaming\Code\agent-host\sdk-cache\claude\0.3.220\win32-x64.tmp.5456\node_modules\mime-types
README.md,0.00,C:\Users\noahr_b1q7080\AppData\Roaming\Code\agent-host\sdk-cache\claude\0.3.220\win32-x64.tmp.5456\node_modules\mime-types
license.md,0.00,C:\Users\noahr_b1q7080\AppData\Roaming\Code\agent-host\sdk-cache\claude\0.3.220\win32-x64.tmp.5456\node_modules\ms
readme.md,0.00,C:\Users\noahr_b1q7080\AppData\Roaming\Code\agent-host\sdk-cache\claude\0.3.220\win32-x64.tmp.5456\node_modules\ms
HISTORY.md,0.00,C:\Users\noahr_b1q7080\AppData\Roaming\Code\agent-host\sdk-cache\claude\0.3.220\win32-x64.tmp.5456\node_modules\negotiator
README.md,0.01,C:\Users\noahr_b1q7080\AppData\Roaming\Code\agent-host\sdk-cache\claude\0.3.220\win32-x64.tmp.5456\node_modules\negotiator
readme.md,0.00,C:\Users\noahr_b1q7080\AppData\Roaming\Code\agent-host\sdk-cache\claude\0.3.220\win32-x64.tmp.5456\node_modules\object-assign
CHANGELOG.md,0.03,C:\Users\noahr_b1q7080\AppData\Roaming\Code\agent-host\sdk-cache\claude\0.3.220\win32-x64.tmp.5456\node_modules\object-inspect
HISTORY.md,0.00,C:\Users\noahr_b1q7080\AppData\Roaming\Code\agent-host\sdk-cache\claude\0.3.220\win32-x64.tmp.5456\node_modules\on-finished
README.md,0.00,C:\Users\noahr_b1q7080\AppData\Roaming\Code\agent-host\sdk-cache\claude\0.3.220\win32-x64.tmp.5456\node_modules\on-finished
README.md,0.00,C:\Users\noahr_b1q7080\AppData\Roaming\Code\agent-host\sdk-cache\claude\0.3.220\win32-x64.tmp.5456\node_modules\once
HISTORY.md,0.00,C:\Users\noahr_b1q7080\AppData\Roaming\Code\agent-host\sdk-cache\claude\0.3.220\win32-x64.tmp.5456\node_modules\parseurl
README.md,0.00,C:\Users\noahr_b1q7080\AppData\Roaming\Code\agent-host\sdk-cache\claude\0.3.220\win32-x64.tmp.5456\node_modules\parseurl
readme.md,0.00,C:\Users\noahr_b1q7080\AppData\Roaming\Code\agent-host\sdk-cache\claude\0.3.220\win32-x64.tmp.5456\node_modules\path-key
Readme.md,0.01,C:\Users\noahr_b1q7080\AppData\Roaming\Code\agent-host\sdk-cache\claude\0.3.220\win32-x64.tmp.5456\node_modules\path-to-regexp
CHANGELOG.md,0.00,C:\Users\noahr_b1q7080\AppData\Roaming\Code\agent-host\sdk-cache\claude\0.3.220\win32-x64.tmp.5456\node_modules\pkce-challenge
README.md,0.00,C:\Users\noahr_b1q7080\AppData\Roaming\Code\agent-host\sdk-cache\claude\0.3.220\win32-x64.tmp.5456\node_modules\pkce-challenge
HISTORY.md,0.00,C:\Users\noahr_b1q7080\AppData\Roaming\Code\agent-host\sdk-cache\claude\0.3.220\win32-x64.tmp.5456\node_modules\proxy-addr
README.md,0.00,C:\Users\noahr_b1q7080\AppData\Roaming\Code\agent-host\sdk-cache\claude\0.3.220\win32-x64.tmp.5456\node_modules\proxy-addr
CHANGELOG.md,0.04,C:\Users\noahr_b1q7080\AppData\Roaming\Code\agent-host\sdk-cache\claude\0.3.220\win32-x64.tmp.5456\node_modules\qs
LICENSE.md,0.00,C:\Users\noahr_b1q7080\AppData\Roaming\Code\agent-host\sdk-cache\claude\0.3.220\win32-x64.tmp.5456\node_modules\qs
README.md,0.03,C:\Users\noahr_b1q7080\AppData\Roaming\Code\agent-host\sdk-cache\claude\0.3.220\win32-x64.tmp.5456\node_modules\qs
SECURITY.md,0.00,C:\Users\noahr_b1q7080\AppData\Roaming\Code\agent-host\sdk-cache\claude\0.3.220\win32-x64.tmp.5456\node_modules\qs\.github
THREAT_MODEL.md,0.00,C:\Users\noahr_b1q7080\AppData\Roaming\Code\agent-host\sdk-cache\claude\0.3.220\win32-x64.tmp.5456\node_modules\qs\.github
HISTORY.md,0.00,C:\Users\noahr_b1q7080\AppData\Roaming\Code\agent-host\sdk-cache\claude\0.3.220\win32-x64.tmp.5456\node_modules\range-parser
README.md,0.00,C:\Users\noahr_b1q7080\AppData\Roaming\Code\agent-host\sdk-cache\claude\0.3.220\win32-x64.tmp.5456\node_modules\range-parser
README.md,0.01,C:\Users\noahr_b1q7080\AppData\Roaming\Code\agent-host\sdk-cache\claude\0.3.220\win32-x64.tmp.5456\node_modules\raw-body
readme.md,0.00,C:\Users\noahr_b1q7080\AppData\Roaming\Code\agent-host\sdk-cache\claude\0.3.220\win32-x64.tmp.5456\node_modules\require-from-string
HISTORY.md,0.01,C:\Users\noahr_b1q7080\AppData\Roaming\Code\agent-host\sdk-cache\claude\0.3.220\win32-x64.tmp.5456\node_modules\router
README.md,0.01,C:\Users\noahr_b1q7080\AppData\Roaming\Code\agent-host\sdk-cache\claude\0.3.220\win32-x64.tmp.5456\node_modules\router
Porting-Buffer.md,0.01,C:\Users\noahr_b1q7080\AppData\Roaming\Code\agent-host\sdk-cache\claude\0.3.220\win32-x64.tmp.5456\node_modules\safer-buffer
Readme.md,0.01,C:\Users\noahr_b1q7080\AppData\Roaming\Code\agent-host\sdk-cache\claude\0.3.220\win32-x64.tmp.5456\node_modules\safer-buffer
README.md,0.01,C:\Users\noahr_b1q7080\AppData\Roaming\Code\agent-host\sdk-cache\claude\0.3.220\win32-x64.tmp.5456\node_modules\send
README.md,0.01,C:\Users\noahr_b1q7080\AppData\Roaming\Code\agent-host\sdk-cache\claude\0.3.220\win32-x64.tmp.5456\node_modules\serve-static
README.md,0.00,C:\Users\noahr_b1q7080\AppData\Roaming\Code\agent-host\sdk-cache\claude\0.3.220\win32-x64.tmp.5456\node_modules\setprototypeof
readme.md,0.00,C:\Users\noahr_b1q7080\AppData\Roaming\Code\agent-host\sdk-cache\claude\0.3.220\win32-x64.tmp.5456\node_modules\shebang-command
readme.md,0.00,C:\Users\noahr_b1q7080\AppData\Roaming\Code\agent-host\sdk-cache\claude\0.3.220\win32-x64.tmp.5456\node_modules\shebang-regex
CHANGELOG.md,0.01,C:\Users\noahr_b1q7080\AppData\Roaming\Code\agent-host\sdk-cache\claude\0.3.220\win32-x64.tmp.5456\node_modules\side-channel
README.md,0.00,C:\Users\noahr_b1q7080\AppData\Roaming\Code\agent-host\sdk-cache\claude\0.3.220\win32-x64.tmp.5456\node_modules\side-channel
CHANGELOG.md,0.00,C:\Users\noahr_b1q7080\AppData\Roaming\Code\agent-host\sdk-cache\claude\0.3.220\win32-x64.tmp.5456\node_modules\side-channel-list
README.md,0.00,C:\Users\noahr_b1q7080\AppData\Roaming\Code\agent-host\sdk-cache\claude\0.3.220\win32-x64.tmp.5456\node_modules\side-channel-list
CHANGELOG.md,0.00,C:\Users\noahr_b1q7080\AppData\Roaming\Code\agent-host\sdk-cache\claude\0.3.220\win32-x64.tmp.5456\node_modules\side-channel-map
README.md,0.00,C:\Users\noahr_b1q7080\AppData\Roaming\Code\agent-host\sdk-cache\claude\0.3.220\win32-x64.tmp.5456\node_modules\side-channel-map
CHANGELOG.md,0.00,C:\Users\noahr_b1q7080\AppData\Roaming\Code\agent-host\sdk-cache\claude\0.3.220\win32-x64.tmp.5456\node_modules\side-channel-weakmap
README.md,0.00,C:\Users\noahr_b1q7080\AppData\Roaming\Code\agent-host\sdk-cache\claude\0.3.220\win32-x64.tmp.5456\node_modules\side-channel-weakmap
README.md,0.00,C:\Users\noahr_b1q7080\AppData\Roaming\Code\agent-host\sdk-cache\claude\0.3.220\win32-x64.tmp.5456\node_modules\standardwebhooks
HISTORY.md,0.00,C:\Users\noahr_b1q7080\AppData\Roaming\Code\agent-host\sdk-cache\claude\0.3.220\win32-x64.tmp.5456\node_modules\statuses
README.md,0.00,C:\Users\noahr_b1q7080\AppData\Roaming\Code\agent-host\sdk-cache\claude\0.3.220\win32-x64.tmp.5456\node_modules\statuses
HISTORY.md,0.00,C:\Users\noahr_b1q7080\AppData\Roaming\Code\agent-host\sdk-cache\claude\0.3.220\win32-x64.tmp.5456\node_modules\toidentifier
README.md,0.00,C:\Users\noahr_b1q7080\AppData\Roaming\Code\agent-host\sdk-cache\claude\0.3.220\win32-x64.tmp.5456\node_modules\toidentifier
README.md,0.02,C:\Users\noahr_b1q7080\AppData\Roaming\Code\agent-host\sdk-cache\claude\0.3.220\win32-x64.tmp.5456\node_modules\ts-algebra
HISTORY.md,0.01,C:\Users\noahr_b1q7080\AppData\Roaming\Code\agent-host\sdk-cache\claude\0.3.220\win32-x64.tmp.5456\node_modules\type-is
README.md,0.01,C:\Users\noahr_b1q7080\AppData\Roaming\Code\agent-host\sdk-cache\claude\0.3.220\win32-x64.tmp.5456\node_modules\type-is
README.md,0.00,C:\Users\noahr_b1q7080\AppData\Roaming\Code\agent-host\sdk-cache\claude\0.3.220\win32-x64.tmp.5456\node_modules\type-is\node_modules\content-type
HISTORY.md,0.00,C:\Users\noahr_b1q7080\AppData\Roaming\Code\agent-host\sdk-cache\claude\0.3.220\win32-x64.tmp.5456\node_modules\unpipe
README.md,0.00,C:\Users\noahr_b1q7080\AppData\Roaming\Code\agent-host\sdk-cache\claude\0.3.220\win32-x64.tmp.5456\node_modules\unpipe
HISTORY.md,0.00,C:\Users\noahr_b1q7080\AppData\Roaming\Code\agent-host\sdk-cache\claude\0.3.220\win32-x64.tmp.5456\node_modules\vary
README.md,0.00,C:\Users\noahr_b1q7080\AppData\Roaming\Code\agent-host\sdk-cache\claude\0.3.220\win32-x64.tmp.5456\node_modules\vary
CHANGELOG.md,0.00,C:\Users\noahr_b1q7080\AppData\Roaming\Code\agent-host\sdk-cache\claude\0.3.220\win32-x64.tmp.5456\node_modules\which
README.md,0.00,C:\Users\noahr_b1q7080\AppData\Roaming\Code\agent-host\sdk-cache\claude\0.3.220\win32-x64.tmp.5456\node_modules\which
README.md,0.00,C:\Users\noahr_b1q7080\AppData\Roaming\Code\agent-host\sdk-cache\claude\0.3.220\win32-x64.tmp.5456\node_modules\wrappy
README.md,0.01,C:\Users\noahr_b1q7080\AppData\Roaming\Code\agent-host\sdk-cache\claude\0.3.220\win32-x64.tmp.5456\node_modules\zod
changelog.md,0.03,C:\Users\noahr_b1q7080\AppData\Roaming\Code\agent-host\sdk-cache\claude\0.3.220\win32-x64.tmp.5456\node_modules\zod-to-json-schema
contributing.md,0.00,C:\Users\noahr_b1q7080\AppData\Roaming\Code\agent-host\sdk-cache\claude\0.3.220\win32-x64.tmp.5456\node_modules\zod-to-json-schema
README.md,0.03,C:\Users\noahr_b1q7080\AppData\Roaming\Code\agent-host\sdk-cache\claude\0.3.220\win32-x64.tmp.5456\node_modules\zod-to-json-schema
Ask.agent.md,0.00,C:\Users\noahr_b1q7080\AppData\Roaming\Code\User\globalStorage\github.copilot-chat\ask-agent
Explore.agent.md,0.00,C:\Users\noahr_b1q7080\AppData\Roaming\Code\User\globalStorage\github.copilot-chat\explore-agent
Plan.agent.md,0.01,C:\Users\noahr_b1q7080\AppData\Roaming\Code\User\globalStorage\github.copilot-chat\plan-agent
9wXO.md,0.00,C:\Users\noahr_b1q7080\AppData\Roaming\Code\User\History\6f094158
README.md,0.00,C:\Users\noahr_b1q7080\AppData\Roaming\Sublime Text\Packages\subllualove-master\subllualove-master
2.1.0.md,0.00,C:\Users\noahr_b1q7080\AppData\Roaming\Sublime Text\Packages\subllualove-master\subllualove-master\messages
2.1.1.md,0.00,C:\Users\noahr_b1q7080\AppData\Roaming\Sublime Text\Packages\subllualove-master\subllualove-master\messages
2.1.2.md,0.00,C:\Users\noahr_b1q7080\AppData\Roaming\Sublime Text\Packages\subllualove-master\subllualove-master\messages
2.1.3.md,0.00,C:\Users\noahr_b1q7080\AppData\Roaming\Sublime Text\Packages\subllualove-master\subllualove-master\messages
2.1.4.md,0.00,C:\Users\noahr_b1q7080\AppData\Roaming\Sublime Text\Packages\subllualove-master\subllualove-master\messages
2.1.5.md,0.00,C:\Users\noahr_b1q7080\AppData\Roaming\Sublime Text\Packages\subllualove-master\subllualove-master\messages
2.2.0.md,0.00,C:\Users\noahr_b1q7080\AppData\Roaming\Sublime Text\Packages\subllualove-master\subllualove-master\messages
LICENSE.md,0.00,C:\Users\noahr_b1q7080\AppData\Roaming\uv\python\cpython-3.14-windows-x86_64-none\Lib\site-packages\pip\_vendor\idna
LICENSE.md,0.00,C:\Users\noahr_b1q7080\AppData\Roaming\uv\python\cpython-3.14-windows-x86_64-none\Lib\site-packages\pip-26.0.1.dist-info\licenses\src\pip\_vendor\idna
LICENSE.md,0.00,C:\Users\noahr_b1q7080\AppData\Roaming\uv\python\cpython-3.14.3-windows-x86_64-none\Lib\site-packages\pip\_vendor\idna
LICENSE.md,0.00,C:\Users\noahr_b1q7080\AppData\Roaming\uv\python\cpython-3.14.3-windows-x86_64-none\Lib\site-packages\pip-26.0.1.dist-info\licenses\src\pip\_vendor\idna
AGENTS.md,0.00,C:\Users\noahr_b1q7080\AppData\Roaming\Zed
aes.md,0.00,C:\Users\noahr_b1q7080\Desktop\Defold-x86_64-win32\Defold\packages\jdk-25+36\legal\java.base
c-libutl.md,0.00,C:\Users\noahr_b1q7080\Desktop\Defold-x86_64-win32\Defold\packages\jdk-25+36\legal\java.base
cldr.md,0.01,C:\Users\noahr_b1q7080\Desktop\Defold-x86_64-win32\Defold\packages\jdk-25+36\legal\java.base
icu.md,0.00,C:\Users\noahr_b1q7080\Desktop\Defold-x86_64-win32\Defold\packages\jdk-25+36\legal\java.base
public_suffix.md,0.02,C:\Users\noahr_b1q7080\Desktop\Defold-x86_64-win32\Defold\packages\jdk-25+36\legal\java.base
siphash.md,0.01,C:\Users\noahr_b1q7080\Desktop\Defold-x86_64-win32\Defold\packages\jdk-25+36\legal\java.base
unicode.md,0.01,C:\Users\noahr_b1q7080\Desktop\Defold-x86_64-win32\Defold\packages\jdk-25+36\legal\java.base
wepoll.md,0.00,C:\Users\noahr_b1q7080\Desktop\Defold-x86_64-win32\Defold\packages\jdk-25+36\legal\java.base
zlib.md,0.00,C:\Users\noahr_b1q7080\Desktop\Defold-x86_64-win32\Defold\packages\jdk-25+36\legal\java.base
colorimaging.md,0.00,C:\Users\noahr_b1q7080\Desktop\Defold-x86_64-win32\Defold\packages\jdk-25+36\legal\java.desktop
freetype.md,0.03,C:\Users\noahr_b1q7080\Desktop\Defold-x86_64-win32\Defold\packages\jdk-25+36\legal\java.desktop
giflib.md,0.00,C:\Users\noahr_b1q7080\Desktop\Defold-x86_64-win32\Defold\packages\jdk-25+36\legal\java.desktop
harfbuzz.md,0.00,C:\Users\noahr_b1q7080\Desktop\Defold-x86_64-win32\Defold\packages\jdk-25+36\legal\java.desktop
jpeg.md,0.00,C:\Users\noahr_b1q7080\Desktop\Defold-x86_64-win32\Defold\packages\jdk-25+36\legal\java.desktop
lcms.md,0.00,C:\Users\noahr_b1q7080\Desktop\Defold-x86_64-win32\Defold\packages\jdk-25+36\legal\java.desktop
libpng.md,0.01,C:\Users\noahr_b1q7080\Desktop\Defold-x86_64-win32\Defold\packages\jdk-25+36\legal\java.desktop
mesa3d.md,0.01,C:\Users\noahr_b1q7080\Desktop\Defold-x86_64-win32\Defold\packages\jdk-25+36\legal\java.desktop
bcel.md,0.01,C:\Users\noahr_b1q7080\Desktop\Defold-x86_64-win32\Defold\packages\jdk-25+36\legal\java.xml
dom.md,0.00,C:\Users\noahr_b1q7080\Desktop\Defold-x86_64-win32\Defold\packages\jdk-25+36\legal\java.xml
jcup.md,0.00,C:\Users\noahr_b1q7080\Desktop\Defold-x86_64-win32\Defold\packages\jdk-25+36\legal\java.xml
schema10part1.md,0.00,C:\Users\noahr_b1q7080\Desktop\Defold-x86_64-win32\Defold\packages\jdk-25+36\legal\java.xml
schema10part2.md,0.00,C:\Users\noahr_b1q7080\Desktop\Defold-x86_64-win32\Defold\packages\jdk-25+36\legal\java.xml
xalan.md,0.01,C:\Users\noahr_b1q7080\Desktop\Defold-x86_64-win32\Defold\packages\jdk-25+36\legal\java.xml
xerces.md,0.01,C:\Users\noahr_b1q7080\Desktop\Defold-x86_64-win32\Defold\packages\jdk-25+36\legal\java.xml
xhtml10.md,0.00,C:\Users\noahr_b1q7080\Desktop\Defold-x86_64-win32\Defold\packages\jdk-25+36\legal\java.xml
xhtml10schema.md,0.01,C:\Users\noahr_b1q7080\Desktop\Defold-x86_64-win32\Defold\packages\jdk-25+36\legal\java.xml
xhtml11.md,0.00,C:\Users\noahr_b1q7080\Desktop\Defold-x86_64-win32\Defold\packages\jdk-25+36\legal\java.xml
xhtml11schema.md,0.00,C:\Users\noahr_b1q7080\Desktop\Defold-x86_64-win32\Defold\packages\jdk-25+36\legal\java.xml
xmlspec.md,0.00,C:\Users\noahr_b1q7080\Desktop\Defold-x86_64-win32\Defold\packages\jdk-25+36\legal\java.xml
xmlxsd.md,0.00,C:\Users\noahr_b1q7080\Desktop\Defold-x86_64-win32\Defold\packages\jdk-25+36\legal\java.xml
santuario.md,0.01,C:\Users\noahr_b1q7080\Desktop\Defold-x86_64-win32\Defold\packages\jdk-25+36\legal\java.xml.crypto
jopt-simple.md,0.00,C:\Users\noahr_b1q7080\Desktop\Defold-x86_64-win32\Defold\packages\jdk-25+36\legal\jdk.internal.opt
README.md,0.00,C:\Users\noahr_b1q7080\Downloads\libresprite-development-windows-x86_64 (1)\data\skins\default
README.md,0.00,C:\Users\noahr_b1q7080\Downloads\Lite XL\lite-xl\data\libraries\widget
licenses.md,0.01,C:\Users\noahr_b1q7080\Downloads\Lite XL\lite-xl\doc
README.md,0.00,C:\Users\noahr_b1q7080\Empty Project
CHANGELOG.md,0.13,C:\Users\noahr_b1q7080\My project\Library\PackageCache\com.unity.burst@6bb9aca3ef38
LICENSE.md,0.00,C:\Users\noahr_b1q7080\My project\Library\PackageCache\com.unity.burst@6bb9aca3ef38
Third Party Notices.md,0.03,C:\Users\noahr_b1q7080\My project\Library\PackageCache\com.unity.burst@6bb9aca3ef38
aliasing-job-system.md,0.00,C:\Users\noahr_b1q7080\My project\Library\PackageCache\com.unity.burst@6bb9aca3ef38\Documentation~
aliasing-noalias.md,0.01,C:\Users\noahr_b1q7080\My project\Library\PackageCache\com.unity.burst@6bb9aca3ef38\Documentation~
aliasing.md,0.01,C:\Users\noahr_b1q7080\My project\Library\PackageCache\com.unity.burst@6bb9aca3ef38\Documentation~
building-aot-settings.md,0.01,C:\Users\noahr_b1q7080\My project\Library\PackageCache\com.unity.burst@6bb9aca3ef38\Documentation~
building-projects.md,0.01,C:\Users\noahr_b1q7080\My project\Library\PackageCache\com.unity.burst@6bb9aca3ef38\Documentation~
compilation-burstcompile-assembly.md,0.00,C:\Users\noahr_b1q7080\My project\Library\PackageCache\com.unity.burst@6bb9aca3ef38\Documentation~
compilation-burstcompile.md,0.01,C:\Users\noahr_b1q7080\My project\Library\PackageCache\com.unity.burst@6bb9aca3ef38\Documentation~
compilation-burstdiscard.md,0.00,C:\Users\noahr_b1q7080\My project\Library\PackageCache\com.unity.burst@6bb9aca3ef38\Documentation~
compilation-generic-jobs.md,0.00,C:\Users\noahr_b1q7080\My project\Library\PackageCache\com.unity.burst@6bb9aca3ef38\Documentation~
compilation-synchronous.md,0.00,C:\Users\noahr_b1q7080\My project\Library\PackageCache\com.unity.burst@6bb9aca3ef38\Documentation~
compilation-warnings.md,0.00,C:\Users\noahr_b1q7080\My project\Library\PackageCache\com.unity.burst@6bb9aca3ef38\Documentation~
compilation.md,0.00,C:\Users\noahr_b1q7080\My project\Library\PackageCache\com.unity.burst@6bb9aca3ef38\Documentation~
csharp-burst-intrinsics-common.md,0.00,C:\Users\noahr_b1q7080\My project\Library\PackageCache\com.unity.burst@6bb9aca3ef38\Documentation~
csharp-burst-intrinsics-dllimport.md,0.00,C:\Users\noahr_b1q7080\My project\Library\PackageCache\com.unity.burst@6bb9aca3ef38\Documentation~
csharp-burst-intrinsics-neon.md,0.18,C:\Users\noahr_b1q7080\My project\Library\PackageCache\com.unity.burst@6bb9aca3ef38\Documentation~
csharp-burst-intrinsics-processors.md,0.01,C:\Users\noahr_b1q7080\My project\Library\PackageCache\com.unity.burst@6bb9aca3ef38\Documentation~
csharp-burst-intrinsics.md,0.00,C:\Users\noahr_b1q7080\My project\Library\PackageCache\com.unity.burst@6bb9aca3ef38\Documentation~
csharp-calling-burst-code.md,0.00,C:\Users\noahr_b1q7080\My project\Library\PackageCache\com.unity.burst@6bb9aca3ef38\Documentation~
csharp-function-pointers.md,0.01,C:\Users\noahr_b1q7080\My project\Library\PackageCache\com.unity.burst@6bb9aca3ef38\Documentation~
csharp-hpc-overview.md,0.01,C:\Users\noahr_b1q7080\My project\Library\PackageCache\com.unity.burst@6bb9aca3ef38\Documentation~
csharp-language-support.md,0.00,C:\Users\noahr_b1q7080\My project\Library\PackageCache\com.unity.burst@6bb9aca3ef38\Documentation~
csharp-shared-static.md,0.00,C:\Users\noahr_b1q7080\My project\Library\PackageCache\com.unity.burst@6bb9aca3ef38\Documentation~
csharp-static-read-only-support.md,0.00,C:\Users\noahr_b1q7080\My project\Library\PackageCache\com.unity.burst@6bb9aca3ef38\Documentation~
csharp-string-support.md,0.00,C:\Users\noahr_b1q7080\My project\Library\PackageCache\com.unity.burst@6bb9aca3ef38\Documentation~
csharp-system-support.md,0.00,C:\Users\noahr_b1q7080\My project\Library\PackageCache\com.unity.burst@6bb9aca3ef38\Documentation~
csharp-type-support.md,0.01,C:\Users\noahr_b1q7080\My project\Library\PackageCache\com.unity.burst@6bb9aca3ef38\Documentation~
debugging-profiling-tools.md,0.01,C:\Users\noahr_b1q7080\My project\Library\PackageCache\com.unity.burst@6bb9aca3ef38\Documentation~
editor-burst-inspector.md,0.01,C:\Users\noahr_b1q7080\My project\Library\PackageCache\com.unity.burst@6bb9aca3ef38\Documentation~
editor-burst-menu.md,0.00,C:\Users\noahr_b1q7080\My project\Library\PackageCache\com.unity.burst@6bb9aca3ef38\Documentation~
editor-reference-overview.md,0.00,C:\Users\noahr_b1q7080\My project\Library\PackageCache\com.unity.burst@6bb9aca3ef38\Documentation~
getting-started.md,0.00,C:\Users\noahr_b1q7080\My project\Library\PackageCache\com.unity.burst@6bb9aca3ef38\Documentation~
index.md,0.00,C:\Users\noahr_b1q7080\My project\Library\PackageCache\com.unity.burst@6bb9aca3ef38\Documentation~
modding-support.md,0.01,C:\Users\noahr_b1q7080\My project\Library\PackageCache\com.unity.burst@6bb9aca3ef38\Documentation~
optimization-assumerange.md,0.00,C:\Users\noahr_b1q7080\My project\Library\PackageCache\com.unity.burst@6bb9aca3ef38\Documentation~
optimization-constant.md,0.00,C:\Users\noahr_b1q7080\My project\Library\PackageCache\com.unity.burst@6bb9aca3ef38\Documentation~
optimization-hint.md,0.00,C:\Users\noahr_b1q7080\My project\Library\PackageCache\com.unity.burst@6bb9aca3ef38\Documentation~
optimization-loop-vectorization.md,0.00,C:\Users\noahr_b1q7080\My project\Library\PackageCache\com.unity.burst@6bb9aca3ef38\Documentation~
optimization-overview.md,0.00,C:\Users\noahr_b1q7080\My project\Library\PackageCache\com.unity.burst@6bb9aca3ef38\Documentation~
optimization-skiplocalsinit.md,0.01,C:\Users\noahr_b1q7080\My project\Library\PackageCache\com.unity.burst@6bb9aca3ef38\Documentation~
TableOfContents.md,0.00,C:\Users\noahr_b1q7080\My project\Library\PackageCache\com.unity.burst@6bb9aca3ef38\Documentation~
CHANGELOG.md,0.05,C:\Users\noahr_b1q7080\My project\Library\PackageCache\com.unity.cinemachine@285f38545487
LICENSE.md,0.00,C:\Users\noahr_b1q7080\My project\Library\PackageCache\com.unity.cinemachine@285f38545487
README.md,0.00,C:\Users\noahr_b1q7080\My project\Library\PackageCache\com.unity.cinemachine@285f38545487
Third Party Notices.md,0.00,C:\Users\noahr_b1q7080\My project\Library\PackageCache\com.unity.cinemachine@285f38545487
2d-and-top-down-games.md,0.00,C:\Users\noahr_b1q7080\My project\Library\PackageCache\com.unity.cinemachine@285f38545487\Documentation~
3d-tracking-scenarios.md,0.00,C:\Users\noahr_b1q7080\My project\Library\PackageCache\com.unity.cinemachine@285f38545487\Documentation~
Cinemachine2D.md,0.00,C:\Users\noahr_b1q7080\My project\Library\PackageCache\com.unity.cinemachine@285f38545487\Documentation~
CinemachineAutoFocus.md,0.00,C:\Users\noahr_b1q7080\My project\Library\PackageCache\com.unity.cinemachine@285f38545487\Documentation~
CinemachineBasicMultiChannelPerlin.md,0.00,C:\Users\noahr_b1q7080\My project\Library\PackageCache\com.unity.cinemachine@285f38545487\Documentation~
CinemachineBlending.md,0.00,C:\Users\noahr_b1q7080\My project\Library\PackageCache\com.unity.cinemachine@285f38545487\Documentation~
CinemachineBrain.md,0.01,C:\Users\noahr_b1q7080\My project\Library\PackageCache\com.unity.cinemachine@285f38545487\Documentation~
CinemachineBrainEvents.md,0.00,C:\Users\noahr_b1q7080\My project\Library\PackageCache\com.unity.cinemachine@285f38545487\Documentation~
CinemachineCamera.md,0.01,C:\Users\noahr_b1q7080\My project\Library\PackageCache\com.unity.cinemachine@285f38545487\Documentation~
CinemachineCameraEvents.md,0.00,C:\Users\noahr_b1q7080\My project\Library\PackageCache\com.unity.cinemachine@285f38545487\Documentation~
CinemachineCameraManagerEvents.md,0.00,C:\Users\noahr_b1q7080\My project\Library\PackageCache\com.unity.cinemachine@285f38545487\Documentation~
CinemachineClearShot.md,0.00,C:\Users\noahr_b1q7080\My project\Library\PackageCache\com.unity.cinemachine@285f38545487\Documentation~
CinemachineColliderConfiner.md,0.00,C:\Users\noahr_b1q7080\My project\Library\PackageCache\com.unity.cinemachine@285f38545487\Documentation~
CinemachineCollisionImpulseSource.md,0.01,C:\Users\noahr_b1q7080\My project\Library\PackageCache\com.unity.cinemachine@285f38545487\Documentation~
CinemachineConfiner2D.md,0.00,C:\Users\noahr_b1q7080\My project\Library\PackageCache\com.unity.cinemachine@285f38545487\Documentation~
CinemachineConfiner3D.md,0.00,C:\Users\noahr_b1q7080\My project\Library\PackageCache\com.unity.cinemachine@285f38545487\Documentation~
CinemachineDecollider.md,0.00,C:\Users\noahr_b1q7080\My project\Library\PackageCache\com.unity.cinemachine@285f38545487\Documentation~
CinemachineDeoccluder.md,0.01,C:\Users\noahr_b1q7080\My project\Library\PackageCache\com.unity.cinemachine@285f38545487\Documentation~
CinemachineEvents.md,0.00,C:\Users\noahr_b1q7080\My project\Library\PackageCache\com.unity.cinemachine@285f38545487\Documentation~
CinemachineExternalCamera.md,0.00,C:\Users\noahr_b1q7080\My project\Library\PackageCache\com.unity.cinemachine@285f38545487\Documentation~
CinemachineFollow.md,0.00,C:\Users\noahr_b1q7080\My project\Library\PackageCache\com.unity.cinemachine@285f38545487\Documentation~
CinemachineFollowZoom.md,0.00,C:\Users\noahr_b1q7080\My project\Library\PackageCache\com.unity.cinemachine@285f38545487\Documentation~
CinemachineFreeLookModifier.md,0.00,C:\Users\noahr_b1q7080\My project\Library\PackageCache\com.unity.cinemachine@285f38545487\Documentation~
CinemachineGroupFraming.md,0.00,C:\Users\noahr_b1q7080\My project\Library\PackageCache\com.unity.cinemachine@285f38545487\Documentation~
CinemachineHardLockToTarget.md,0.00,C:\Users\noahr_b1q7080\My project\Library\PackageCache\com.unity.cinemachine@285f38545487\Documentation~
CinemachineHardLookAt.md,0.00,C:\Users\noahr_b1q7080\My project\Library\PackageCache\com.unity.cinemachine@285f38545487\Documentation~
CinemachineImpulse.md,0.00,C:\Users\noahr_b1q7080\My project\Library\PackageCache\com.unity.cinemachine@285f38545487\Documentation~
CinemachineImpulseFiltering.md,0.00,C:\Users\noahr_b1q7080\My project\Library\PackageCache\com.unity.cinemachine@285f38545487\Documentation~
CinemachineImpulseListener.md,0.00,C:\Users\noahr_b1q7080\My project\Library\PackageCache\com.unity.cinemachine@285f38545487\Documentation~
CinemachineImpulseSource.md,0.00,C:\Users\noahr_b1q7080\My project\Library\PackageCache\com.unity.cinemachine@285f38545487\Documentation~
CinemachineImpulseSourceOverview.md,0.00,C:\Users\noahr_b1q7080\My project\Library\PackageCache\com.unity.cinemachine@285f38545487\Documentation~
CinemachineInputAxisController.md,0.00,C:\Users\noahr_b1q7080\My project\Library\PackageCache\com.unity.cinemachine@285f38545487\Documentation~
CinemachineManagerCameras.md,0.00,C:\Users\noahr_b1q7080\My project\Library\PackageCache\com.unity.cinemachine@285f38545487\Documentation~
CinemachineMixingCamera.md,0.00,C:\Users\noahr_b1q7080\My project\Library\PackageCache\com.unity.cinemachine@285f38545487\Documentation~
CinemachineMultipleCameras.md,0.00,C:\Users\noahr_b1q7080\My project\Library\PackageCache\com.unity.cinemachine@285f38545487\Documentation~
CinemachineNoiseProfiles.md,0.00,C:\Users\noahr_b1q7080\My project\Library\PackageCache\com.unity.cinemachine@285f38545487\Documentation~
CinemachineOrbitalFollow.md,0.01,C:\Users\noahr_b1q7080\My project\Library\PackageCache\com.unity.cinemachine@285f38545487\Documentation~
CinemachinePanTilt.md,0.00,C:\Users\noahr_b1q7080\My project\Library\PackageCache\com.unity.cinemachine@285f38545487\Documentation~
CinemachinePixelPerfect.md,0.00,C:\Users\noahr_b1q7080\My project\Library\PackageCache\com.unity.cinemachine@285f38545487\Documentation~
CinemachinePositionComposer.md,0.00,C:\Users\noahr_b1q7080\My project\Library\PackageCache\com.unity.cinemachine@285f38545487\Documentation~
CinemachinePostProcessing.md,0.00,C:\Users\noahr_b1q7080\My project\Library\PackageCache\com.unity.cinemachine@285f38545487\Documentation~
CinemachineRecomposer.md,0.00,C:\Users\noahr_b1q7080\My project\Library\PackageCache\com.unity.cinemachine@285f38545487\Documentation~
CinemachineRotateWithFollowTarget.md,0.00,C:\Users\noahr_b1q7080\My project\Library\PackageCache\com.unity.cinemachine@285f38545487\Documentation~
CinemachineRotationComposer.md,0.00,C:\Users\noahr_b1q7080\My project\Library\PackageCache\com.unity.cinemachine@285f38545487\Documentation~
CinemachineSavingDuringPlay.md,0.00,C:\Users\noahr_b1q7080\My project\Library\PackageCache\com.unity.cinemachine@285f38545487\Documentation~
CinemachineSequencerCamera.md,0.00,C:\Users\noahr_b1q7080\My project\Library\PackageCache\com.unity.cinemachine@285f38545487\Documentation~
CinemachineShotQualityEvaluator.md,0.00,C:\Users\noahr_b1q7080\My project\Library\PackageCache\com.unity.cinemachine@285f38545487\Documentation~
CinemachineSplineCart.md,0.00,C:\Users\noahr_b1q7080\My project\Library\PackageCache\com.unity.cinemachine@285f38545487\Documentation~
CinemachineSplineDolly.md,0.00,C:\Users\noahr_b1q7080\My project\Library\PackageCache\com.unity.cinemachine@285f38545487\Documentation~
CinemachineSplineDollyLookAtTargets.md,0.00,C:\Users\noahr_b1q7080\My project\Library\PackageCache\com.unity.cinemachine@285f38545487\Documentation~
CinemachineSplineRoll.md,0.00,C:\Users\noahr_b1q7080\My project\Library\PackageCache\com.unity.cinemachine@285f38545487\Documentation~
CinemachineSplineSmoother.md,0.00,C:\Users\noahr_b1q7080\My project\Library\PackageCache\com.unity.cinemachine@285f38545487\Documentation~
CinemachineStateDrivenCamera.md,0.01,C:\Users\noahr_b1q7080\My project\Library\PackageCache\com.unity.cinemachine@285f38545487\Documentation~
CinemachineStoryboard.md,0.00,C:\Users\noahr_b1q7080\My project\Library\PackageCache\com.unity.cinemachine@285f38545487\Documentation~
CinemachineTargetGroup.md,0.00,C:\Users\noahr_b1q7080\My project\Library\PackageCache\com.unity.cinemachine@285f38545487\Documentation~
CinemachineThirdPersonAim.md,0.00,C:\Users\noahr_b1q7080\My project\Library\PackageCache\com.unity.cinemachine@285f38545487\Documentation~
CinemachineThirdPersonFollow.md,0.01,C:\Users\noahr_b1q7080\My project\Library\PackageCache\com.unity.cinemachine@285f38545487\Documentation~
CinemachineTopDown.md,0.00,C:\Users\noahr_b1q7080\My project\Library\PackageCache\com.unity.cinemachine@285f38545487\Documentation~
CinemachineUpgradeFrom2.md,0.01,C:\Users\noahr_b1q7080\My project\Library\PackageCache\com.unity.cinemachine@285f38545487\Documentation~
CinemachineUpgradeFromAssetStore.md,0.00,C:\Users\noahr_b1q7080\My project\Library\PackageCache\com.unity.cinemachine@285f38545487\Documentation~
CinemachineUsingSplinePaths.md,0.00,C:\Users\noahr_b1q7080\My project\Library\PackageCache\com.unity.cinemachine@285f38545487\Documentation~
CinemachineVolumeSettings.md,0.00,C:\Users\noahr_b1q7080\My project\Library\PackageCache\com.unity.cinemachine@285f38545487\Documentation~
concept-camera-control-transitions.md,0.00,C:\Users\noahr_b1q7080\My project\Library\PackageCache\com.unity.cinemachine@285f38545487\Documentation~
concept-essential-elements.md,0.00,C:\Users\noahr_b1q7080\My project\Library\PackageCache\com.unity.cinemachine@285f38545487\Documentation~
concept-procedural-motion.md,0.01,C:\Users\noahr_b1q7080\My project\Library\PackageCache\com.unity.cinemachine@285f38545487\Documentation~
concept-timeline.md,0.00,C:\Users\noahr_b1q7080\My project\Library\PackageCache\com.unity.cinemachine@285f38545487\Documentation~
concept.md,0.00,C:\Users\noahr_b1q7080\My project\Library\PackageCache\com.unity.cinemachine@285f38545487\Documentation~
ControllingAndCustomizingBlends.md,0.01,C:\Users\noahr_b1q7080\My project\Library\PackageCache\com.unity.cinemachine@285f38545487\Documentation~
FreeLookCameras.md,0.00,C:\Users\noahr_b1q7080\My project\Library\PackageCache\com.unity.cinemachine@285f38545487\Documentation~
get-started.md,0.00,C:\Users\noahr_b1q7080\My project\Library\PackageCache\com.unity.cinemachine@285f38545487\Documentation~
GroupingTargets.md,0.00,C:\Users\noahr_b1q7080\My project\Library\PackageCache\com.unity.cinemachine@285f38545487\Documentation~
handles.md,0.00,C:\Users\noahr_b1q7080\My project\Library\PackageCache\com.unity.cinemachine@285f38545487\Documentation~
index.md,0.00,C:\Users\noahr_b1q7080\My project\Library\PackageCache\com.unity.cinemachine@285f38545487\Documentation~
InputSystemComponents.md,0.00,C:\Users\noahr_b1q7080\My project\Library\PackageCache\com.unity.cinemachine@285f38545487\Documentation~
InstallationAndUpgrade.md,0.00,C:\Users\noahr_b1q7080\My project\Library\PackageCache\com.unity.cinemachine@285f38545487\Documentation~
KnownIssues.md,0.00,C:\Users\noahr_b1q7080\My project\Library\PackageCache\com.unity.cinemachine@285f38545487\Documentation~
preview-and-author-in-first-person.md,0.00,C:\Users\noahr_b1q7080\My project\Library\PackageCache\com.unity.cinemachine@285f38545487\Documentation~
Reference.md,0.00,C:\Users\noahr_b1q7080\My project\Library\PackageCache\com.unity.cinemachine@285f38545487\Documentation~
samples-import.md,0.00,C:\Users\noahr_b1q7080\My project\Library\PackageCache\com.unity.cinemachine@285f38545487\Documentation~
samples-tutorials.md,0.01,C:\Users\noahr_b1q7080\My project\Library\PackageCache\com.unity.cinemachine@285f38545487\Documentation~
setup-apply-noise.md,0.00,C:\Users\noahr_b1q7080\My project\Library\PackageCache\com.unity.cinemachine@285f38545487\Documentation~
setup-cinemachine-environment.md,0.00,C:\Users\noahr_b1q7080\My project\Library\PackageCache\com.unity.cinemachine@285f38545487\Documentation~
setup-follow-camera.md,0.00,C:\Users\noahr_b1q7080\My project\Library\PackageCache\com.unity.cinemachine@285f38545487\Documentation~
setup-multiple-cameras.md,0.00,C:\Users\noahr_b1q7080\My project\Library\PackageCache\com.unity.cinemachine@285f38545487\Documentation~
setup-procedural-behavior.md,0.00,C:\Users\noahr_b1q7080\My project\Library\PackageCache\com.unity.cinemachine@285f38545487\Documentation~
setup-timeline.md,0.00,C:\Users\noahr_b1q7080\My project\Library\PackageCache\com.unity.cinemachine@285f38545487\Documentation~
SimplePlayerController.md,0.01,C:\Users\noahr_b1q7080\My project\Library\PackageCache\com.unity.cinemachine@285f38545487\Documentation~
TableOfContents.md,0.01,C:\Users\noahr_b1q7080\My project\Library\PackageCache\com.unity.cinemachine@285f38545487\Documentation~
ThirdPersonCameras.md,0.00,C:\Users\noahr_b1q7080\My project\Library\PackageCache\com.unity.cinemachine@285f38545487\Documentation~
ui-ref-pre-built-cameras.md,0.00,C:\Users\noahr_b1q7080\My project\Library\PackageCache\com.unity.cinemachine@285f38545487\Documentation~
ui-ref.md,0.00,C:\Users\noahr_b1q7080\My project\Library\PackageCache\com.unity.cinemachine@285f38545487\Documentation~
whats-new.md,0.01,C:\Users\noahr_b1q7080\My project\Library\PackageCache\com.unity.cinemachine@285f38545487\Documentation~
binding-modes.md,0.01,C:\Users\noahr_b1q7080\My project\Library\PackageCache\com.unity.cinemachine@285f38545487\Documentation~\includes
shot-composition.md,0.00,C:\Users\noahr_b1q7080\My project\Library\PackageCache\com.unity.cinemachine@285f38545487\Documentation~\includes
CHANGELOG.md,0.05,C:\Users\noahr_b1q7080\My project\Library\PackageCache\com.unity.collections@05d86f76b771
LICENSE.md,0.00,C:\Users\noahr_b1q7080\My project\Library\PackageCache\com.unity.collections@05d86f76b771
README.md,0.01,C:\Users\noahr_b1q7080\My project\Library\PackageCache\com.unity.collections@05d86f76b771
allocation.md,0.00,C:\Users\noahr_b1q7080\My project\Library\PackageCache\com.unity.collections@05d86f76b771\Documentation~
allocator-aliasing.md,0.00,C:\Users\noahr_b1q7080\My project\Library\PackageCache\com.unity.collections@05d86f76b771\Documentation~
allocator-benchmarks.md,0.00,C:\Users\noahr_b1q7080\My project\Library\PackageCache\com.unity.collections@05d86f76b771\Documentation~
allocator-custom-define.md,0.01,C:\Users\noahr_b1q7080\My project\Library\PackageCache\com.unity.collections@05d86f76b771\Documentation~
allocator-custom-use.md,0.00,C:\Users\noahr_b1q7080\My project\Library\PackageCache\com.unity.collections@05d86f76b771\Documentation~
allocator-overview.md,0.00,C:\Users\noahr_b1q7080\My project\Library\PackageCache\com.unity.collections@05d86f76b771\Documentation~
allocator-rewindable.md,0.01,C:\Users\noahr_b1q7080\My project\Library\PackageCache\com.unity.collections@05d86f76b771\Documentation~
collection-types.md,0.01,C:\Users\noahr_b1q7080\My project\Library\PackageCache\com.unity.collections@05d86f76b771\Documentation~
collections-overview.md,0.00,C:\Users\noahr_b1q7080\My project\Library\PackageCache\com.unity.collections@05d86f76b771\Documentation~
index.md,0.00,C:\Users\noahr_b1q7080\My project\Library\PackageCache\com.unity.collections@05d86f76b771\Documentation~
issues.md,0.00,C:\Users\noahr_b1q7080\My project\Library\PackageCache\com.unity.collections@05d86f76b771\Documentation~
parallel-readers.md,0.00,C:\Users\noahr_b1q7080\My project\Library\PackageCache\com.unity.collections@05d86f76b771\Documentation~
performance-comparison-allocators.md,0.01,C:\Users\noahr_b1q7080\My project\Library\PackageCache\com.unity.collections@05d86f76b771\Documentation~
performance-comparison-containers.md,0.14,C:\Users\noahr_b1q7080\My project\Library\PackageCache\com.unity.collections@05d86f76b771\Documentation~
performance-comparisons.md,0.00,C:\Users\noahr_b1q7080\My project\Library\PackageCache\com.unity.collections@05d86f76b771\Documentation~
TableOfContents.md,0.00,C:\Users\noahr_b1q7080\My project\Library\PackageCache\com.unity.collections@05d86f76b771\Documentation~
README.md,0.02,C:\Users\noahr_b1q7080\My project\Library\PackageCache\com.unity.collections@05d86f76b771\Unity.Collections.PerformanceTests
README.md,0.02,C:\Users\noahr_b1q7080\My project\Library\PackageCache\com.unity.collections@05d86f76b771\Unity.Collections.PerformanceTests\Unity.PerformanceTesting.Benchmark
CHANGELOG.md,0.00,C:\Users\noahr_b1q7080\My project\Library\PackageCache\com.unity.editorcoroutines@54394ed3283c
LICENSE.md,0.00,C:\Users\noahr_b1q7080\My project\Library\PackageCache\com.unity.editorcoroutines@54394ed3283c
README.md,0.00,C:\Users\noahr_b1q7080\My project\Library\PackageCache\com.unity.editorcoroutines@54394ed3283c
index.md,0.00,C:\Users\noahr_b1q7080\My project\Library\PackageCache\com.unity.editorcoroutines@54394ed3283c\Documentation~
TableOfContents.md,0.00,C:\Users\noahr_b1q7080\My project\Library\PackageCache\com.unity.editorcoroutines@54394ed3283c\Documentation~
CHANGELOG.md,0.00,C:\Users\noahr_b1q7080\My project\Library\PackageCache\com.unity.ext.nunit@d8c07649098d
LICENSE.md,0.00,C:\Users\noahr_b1q7080\My project\Library\PackageCache\com.unity.ext.nunit@d8c07649098d
README.md,0.00,C:\Users\noahr_b1q7080\My project\Library\PackageCache\com.unity.ext.nunit@d8c07649098d
Third Party Notices.md,0.00,C:\Users\noahr_b1q7080\My project\Library\PackageCache\com.unity.ext.nunit@d8c07649098d
ext.nunit.md,0.00,C:\Users\noahr_b1q7080\My project\Library\PackageCache\com.unity.ext.nunit@d8c07649098d\Documentation~
CHANGELOG.md,0.23,C:\Users\noahr_b1q7080\My project\Library\PackageCache\com.unity.inputsystem@21a28c3a6c83
LICENSE.md,0.00,C:\Users\noahr_b1q7080\My project\Library\PackageCache\com.unity.inputsystem@21a28c3a6c83
README.md,0.00,C:\Users\noahr_b1q7080\My project\Library\PackageCache\com.unity.inputsystem@21a28c3a6c83
ActionAssets.md,0.01,C:\Users\noahr_b1q7080\My project\Library\PackageCache\com.unity.inputsystem@21a28c3a6c83\Documentation~
ActionBindings.md,0.06,C:\Users\noahr_b1q7080\My project\Library\PackageCache\com.unity.inputsystem@21a28c3a6c83\Documentation~
Actions.md,0.01,C:\Users\noahr_b1q7080\My project\Library\PackageCache\com.unity.inputsystem@21a28c3a6c83\Documentation~
ActionsEditor.md,0.01,C:\Users\noahr_b1q7080\My project\Library\PackageCache\com.unity.inputsystem@21a28c3a6c83\Documentation~
Architecture.md,0.00,C:\Users\noahr_b1q7080\My project\Library\PackageCache\com.unity.inputsystem@21a28c3a6c83\Documentation~
Concepts.md,0.00,C:\Users\noahr_b1q7080\My project\Library\PackageCache\com.unity.inputsystem@21a28c3a6c83\Documentation~
Contributing.md,0.00,C:\Users\noahr_b1q7080\My project\Library\PackageCache\com.unity.inputsystem@21a28c3a6c83\Documentation~
Controls.md,0.03,C:\Users\noahr_b1q7080\My project\Library\PackageCache\com.unity.inputsystem@21a28c3a6c83\Documentation~
Debugging.md,0.01,C:\Users\noahr_b1q7080\My project\Library\PackageCache\com.unity.inputsystem@21a28c3a6c83\Documentation~
Devices.md,0.04,C:\Users\noahr_b1q7080\My project\Library\PackageCache\com.unity.inputsystem@21a28c3a6c83\Documentation~
EditorFeatures.md,0.00,C:\Users\noahr_b1q7080\My project\Library\PackageCache\com.unity.inputsystem@21a28c3a6c83\Documentation~
Events.md,0.02,C:\Users\noahr_b1q7080\My project\Library\PackageCache\com.unity.inputsystem@21a28c3a6c83\Documentation~
Gamepad.md,0.02,C:\Users\noahr_b1q7080\My project\Library\PackageCache\com.unity.inputsystem@21a28c3a6c83\Documentation~
HID.md,0.02,C:\Users\noahr_b1q7080\My project\Library\PackageCache\com.unity.inputsystem@21a28c3a6c83\Documentation~
HowDoI.md,0.00,C:\Users\noahr_b1q7080\My project\Library\PackageCache\com.unity.inputsystem@21a28c3a6c83\Documentation~
HowToApplyProcessors.md,0.00,C:\Users\noahr_b1q7080\My project\Library\PackageCache\com.unity.inputsystem@21a28c3a6c83\Documentation~
index.md,0.00,C:\Users\noahr_b1q7080\My project\Library\PackageCache\com.unity.inputsystem@21a28c3a6c83\Documentation~
Installation.md,0.00,C:\Users\noahr_b1q7080\My project\Library\PackageCache\com.unity.inputsystem@21a28c3a6c83\Documentation~
Interactions.md,0.02,C:\Users\noahr_b1q7080\My project\Library\PackageCache\com.unity.inputsystem@21a28c3a6c83\Documentation~
Joystick.md,0.00,C:\Users\noahr_b1q7080\My project\Library\PackageCache\com.unity.inputsystem@21a28c3a6c83\Documentation~
Keyboard.md,0.01,C:\Users\noahr_b1q7080\My project\Library\PackageCache\com.unity.inputsystem@21a28c3a6c83\Documentation~
KnownLimitations.md,0.00,C:\Users\noahr_b1q7080\My project\Library\PackageCache\com.unity.inputsystem@21a28c3a6c83\Documentation~
Layouts.md,0.02,C:\Users\noahr_b1q7080\My project\Library\PackageCache\com.unity.inputsystem@21a28c3a6c83\Documentation~
Migration.md,0.02,C:\Users\noahr_b1q7080\My project\Library\PackageCache\com.unity.inputsystem@21a28c3a6c83\Documentation~
Mouse.md,0.00,C:\Users\noahr_b1q7080\My project\Library\PackageCache\com.unity.inputsystem@21a28c3a6c83\Documentation~
OnScreen.md,0.01,C:\Users\noahr_b1q7080\My project\Library\PackageCache\com.unity.inputsystem@21a28c3a6c83\Documentation~
Pen.md,0.01,C:\Users\noahr_b1q7080\My project\Library\PackageCache\com.unity.inputsystem@21a28c3a6c83\Documentation~
PlayerInput.md,0.02,C:\Users\noahr_b1q7080\My project\Library\PackageCache\com.unity.inputsystem@21a28c3a6c83\Documentation~
PlayerInputManager.md,0.01,C:\Users\noahr_b1q7080\My project\Library\PackageCache\com.unity.inputsystem@21a28c3a6c83\Documentation~
Pointers.md,0.00,C:\Users\noahr_b1q7080\My project\Library\PackageCache\com.unity.inputsystem@21a28c3a6c83\Documentation~
ProcessorTypes.md,0.01,C:\Users\noahr_b1q7080\My project\Library\PackageCache\com.unity.inputsystem@21a28c3a6c83\Documentation~
ProjectWideActions.md,0.01,C:\Users\noahr_b1q7080\My project\Library\PackageCache\com.unity.inputsystem@21a28c3a6c83\Documentation~
QuickStartGuide.md,0.00,C:\Users\noahr_b1q7080\My project\Library\PackageCache\com.unity.inputsystem@21a28c3a6c83\Documentation~
RespondingToActions.md,0.02,C:\Users\noahr_b1q7080\My project\Library\PackageCache\com.unity.inputsystem@21a28c3a6c83\Documentation~
Sensors.md,0.01,C:\Users\noahr_b1q7080\My project\Library\PackageCache\com.unity.inputsystem@21a28c3a6c83\Documentation~
Settings.md,0.02,C:\Users\noahr_b1q7080\My project\Library\PackageCache\com.unity.inputsystem@21a28c3a6c83\Documentation~
SupportedDevices.md,0.01,C:\Users\noahr_b1q7080\My project\Library\PackageCache\com.unity.inputsystem@21a28c3a6c83\Documentation~
TableOfContents.md,0.00,C:\Users\noahr_b1q7080\My project\Library\PackageCache\com.unity.inputsystem@21a28c3a6c83\Documentation~
Testing.md,0.01,C:\Users\noahr_b1q7080\My project\Library\PackageCache\com.unity.inputsystem@21a28c3a6c83\Documentation~
timing-and-latency.md,0.00,C:\Users\noahr_b1q7080\My project\Library\PackageCache\com.unity.inputsystem@21a28c3a6c83\Documentation~
timing-input-events-queue.md,0.00,C:\Users\noahr_b1q7080\My project\Library\PackageCache\com.unity.inputsystem@21a28c3a6c83\Documentation~
timing-missed-duplicate-events.md,0.00,C:\Users\noahr_b1q7080\My project\Library\PackageCache\com.unity.inputsystem@21a28c3a6c83\Documentation~
timing-mixed-scenarios.md,0.00,C:\Users\noahr_b1q7080\My project\Library\PackageCache\com.unity.inputsystem@21a28c3a6c83\Documentation~
timing-optimize-dynamic-update.md,0.00,C:\Users\noahr_b1q7080\My project\Library\PackageCache\com.unity.inputsystem@21a28c3a6c83\Documentation~
timing-optimize-fixed-update.md,0.01,C:\Users\noahr_b1q7080\My project\Library\PackageCache\com.unity.inputsystem@21a28c3a6c83\Documentation~
timing-select-mode.md,0.00,C:\Users\noahr_b1q7080\My project\Library\PackageCache\com.unity.inputsystem@21a28c3a6c83\Documentation~
Touch.md,0.01,C:\Users\noahr_b1q7080\My project\Library\PackageCache\com.unity.inputsystem@21a28c3a6c83\Documentation~
TrackedInputDevices.md,0.00,C:\Users\noahr_b1q7080\My project\Library\PackageCache\com.unity.inputsystem@21a28c3a6c83\Documentation~
UISupport.md,0.03,C:\Users\noahr_b1q7080\My project\Library\PackageCache\com.unity.inputsystem@21a28c3a6c83\Documentation~
UseInEditor.md,0.00,C:\Users\noahr_b1q7080\My project\Library\PackageCache\com.unity.inputsystem@21a28c3a6c83\Documentation~
UserManagement.md,0.00,C:\Users\noahr_b1q7080\My project\Library\PackageCache\com.unity.inputsystem@21a28c3a6c83\Documentation~
UsingProcessors.md,0.01,C:\Users\noahr_b1q7080\My project\Library\PackageCache\com.unity.inputsystem@21a28c3a6c83\Documentation~
Videos.md,0.00,C:\Users\noahr_b1q7080\My project\Library\PackageCache\com.unity.inputsystem@21a28c3a6c83\Documentation~
Workflow-Actions.md,0.01,C:\Users\noahr_b1q7080\My project\Library\PackageCache\com.unity.inputsystem@21a28c3a6c83\Documentation~
Workflow-Direct.md,0.00,C:\Users\noahr_b1q7080\My project\Library\PackageCache\com.unity.inputsystem@21a28c3a6c83\Documentation~
Workflow-PlayerInput.md,0.00,C:\Users\noahr_b1q7080\My project\Library\PackageCache\com.unity.inputsystem@21a28c3a6c83\Documentation~
Workflows.md,0.00,C:\Users\noahr_b1q7080\My project\Library\PackageCache\com.unity.inputsystem@21a28c3a6c83\Documentation~
README.md,0.00,C:\Users\noahr_b1q7080\My project\Library\PackageCache\com.unity.inputsystem@21a28c3a6c83\Samples~\CustomComposite
README.md,0.00,C:\Users\noahr_b1q7080\My project\Library\PackageCache\com.unity.inputsystem@21a28c3a6c83\Samples~\CustomDevice
README.md,0.00,C:\Users\noahr_b1q7080\My project\Library\PackageCache\com.unity.inputsystem@21a28c3a6c83\Samples~\CustomDeviceUsages
README.md,0.00,C:\Users\noahr_b1q7080\My project\Library\PackageCache\com.unity.inputsystem@21a28c3a6c83\Samples~\GamepadMouseCursor
README.md,0.00,C:\Users\noahr_b1q7080\My project\Library\PackageCache\com.unity.inputsystem@21a28c3a6c83\Samples~\InputRecorder
README.md,0.00,C:\Users\noahr_b1q7080\My project\Library\PackageCache\com.unity.inputsystem@21a28c3a6c83\Samples~\RebindingUI
README.md,0.01,C:\Users\noahr_b1q7080\My project\Library\PackageCache\com.unity.inputsystem@21a28c3a6c83\Samples~\SimpleDemo
README.md,0.00,C:\Users\noahr_b1q7080\My project\Library\PackageCache\com.unity.inputsystem@21a28c3a6c83\Samples~\SimpleMultiplayer
README.md,0.00,C:\Users\noahr_b1q7080\My project\Library\PackageCache\com.unity.inputsystem@21a28c3a6c83\Samples~\UIvsGameInput
README.md,0.00,C:\Users\noahr_b1q7080\My project\Library\PackageCache\com.unity.inputsystem@21a28c3a6c83\Samples~\UnityRemote
CHANGELOG.md,0.04,C:\Users\noahr_b1q7080\My project\Library\PackageCache\com.unity.learn.iet-framework@ef99a8956a31
CONTRIBUTIONS.md,0.00,C:\Users\noahr_b1q7080\My project\Library\PackageCache\com.unity.learn.iet-framework@ef99a8956a31
LICENSE.md,0.00,C:\Users\noahr_b1q7080\My project\Library\PackageCache\com.unity.learn.iet-framework@ef99a8956a31
README.md,0.00,C:\Users\noahr_b1q7080\My project\Library\PackageCache\com.unity.learn.iet-framework@ef99a8956a31
Third Party Notices.md,0.00,C:\Users\noahr_b1q7080\My project\Library\PackageCache\com.unity.learn.iet-framework@ef99a8956a31
framework-documentation.md,0.02,C:\Users\noahr_b1q7080\My project\Library\PackageCache\com.unity.learn.iet-framework@ef99a8956a31\Documentation~
highlight-guide.md,0.01,C:\Users\noahr_b1q7080\My project\Library\PackageCache\com.unity.learn.iet-framework@ef99a8956a31\Documentation~
index.md,0.00,C:\Users\noahr_b1q7080\My project\Library\PackageCache\com.unity.learn.iet-framework@ef99a8956a31\Documentation~
TableOfContents.md,0.00,C:\Users\noahr_b1q7080\My project\Library\PackageCache\com.unity.learn.iet-framework@ef99a8956a31\Documentation~
upgrade-guide.md,0.00,C:\Users\noahr_b1q7080\My project\Library\PackageCache\com.unity.learn.iet-framework@ef99a8956a31\Documentation~
whats-new.md,0.00,C:\Users\noahr_b1q7080\My project\Library\PackageCache\com.unity.learn.iet-framework@ef99a8956a31\Documentation~
CHANGELOG.md,0.00,C:\Users\noahr_b1q7080\My project\Library\PackageCache\com.unity.mathematics@19a9377c4ffa
LICENSE.md,0.00,C:\Users\noahr_b1q7080\My project\Library\PackageCache\com.unity.mathematics@19a9377c4ffa
4x4-matrices.md,0.00,C:\Users\noahr_b1q7080\My project\Library\PackageCache\com.unity.mathematics@19a9377c4ffa\Documentation~
compatibility.md,0.00,C:\Users\noahr_b1q7080\My project\Library\PackageCache\com.unity.mathematics@19a9377c4ffa\Documentation~
getting-started.md,0.00,C:\Users\noahr_b1q7080\My project\Library\PackageCache\com.unity.mathematics@19a9377c4ffa\Documentation~
index.md,0.00,C:\Users\noahr_b1q7080\My project\Library\PackageCache\com.unity.mathematics@19a9377c4ffa\Documentation~
quaternion-multiplication.md,0.00,C:\Users\noahr_b1q7080\My project\Library\PackageCache\com.unity.mathematics@19a9377c4ffa\Documentation~
random-numbers.md,0.00,C:\Users\noahr_b1q7080\My project\Library\PackageCache\com.unity.mathematics@19a9377c4ffa\Documentation~
TableOfContents.md,0.00,C:\Users\noahr_b1q7080\My project\Library\PackageCache\com.unity.mathematics@19a9377c4ffa\Documentation~
vector-multiplication.md,0.00,C:\Users\noahr_b1q7080\My project\Library\PackageCache\com.unity.mathematics@19a9377c4ffa\Documentation~
CHANGELOG.md,0.00,C:\Users\noahr_b1q7080\My project\Library\PackageCache\com.unity.multiplayer.center@f01f4ba8d00a
LICENSE.md,0.00,C:\Users\noahr_b1q7080\My project\Library\PackageCache\com.unity.multiplayer.center@f01f4ba8d00a
README.md,0.00,C:\Users\noahr_b1q7080\My project\Library\PackageCache\com.unity.multiplayer.center@f01f4ba8d00a
Third Party Notices.md,0.00,C:\Users\noahr_b1q7080\My project\Library\PackageCache\com.unity.multiplayer.center@f01f4ba8d00a
index.md,0.00,C:\Users\noahr_b1q7080\My project\Library\PackageCache\com.unity.multiplayer.center@f01f4ba8d00a\Documentation~
sys-req.md,0.00,C:\Users\noahr_b1q7080\My project\Library\PackageCache\com.unity.multiplayer.center@f01f4ba8d00a\Documentation~
TableofContents.md,0.00,C:\Users\noahr_b1q7080\My project\Library\PackageCache\com.unity.multiplayer.center@f01f4ba8d00a\Documentation~
use-multiplayer-center.md,0.00,C:\Users\noahr_b1q7080\My project\Library\PackageCache\com.unity.multiplayer.center@f01f4ba8d00a\Documentation~
CHANGELOG.md,0.00,C:\Users\noahr_b1q7080\My project\Library\PackageCache\com.unity.nuget.mono-cecil@ecb9724e46ff
LICENSE.md,0.00,C:\Users\noahr_b1q7080\My project\Library\PackageCache\com.unity.nuget.mono-cecil@ecb9724e46ff
README.md,0.00,C:\Users\noahr_b1q7080\My project\Library\PackageCache\com.unity.nuget.mono-cecil@ecb9724e46ff
Third Party Notices.md,0.00,C:\Users\noahr_b1q7080\My project\Library\PackageCache\com.unity.nuget.mono-cecil@ecb9724e46ff
index.md,0.00,C:\Users\noahr_b1q7080\My project\Library\PackageCache\com.unity.nuget.mono-cecil@ecb9724e46ff\Documentation~
CHANGELOG.md,0.04,C:\Users\noahr_b1q7080\My project\Library\PackageCache\com.unity.render-pipelines.core@9d79d0cd2cf7
LICENSE.md,0.00,C:\Users\noahr_b1q7080\My project\Library\PackageCache\com.unity.render-pipelines.core@9d79d0cd2cf7
THIRD PARTY NOTICES.md,0.00,C:\Users\noahr_b1q7080\My project\Library\PackageCache\com.unity.render-pipelines.core@9d79d0cd2cf7
add-custom-graphics-setting.md,0.00,C:\Users\noahr_b1q7080\My project\Library\PackageCache\com.unity.render-pipelines.core@9d79d0cd2cf7\Documentation~
add-custom-graphics-settings.md,0.00,C:\Users\noahr_b1q7080\My project\Library\PackageCache\com.unity.render-pipelines.core@9d79d0cd2cf7\Documentation~
adding-properties.md,0.00,C:\Users\noahr_b1q7080\My project\Library\PackageCache\com.unity.render-pipelines.core@9d79d0cd2cf7\Documentation~
advanced-properties.md,0.00,C:\Users\noahr_b1q7080\My project\Library\PackageCache\com.unity.render-pipelines.core@9d79d0cd2cf7\Documentation~
api_index.md,0.00,C:\Users\noahr_b1q7080\My project\Library\PackageCache\com.unity.render-pipelines.core@9d79d0cd2cf7\Documentation~
built-in-shader-methods.md,0.01,C:\Users\noahr_b1q7080\My project\Library\PackageCache\com.unity.render-pipelines.core@9d79d0cd2cf7\Documentation~
Camera-Switcher.md,0.00,C:\Users\noahr_b1q7080\My project\Library\PackageCache\com.unity.render-pipelines.core@9d79d0cd2cf7\Documentation~
choose-whether-unity-includes-a-graphics-setting-in-your-build.md,0.00,C:\Users\noahr_b1q7080\My project\Library\PackageCache\com.unity.render-pipelines.core@9d79d0cd2cf7\Documentation~
custom-material-inspector.md,0.00,C:\Users\noahr_b1q7080\My project\Library\PackageCache\com.unity.render-pipelines.core@9d79d0cd2cf7\Documentation~
customize-ui-for-a-setting.md,0.00,C:\Users\noahr_b1q7080\My project\Library\PackageCache\com.unity.render-pipelines.core@9d79d0cd2cf7\Documentation~
Free-Camera.md,0.00,C:\Users\noahr_b1q7080\My project\Library\PackageCache\com.unity.render-pipelines.core@9d79d0cd2cf7\Documentation~
generating-shader-includes.md,0.00,C:\Users\noahr_b1q7080\My project\Library\PackageCache\com.unity.render-pipelines.core@9d79d0cd2cf7\Documentation~
get-custom-graphics-settings.md,0.00,C:\Users\noahr_b1q7080\My project\Library\PackageCache\com.unity.render-pipelines.core@9d79d0cd2cf7\Documentation~
in-loop-render-requests.md,0.01,C:\Users\noahr_b1q7080\My project\Library\PackageCache\com.unity.render-pipelines.core@9d79d0cd2cf7\Documentation~
index.md,0.00,C:\Users\noahr_b1q7080\My project\Library\PackageCache\com.unity.render-pipelines.core@9d79d0cd2cf7\Documentation~
Look-Dev-Environment-Library.md,0.00,C:\Users\noahr_b1q7080\My project\Library\PackageCache\com.unity.render-pipelines.core@9d79d0cd2cf7\Documentation~
Look-Dev.md,0.01,C:\Users\noahr_b1q7080\My project\Library\PackageCache\com.unity.render-pipelines.core@9d79d0cd2cf7\Documentation~
render-graph-blit.md,0.00,C:\Users\noahr_b1q7080\My project\Library\PackageCache\com.unity.render-pipelines.core@9d79d0cd2cf7\Documentation~
render-graph-create-a-texture.md,0.00,C:\Users\noahr_b1q7080\My project\Library\PackageCache\com.unity.render-pipelines.core@9d79d0cd2cf7\Documentation~
render-graph-import-a-texture.md,0.00,C:\Users\noahr_b1q7080\My project\Library\PackageCache\com.unity.render-pipelines.core@9d79d0cd2cf7\Documentation~
render-graph-read-write-texture.md,0.00,C:\Users\noahr_b1q7080\My project\Library\PackageCache\com.unity.render-pipelines.core@9d79d0cd2cf7\Documentation~
render-graph-resources-landing.md,0.00,C:\Users\noahr_b1q7080\My project\Library\PackageCache\com.unity.render-pipelines.core@9d79d0cd2cf7\Documentation~
render-graph-resources.md,0.00,C:\Users\noahr_b1q7080\My project\Library\PackageCache\com.unity.render-pipelines.core@9d79d0cd2cf7\Documentation~
render-graph-system-landing.md,0.00,C:\Users\noahr_b1q7080\My project\Library\PackageCache\com.unity.render-pipelines.core@9d79d0cd2cf7\Documentation~
render-graph-system.md,0.00,C:\Users\noahr_b1q7080\My project\Library\PackageCache\com.unity.render-pipelines.core@9d79d0cd2cf7\Documentation~
render-graph-unsafe-pass.md,0.00,C:\Users\noahr_b1q7080\My project\Library\PackageCache\com.unity.render-pipelines.core@9d79d0cd2cf7\Documentation~
render-graph-write-render-pass.md,0.01,C:\Users\noahr_b1q7080\My project\Library\PackageCache\com.unity.render-pipelines.core@9d79d0cd2cf7\Documentation~
render-graph-writing-a-render-pipeline.md,0.00,C:\Users\noahr_b1q7080\My project\Library\PackageCache\com.unity.render-pipelines.core@9d79d0cd2cf7\Documentation~
Rendering-Debugger.md,0.01,C:\Users\noahr_b1q7080\My project\Library\PackageCache\com.unity.render-pipelines.core@9d79d0cd2cf7\Documentation~
rthandle-system-fundamentals.md,0.00,C:\Users\noahr_b1q7080\My project\Library\PackageCache\com.unity.render-pipelines.core@9d79d0cd2cf7\Documentation~
rthandle-system-using.md,0.01,C:\Users\noahr_b1q7080\My project\Library\PackageCache\com.unity.render-pipelines.core@9d79d0cd2cf7\Documentation~
rthandle-system.md,0.00,C:\Users\noahr_b1q7080\My project\Library\PackageCache\com.unity.render-pipelines.core@9d79d0cd2cf7\Documentation~
settings.md,0.00,C:\Users\noahr_b1q7080\My project\Library\PackageCache\com.unity.render-pipelines.core@9d79d0cd2cf7\Documentation~
shaders.md,0.00,C:\Users\noahr_b1q7080\My project\Library\PackageCache\com.unity.render-pipelines.core@9d79d0cd2cf7\Documentation~
srp-callbacks-reference.md,0.00,C:\Users\noahr_b1q7080\My project\Library\PackageCache\com.unity.render-pipelines.core@9d79d0cd2cf7\Documentation~
srp-creating-render-pipeline-asset-and-render-pipeline-instance.md,0.01,C:\Users\noahr_b1q7080\My project\Library\PackageCache\com.unity.render-pipelines.core@9d79d0cd2cf7\Documentation~
srp-creating-simple-render-loop.md,0.01,C:\Users\noahr_b1q7080\My project\Library\PackageCache\com.unity.render-pipelines.core@9d79d0cd2cf7\Documentation~
srp-custom-getting-started.md,0.00,C:\Users\noahr_b1q7080\My project\Library\PackageCache\com.unity.render-pipelines.core@9d79d0cd2cf7\Documentation~
srp-custom.md,0.00,C:\Users\noahr_b1q7080\My project\Library\PackageCache\com.unity.render-pipelines.core@9d79d0cd2cf7\Documentation~
srp-using-scriptable-render-context.md,0.00,C:\Users\noahr_b1q7080\My project\Library\PackageCache\com.unity.render-pipelines.core@9d79d0cd2cf7\Documentation~
TableOfContents.md,0.00,C:\Users\noahr_b1q7080\My project\Library\PackageCache\com.unity.render-pipelines.core@9d79d0cd2cf7\Documentation~
User-Render-Requests.md,0.00,C:\Users\noahr_b1q7080\My project\Library\PackageCache\com.unity.render-pipelines.core@9d79d0cd2cf7\Documentation~
View-Lighting-Tool.md,0.00,C:\Users\noahr_b1q7080\My project\Library\PackageCache\com.unity.render-pipelines.core@9d79d0cd2cf7\Documentation~
whats-new-12.md,0.00,C:\Users\noahr_b1q7080\My project\Library\PackageCache\com.unity.render-pipelines.core@9d79d0cd2cf7\Documentation~
whats-new-13.md,0.00,C:\Users\noahr_b1q7080\My project\Library\PackageCache\com.unity.render-pipelines.core@9d79d0cd2cf7\Documentation~
whats-new-17.md,0.00,C:\Users\noahr_b1q7080\My project\Library\PackageCache\com.unity.render-pipelines.core@9d79d0cd2cf7\Documentation~
whats-new.md,0.00,C:\Users\noahr_b1q7080\My project\Library\PackageCache\com.unity.render-pipelines.core@9d79d0cd2cf7\Documentation~
lens-flare-data-driven-asset.md,0.01,C:\Users\noahr_b1q7080\My project\Library\PackageCache\com.unity.render-pipelines.core@9d79d0cd2cf7\Documentation~\Common
lens-flare-data-driven-component.md,0.00,C:\Users\noahr_b1q7080\My project\Library\PackageCache\com.unity.render-pipelines.core@9d79d0cd2cf7\Documentation~\Common
light-anchor.md,0.00,C:\Users\noahr_b1q7080\My project\Library\PackageCache\com.unity.render-pipelines.core@9d79d0cd2cf7\Documentation~\Common
create-acceleration-structure.md,0.00,C:\Users\noahr_b1q7080\My project\Library\PackageCache\com.unity.render-pipelines.core@9d79d0cd2cf7\Documentation~\UnifiedRayTracing
create-ray-tracing-context.md,0.00,C:\Users\noahr_b1q7080\My project\Library\PackageCache\com.unity.render-pipelines.core@9d79d0cd2cf7\Documentation~\UnifiedRayTracing
create-shader.md,0.00,C:\Users\noahr_b1q7080\My project\Library\PackageCache\com.unity.render-pipelines.core@9d79d0cd2cf7\Documentation~\UnifiedRayTracing
execute-shader.md,0.00,C:\Users\noahr_b1q7080\My project\Library\PackageCache\com.unity.render-pipelines.core@9d79d0cd2cf7\Documentation~\UnifiedRayTracing
get-started.md,0.00,C:\Users\noahr_b1q7080\My project\Library\PackageCache\com.unity.render-pipelines.core@9d79d0cd2cf7\Documentation~\UnifiedRayTracing
shader-code-reference.md,0.00,C:\Users\noahr_b1q7080\My project\Library\PackageCache\com.unity.render-pipelines.core@9d79d0cd2cf7\Documentation~\UnifiedRayTracing
trace-camera-rays-full-sample.md,0.01,C:\Users\noahr_b1q7080\My project\Library\PackageCache\com.unity.render-pipelines.core@9d79d0cd2cf7\Documentation~\UnifiedRayTracing
unified-ray-tracing-api.md,0.00,C:\Users\noahr_b1q7080\My project\Library\PackageCache\com.unity.render-pipelines.core@9d79d0cd2cf7\Documentation~\UnifiedRayTracing
workflow.md,0.00,C:\Users\noahr_b1q7080\My project\Library\PackageCache\com.unity.render-pipelines.core@9d79d0cd2cf7\Documentation~\UnifiedRayTracing
write-shader.md,0.00,C:\Users\noahr_b1q7080\My project\Library\PackageCache\com.unity.render-pipelines.core@9d79d0cd2cf7\Documentation~\UnifiedRayTracing
CHANGELOG.md,0.00,C:\Users\noahr_b1q7080\My project\Library\PackageCache\com.unity.render-pipelines.universal-config@0db4263b9e6b
LICENSE.md,0.00,C:\Users\noahr_b1q7080\My project\Library\PackageCache\com.unity.render-pipelines.universal-config@0db4263b9e6b
api_index.md,0.00,C:\Users\noahr_b1q7080\My project\Library\PackageCache\com.unity.render-pipelines.universal-config@0db4263b9e6b\Documentation~
index.md,0.00,C:\Users\noahr_b1q7080\My project\Library\PackageCache\com.unity.render-pipelines.universal-config@0db4263b9e6b\Documentation~
CHANGELOG.md,0.18,C:\Users\noahr_b1q7080\My project\Library\PackageCache\com.unity.render-pipelines.universal@1ad96352dab8
LICENSE.md,0.00,C:\Users\noahr_b1q7080\My project\Library\PackageCache\com.unity.render-pipelines.universal@1ad96352dab8
Third Party Notices.md,0.00,C:\Users\noahr_b1q7080\My project\Library\PackageCache\com.unity.render-pipelines.universal@1ad96352dab8
api_index.md,0.00,C:\Users\noahr_b1q7080\My project\Library\PackageCache\com.unity.render-pipelines.universal@1ad96352dab8\Documentation~
index.md,0.00,C:\Users\noahr_b1q7080\My project\Library\PackageCache\com.unity.render-pipelines.universal@1ad96352dab8\Documentation~
TableOfContents.md,0.00,C:\Users\noahr_b1q7080\My project\Library\PackageCache\com.unity.render-pipelines.universal@1ad96352dab8\Documentation~
CHANGELOG.md,0.01,C:\Users\noahr_b1q7080\My project\Library\PackageCache\com.unity.searcher@d45a78918735
LICENSE.md,0.01,C:\Users\noahr_b1q7080\My project\Library\PackageCache\com.unity.searcher@d45a78918735
README.md,0.00,C:\Users\noahr_b1q7080\My project\Library\PackageCache\com.unity.searcher@d45a78918735
index.md,0.00,C:\Users\noahr_b1q7080\My project\Library\PackageCache\com.unity.searcher@d45a78918735\Documentation~
CHANGELOG.md,0.00,C:\Users\noahr_b1q7080\My project\Library\PackageCache\com.unity.settings-manager@0b8638c5ce86
LICENSE.md,0.00,C:\Users\noahr_b1q7080\My project\Library\PackageCache\com.unity.settings-manager@0b8638c5ce86
README.md,0.00,C:\Users\noahr_b1q7080\My project\Library\PackageCache\com.unity.settings-manager@0b8638c5ce86
settings-manager.md,0.01,C:\Users\noahr_b1q7080\My project\Library\PackageCache\com.unity.settings-manager@0b8638c5ce86\Documentation~
CHANGELOG.md,0.09,C:\Users\noahr_b1q7080\My project\Library\PackageCache\com.unity.shadergraph@34406da38d62
LICENSE.md,0.00,C:\Users\noahr_b1q7080\My project\Library\PackageCache\com.unity.shadergraph@34406da38d62
README.md,0.00,C:\Users\noahr_b1q7080\My project\Library\PackageCache\com.unity.shadergraph@34406da38d62
Absolute-Node.md,0.00,C:\Users\noahr_b1q7080\My project\Library\PackageCache\com.unity.shadergraph@34406da38d62\Documentation~
Add-Inputs-Outputs-Sub-Graph.md,0.00,C:\Users\noahr_b1q7080\My project\Library\PackageCache\com.unity.shadergraph@34406da38d62\Documentation~
Add-Node.md,0.00,C:\Users\noahr_b1q7080\My project\Library\PackageCache\com.unity.shadergraph@34406da38d62\Documentation~
Add-Sub-Graph-To-Shader-Graph.md,0.00,C:\Users\noahr_b1q7080\My project\Library\PackageCache\com.unity.shadergraph@34406da38d62\Documentation~
All-Node.md,0.00,C:\Users\noahr_b1q7080\My project\Library\PackageCache\com.unity.shadergraph@34406da38d62\Documentation~
Ambient-Node.md,0.00,C:\Users\noahr_b1q7080\My project\Library\PackageCache\com.unity.shadergraph@34406da38d62\Documentation~
And-Node.md,0.00,C:\Users\noahr_b1q7080\My project\Library\PackageCache\com.unity.shadergraph@34406da38d62\Documentation~
Any-Node.md,0.00,C:\Users\noahr_b1q7080\My project\Library\PackageCache\com.unity.shadergraph@34406da38d62\Documentation~
api_index.md,0.00,C:\Users\noahr_b1q7080\My project\Library\PackageCache\com.unity.shadergraph@34406da38d62\Documentation~
Append-Node.md,0.00,C:\Users\noahr_b1q7080\My project\Library\PackageCache\com.unity.shadergraph@34406da38d62\Documentation~
Arccosine-Node.md,0.00,C:\Users\noahr_b1q7080\My project\Library\PackageCache\com.unity.shadergraph@34406da38d62\Documentation~
Arcsine-Node.md,0.00,C:\Users\noahr_b1q7080\My project\Library\PackageCache\com.unity.shadergraph@34406da38d62\Documentation~
Arctangent-Node.md,0.00,C:\Users\noahr_b1q7080\My project\Library\PackageCache\com.unity.shadergraph@34406da38d62\Documentation~
Arctangent2-Node.md,0.00,C:\Users\noahr_b1q7080\My project\Library\PackageCache\com.unity.shadergraph@34406da38d62\Documentation~
Artistic-Nodes.md,0.00,C:\Users\noahr_b1q7080\My project\Library\PackageCache\com.unity.shadergraph@34406da38d62\Documentation~
Baked-GI-Node.md,0.00,C:\Users\noahr_b1q7080\My project\Library\PackageCache\com.unity.shadergraph@34406da38d62\Documentation~
Bitangent-Vector-Node.md,0.00,C:\Users\noahr_b1q7080\My project\Library\PackageCache\com.unity.shadergraph@34406da38d62\Documentation~
Blackboard.md,0.01,C:\Users\noahr_b1q7080\My project\Library\PackageCache\com.unity.shadergraph@34406da38d62\Documentation~
Blackbody-Node.md,0.00,C:\Users\noahr_b1q7080\My project\Library\PackageCache\com.unity.shadergraph@34406da38d62\Documentation~
Blend-Node.md,0.01,C:\Users\noahr_b1q7080\My project\Library\PackageCache\com.unity.shadergraph@34406da38d62\Documentation~
Block-Node.md,0.00,C:\Users\noahr_b1q7080\My project\Library\PackageCache\com.unity.shadergraph@34406da38d62\Documentation~
Boolean-Node.md,0.00,C:\Users\noahr_b1q7080\My project\Library\PackageCache\com.unity.shadergraph@34406da38d62\Documentation~
Branch-Node.md,0.00,C:\Users\noahr_b1q7080\My project\Library\PackageCache\com.unity.shadergraph@34406da38d62\Documentation~
Branch-On-Input-Connection-Node.md,0.00,C:\Users\noahr_b1q7080\My project\Library\PackageCache\com.unity.shadergraph@34406da38d62\Documentation~
Built-In-Blocks.md,0.01,C:\Users\noahr_b1q7080\My project\Library\PackageCache\com.unity.shadergraph@34406da38d62\Documentation~
Calculate-Level-Of-Detail-Texture-2D-Node.md,0.00,C:\Users\noahr_b1q7080\My project\Library\PackageCache\com.unity.shadergraph@34406da38d62\Documentation~
Camera-Node.md,0.00,C:\Users\noahr_b1q7080\My project\Library\PackageCache\com.unity.shadergraph@34406da38d62\Documentation~
Ceiling-Node.md,0.00,C:\Users\noahr_b1q7080\My project\Library\PackageCache\com.unity.shadergraph@34406da38d62\Documentation~
Change-Behaviour-Sub-Graph-Dropdown.md,0.00,C:\Users\noahr_b1q7080\My project\Library\PackageCache\com.unity.shadergraph@34406da38d62\Documentation~
Channel-Mask-Node.md,0.00,C:\Users\noahr_b1q7080\My project\Library\PackageCache\com.unity.shadergraph@34406da38d62\Documentation~
Channel-Mixer-Node.md,0.00,C:\Users\noahr_b1q7080\My project\Library\PackageCache\com.unity.shadergraph@34406da38d62\Documentation~
Channel-Nodes.md,0.00,C:\Users\noahr_b1q7080\My project\Library\PackageCache\com.unity.shadergraph@34406da38d62\Documentation~
Checkerboard-Node.md,0.00,C:\Users\noahr_b1q7080\My project\Library\PackageCache\com.unity.shadergraph@34406da38d62\Documentation~
Circle-Pupil-Animation-Node.md,0.00,C:\Users\noahr_b1q7080\My project\Library\PackageCache\com.unity.shadergraph@34406da38d62\Documentation~
Clamp-Node.md,0.00,C:\Users\noahr_b1q7080\My project\Library\PackageCache\com.unity.shadergraph@34406da38d62\Documentation~
Color-Mask-Node.md,0.00,C:\Users\noahr_b1q7080\My project\Library\PackageCache\com.unity.shadergraph@34406da38d62\Documentation~
Color-Modes.md,0.01,C:\Users\noahr_b1q7080\My project\Library\PackageCache\com.unity.shadergraph@34406da38d62\Documentation~
Color-Node.md,0.00,C:\Users\noahr_b1q7080\My project\Library\PackageCache\com.unity.shadergraph@34406da38d62\Documentation~
Colorspace-Conversion-Node.md,0.00,C:\Users\noahr_b1q7080\My project\Library\PackageCache\com.unity.shadergraph@34406da38d62\Documentation~
Combine-Node.md,0.00,C:\Users\noahr_b1q7080\My project\Library\PackageCache\com.unity.shadergraph@34406da38d62\Documentation~
Comparison-Node.md,0.00,C:\Users\noahr_b1q7080\My project\Library\PackageCache\com.unity.shadergraph@34406da38d62\Documentation~
Compute-Deformation-Node.md,0.00,C:\Users\noahr_b1q7080\My project\Library\PackageCache\com.unity.shadergraph@34406da38d62\Documentation~
Constant-Node.md,0.00,C:\Users\noahr_b1q7080\My project\Library\PackageCache\com.unity.shadergraph@34406da38d62\Documentation~
Contrast-Node.md,0.00,C:\Users\noahr_b1q7080\My project\Library\PackageCache\com.unity.shadergraph@34406da38d62\Documentation~
Cornea-Refraction-Node.md,0.00,C:\Users\noahr_b1q7080\My project\Library\PackageCache\com.unity.shadergraph@34406da38d62\Documentation~
Cosine-Node.md,0.00,C:\Users\noahr_b1q7080\My project\Library\PackageCache\com.unity.shadergraph@34406da38d62\Documentation~
Create-Node-Menu.md,0.00,C:\Users\noahr_b1q7080\My project\Library\PackageCache\com.unity.shadergraph@34406da38d62\Documentation~
Create-Shader-Graph.md,0.00,C:\Users\noahr_b1q7080\My project\Library\PackageCache\com.unity.shadergraph@34406da38d62\Documentation~
Create-Sub-Graph.md,0.00,C:\Users\noahr_b1q7080\My project\Library\PackageCache\com.unity.shadergraph@34406da38d62\Documentation~
Cross-Product-Node.md,0.00,C:\Users\noahr_b1q7080\My project\Library\PackageCache\com.unity.shadergraph@34406da38d62\Documentation~
Cubemap-Asset-Node.md,0.00,C:\Users\noahr_b1q7080\My project\Library\PackageCache\com.unity.shadergraph@34406da38d62\Documentation~
Custom-Color-Buffer-Node.md,0.00,C:\Users\noahr_b1q7080\My project\Library\PackageCache\com.unity.shadergraph@34406da38d62\Documentation~
Custom-Function-Node.md,0.01,C:\Users\noahr_b1q7080\My project\Library\PackageCache\com.unity.shadergraph@34406da38d62\Documentation~
Custom-Interpolators-landing.md,0.00,C:\Users\noahr_b1q7080\My project\Library\PackageCache\com.unity.shadergraph@34406da38d62\Documentation~
Custom-Interpolators-reference.md,0.00,C:\Users\noahr_b1q7080\My project\Library\PackageCache\com.unity.shadergraph@34406da38d62\Documentation~
Custom-Interpolators.md,0.00,C:\Users\noahr_b1q7080\My project\Library\PackageCache\com.unity.shadergraph@34406da38d62\Documentation~
Custom-Port-Menu.md,0.00,C:\Users\noahr_b1q7080\My project\Library\PackageCache\com.unity.shadergraph@34406da38d62\Documentation~
Custom-Render-Texture-Accessing.md,0.00,C:\Users\noahr_b1q7080\My project\Library\PackageCache\com.unity.shadergraph@34406da38d62\Documentation~
Custom-Render-Texture-Example.md,0.00,C:\Users\noahr_b1q7080\My project\Library\PackageCache\com.unity.shadergraph@34406da38d62\Documentation~
Custom-Render-Texture-Nodes.md,0.00,C:\Users\noahr_b1q7080\My project\Library\PackageCache\com.unity.shadergraph@34406da38d62\Documentation~
Custom-Render-Texture-Self-Node.md,0.00,C:\Users\noahr_b1q7080\My project\Library\PackageCache\com.unity.shadergraph@34406da38d62\Documentation~
Custom-Render-Texture-Size-Node.md,0.00,C:\Users\noahr_b1q7080\My project\Library\PackageCache\com.unity.shadergraph@34406da38d62\Documentation~
Custom-Render-Texture.md,0.00,C:\Users\noahr_b1q7080\My project\Library\PackageCache\com.unity.shadergraph@34406da38d62\Documentation~
Data-Types.md,0.00,C:\Users\noahr_b1q7080\My project\Library\PackageCache\com.unity.shadergraph@34406da38d62\Documentation~
DDX-Node.md,0.00,C:\Users\noahr_b1q7080\My project\Library\PackageCache\com.unity.shadergraph@34406da38d62\Documentation~
DDXY-Node.md,0.00,C:\Users\noahr_b1q7080\My project\Library\PackageCache\com.unity.shadergraph@34406da38d62\Documentation~
DDY-Node.md,0.00,C:\Users\noahr_b1q7080\My project\Library\PackageCache\com.unity.shadergraph@34406da38d62\Documentation~
default-bitmap-text-node.md,0.00,C:\Users\noahr_b1q7080\My project\Library\PackageCache\com.unity.shadergraph@34406da38d62\Documentation~
default-gradient-node.md,0.00,C:\Users\noahr_b1q7080\My project\Library\PackageCache\com.unity.shadergraph@34406da38d62\Documentation~
default-sdf-text-node.md,0.00,C:\Users\noahr_b1q7080\My project\Library\PackageCache\com.unity.shadergraph@34406da38d62\Documentation~
default-solid-node.md,0.00,C:\Users\noahr_b1q7080\My project\Library\PackageCache\com.unity.shadergraph@34406da38d62\Documentation~
default-texture-node.md,0.00,C:\Users\noahr_b1q7080\My project\Library\PackageCache\com.unity.shadergraph@34406da38d62\Documentation~
Degrees-To-Radians-Node.md,0.00,C:\Users\noahr_b1q7080\My project\Library\PackageCache\com.unity.shadergraph@34406da38d62\Documentation~
Dielectric-Specular-Node.md,0.00,C:\Users\noahr_b1q7080\My project\Library\PackageCache\com.unity.shadergraph@34406da38d62\Documentation~
Diffusion-Profile-Node.md,0.00,C:\Users\noahr_b1q7080\My project\Library\PackageCache\com.unity.shadergraph@34406da38d62\Documentation~
Distance-Node.md,0.00,C:\Users\noahr_b1q7080\My project\Library\PackageCache\com.unity.shadergraph@34406da38d62\Documentation~
Dither-Node.md,0.00,C:\Users\noahr_b1q7080\My project\Library\PackageCache\com.unity.shadergraph@34406da38d62\Documentation~
Divide-Node.md,0.00,C:\Users\noahr_b1q7080\My project\Library\PackageCache\com.unity.shadergraph@34406da38d62\Documentation~
Dot-Product-Node.md,0.00,C:\Users\noahr_b1q7080\My project\Library\PackageCache\com.unity.shadergraph@34406da38d62\Documentation~
Dropdown-Node.md,0.00,C:\Users\noahr_b1q7080\My project\Library\PackageCache\com.unity.shadergraph@34406da38d62\Documentation~
Edge.md,0.00,C:\Users\noahr_b1q7080\My project\Library\PackageCache\com.unity.shadergraph@34406da38d62\Documentation~
element-layout-uv-node.md,0.00,C:\Users\noahr_b1q7080\My project\Library\PackageCache\com.unity.shadergraph@34406da38d62\Documentation~
element-texture-size-node.md,0.00,C:\Users\noahr_b1q7080\My project\Library\PackageCache\com.unity.shadergraph@34406da38d62\Documentation~
element-texture-uv-node.md,0.00,C:\Users\noahr_b1q7080\My project\Library\PackageCache\com.unity.shadergraph@34406da38d62\Documentation~
Ellipse-Node.md,0.00,C:\Users\noahr_b1q7080\My project\Library\PackageCache\com.unity.shadergraph@34406da38d62\Documentation~
Emission-Node.md,0.00,C:\Users\noahr_b1q7080\My project\Library\PackageCache\com.unity.shadergraph@34406da38d62\Documentation~
Exponential-Node.md,0.00,C:\Users\noahr_b1q7080\My project\Library\PackageCache\com.unity.shadergraph@34406da38d62\Documentation~
Exposure-Node.md,0.00,C:\Users\noahr_b1q7080\My project\Library\PackageCache\com.unity.shadergraph@34406da38d62\Documentation~
Eye-Index-Node.md,0.00,C:\Users\noahr_b1q7080\My project\Library\PackageCache\com.unity.shadergraph@34406da38d62\Documentation~
Eye-Surface-Type-Debug-Node.md,0.00,C:\Users\noahr_b1q7080\My project\Library\PackageCache\com.unity.shadergraph@34406da38d62\Documentation~
Fade-Transition-Node.md,0.00,C:\Users\noahr_b1q7080\My project\Library\PackageCache\com.unity.shadergraph@34406da38d62\Documentation~
First-Shader-Graph.md,0.01,C:\Users\noahr_b1q7080\My project\Library\PackageCache\com.unity.shadergraph@34406da38d62\Documentation~
Flip-Node.md,0.00,C:\Users\noahr_b1q7080\My project\Library\PackageCache\com.unity.shadergraph@34406da38d62\Documentation~
Flipbook-Node.md,0.00,C:\Users\noahr_b1q7080\My project\Library\PackageCache\com.unity.shadergraph@34406da38d62\Documentation~
Float-Node.md,0.00,C:\Users\noahr_b1q7080\My project\Library\PackageCache\com.unity.shadergraph@34406da38d62\Documentation~
Floor-Node.md,0.00,C:\Users\noahr_b1q7080\My project\Library\PackageCache\com.unity.shadergraph@34406da38d62\Documentation~
Fog-Node.md,0.00,C:\Users\noahr_b1q7080\My project\Library\PackageCache\com.unity.shadergraph@34406da38d62\Documentation~
Fraction-Node.md,0.00,C:\Users\noahr_b1q7080\My project\Library\PackageCache\com.unity.shadergraph@34406da38d62\Documentation~
Fresnel-Effect-Node.md,0.00,C:\Users\noahr_b1q7080\My project\Library\PackageCache\com.unity.shadergraph@34406da38d62\Documentation~
Fresnel-Equation-Node.md,0.00,C:\Users\noahr_b1q7080\My project\Library\PackageCache\com.unity.shadergraph@34406da38d62\Documentation~
Gather-Texture-2D-Node.md,0.00,C:\Users\noahr_b1q7080\My project\Library\PackageCache\com.unity.shadergraph@34406da38d62\Documentation~
Getting-Started.md,0.00,C:\Users\noahr_b1q7080\My project\Library\PackageCache\com.unity.shadergraph@34406da38d62\Documentation~
Gradient-Node.md,0.00,C:\Users\noahr_b1q7080\My project\Library\PackageCache\com.unity.shadergraph@34406da38d62\Documentation~
Gradient-Noise-Node.md,0.00,C:\Users\noahr_b1q7080\My project\Library\PackageCache\com.unity.shadergraph@34406da38d62\Documentation~
Graph-Settings-Tab.md,0.00,C:\Users\noahr_b1q7080\My project\Library\PackageCache\com.unity.shadergraph@34406da38d62\Documentation~
Graph-Target.md,0.00,C:\Users\noahr_b1q7080\My project\Library\PackageCache\com.unity.shadergraph@34406da38d62\Documentation~
HD-Custom-Depth-Node.md,0.00,C:\Users\noahr_b1q7080\My project\Library\PackageCache\com.unity.shadergraph@34406da38d62\Documentation~
HD-Sample-Buffer-Node.md,0.00,C:\Users\noahr_b1q7080\My project\Library\PackageCache\com.unity.shadergraph@34406da38d62\Documentation~
HD-Scene-Color-Node.md,0.00,C:\Users\noahr_b1q7080\My project\Library\PackageCache\com.unity.shadergraph@34406da38d62\Documentation~
HD-Scene-Depth-Node.md,0.00,C:\Users\noahr_b1q7080\My project\Library\PackageCache\com.unity.shadergraph@34406da38d62\Documentation~
Hue-Node.md,0.00,C:\Users\noahr_b1q7080\My project\Library\PackageCache\com.unity.shadergraph@34406da38d62\Documentation~
Hyperbolic-Cosine-Node.md,0.00,C:\Users\noahr_b1q7080\My project\Library\PackageCache\com.unity.shadergraph@34406da38d62\Documentation~
Hyperbolic-Sine-Node.md,0.00,C:\Users\noahr_b1q7080\My project\Library\PackageCache\com.unity.shadergraph@34406da38d62\Documentation~
Hyperbolic-Tangent-Node.md,0.00,C:\Users\noahr_b1q7080\My project\Library\PackageCache\com.unity.shadergraph@34406da38d62\Documentation~
include_note_uitk.md,0.00,C:\Users\noahr_b1q7080\My project\Library\PackageCache\com.unity.shadergraph@34406da38d62\Documentation~
index.md,0.00,C:\Users\noahr_b1q7080\My project\Library\PackageCache\com.unity.shadergraph@34406da38d62\Documentation~
Input-Nodes.md,0.01,C:\Users\noahr_b1q7080\My project\Library\PackageCache\com.unity.shadergraph@34406da38d62\Documentation~
inside-shader-graph.md,0.00,C:\Users\noahr_b1q7080\My project\Library\PackageCache\com.unity.shadergraph@34406da38d62\Documentation~
install-and-upgrade.md,0.00,C:\Users\noahr_b1q7080\My project\Library\PackageCache\com.unity.shadergraph@34406da38d62\Documentation~
install-shader-graph.md,0.00,C:\Users\noahr_b1q7080\My project\Library\PackageCache\com.unity.shadergraph@34406da38d62\Documentation~
Instance-ID-Node.md,0.00,C:\Users\noahr_b1q7080\My project\Library\PackageCache\com.unity.shadergraph@34406da38d62\Documentation~
Integer-Node.md,0.00,C:\Users\noahr_b1q7080\My project\Library\PackageCache\com.unity.shadergraph@34406da38d62\Documentation~
Internal-Inspector.md,0.00,C:\Users\noahr_b1q7080\My project\Library\PackageCache\com.unity.shadergraph@34406da38d62\Documentation~
Inverse-Lerp-Node.md,0.00,C:\Users\noahr_b1q7080\My project\Library\PackageCache\com.unity.shadergraph@34406da38d62\Documentation~
Invert-Colors-Node.md,0.00,C:\Users\noahr_b1q7080\My project\Library\PackageCache\com.unity.shadergraph@34406da38d62\Documentation~
Iris-Limbal-Ring-Node.md,0.00,C:\Users\noahr_b1q7080\My project\Library\PackageCache\com.unity.shadergraph@34406da38d62\Documentation~
Iris-Offset-Node.md,0.00,C:\Users\noahr_b1q7080\My project\Library\PackageCache\com.unity.shadergraph@34406da38d62\Documentation~
Iris-Out-Of-Bound-Color-Clamp-Node.md,0.00,C:\Users\noahr_b1q7080\My project\Library\PackageCache\com.unity.shadergraph@34406da38d62\Documentation~
Iris-UV-Location-Node.md,0.00,C:\Users\noahr_b1q7080\My project\Library\PackageCache\com.unity.shadergraph@34406da38d62\Documentation~
Is-Front-Face-Node.md,0.00,C:\Users\noahr_b1q7080\My project\Library\PackageCache\com.unity.shadergraph@34406da38d62\Documentation~
Is-Infinite-Node.md,0.00,C:\Users\noahr_b1q7080\My project\Library\PackageCache\com.unity.shadergraph@34406da38d62\Documentation~
Is-NaN-Node.md,0.00,C:\Users\noahr_b1q7080\My project\Library\PackageCache\com.unity.shadergraph@34406da38d62\Documentation~
Keyboard-shortcuts.md,0.01,C:\Users\noahr_b1q7080\My project\Library\PackageCache\com.unity.shadergraph@34406da38d62\Documentation~
Keyword-Node.md,0.00,C:\Users\noahr_b1q7080\My project\Library\PackageCache\com.unity.shadergraph@34406da38d62\Documentation~
Keywords-concepts.md,0.00,C:\Users\noahr_b1q7080\My project\Library\PackageCache\com.unity.shadergraph@34406da38d62\Documentation~
Keywords-manage.md,0.00,C:\Users\noahr_b1q7080\My project\Library\PackageCache\com.unity.shadergraph@34406da38d62\Documentation~
Keywords-reference.md,0.01,C:\Users\noahr_b1q7080\My project\Library\PackageCache\com.unity.shadergraph@34406da38d62\Documentation~
Keywords.md,0.00,C:\Users\noahr_b1q7080\My project\Library\PackageCache\com.unity.shadergraph@34406da38d62\Documentation~
Length-Node.md,0.00,C:\Users\noahr_b1q7080\My project\Library\PackageCache\com.unity.shadergraph@34406da38d62\Documentation~
Lerp-Node.md,0.00,C:\Users\noahr_b1q7080\My project\Library\PackageCache\com.unity.shadergraph@34406da38d62\Documentation~
Linear-Blend-Skinning-Node.md,0.00,C:\Users\noahr_b1q7080\My project\Library\PackageCache\com.unity.shadergraph@34406da38d62\Documentation~
Log-Node.md,0.00,C:\Users\noahr_b1q7080\My project\Library\PackageCache\com.unity.shadergraph@34406da38d62\Documentation~
Main-Light-Direction-Node.md,0.00,C:\Users\noahr_b1q7080\My project\Library\PackageCache\com.unity.shadergraph@34406da38d62\Documentation~
Main-Preview.md,0.00,C:\Users\noahr_b1q7080\My project\Library\PackageCache\com.unity.shadergraph@34406da38d62\Documentation~
Master-Stack.md,0.00,C:\Users\noahr_b1q7080\My project\Library\PackageCache\com.unity.shadergraph@34406da38d62\Documentation~
Material-Quality-Keyword-Node.md,0.00,C:\Users\noahr_b1q7080\My project\Library\PackageCache\com.unity.shadergraph@34406da38d62\Documentation~
materialvariant-SG.md,0.00,C:\Users\noahr_b1q7080\My project\Library\PackageCache\com.unity.shadergraph@34406da38d62\Documentation~
Math-Nodes.md,0.01,C:\Users\noahr_b1q7080\My project\Library\PackageCache\com.unity.shadergraph@34406da38d62\Documentation~
Matrix-2x2-Node.md,0.00,C:\Users\noahr_b1q7080\My project\Library\PackageCache\com.unity.shadergraph@34406da38d62\Documentation~
Matrix-3x3-Node.md,0.00,C:\Users\noahr_b1q7080\My project\Library\PackageCache\com.unity.shadergraph@34406da38d62\Documentation~
Matrix-4x4-Node.md,0.00,C:\Users\noahr_b1q7080\My project\Library\PackageCache\com.unity.shadergraph@34406da38d62\Documentation~
Matrix-Construction-Node.md,0.00,C:\Users\noahr_b1q7080\My project\Library\PackageCache\com.unity.shadergraph@34406da38d62\Documentation~
Matrix-Determinant-Node.md,0.00,C:\Users\noahr_b1q7080\My project\Library\PackageCache\com.unity.shadergraph@34406da38d62\Documentation~
Matrix-Split-Node.md,0.00,C:\Users\noahr_b1q7080\My project\Library\PackageCache\com.unity.shadergraph@34406da38d62\Documentation~
Matrix-Transpose-Node.md,0.00,C:\Users\noahr_b1q7080\My project\Library\PackageCache\com.unity.shadergraph@34406da38d62\Documentation~
Maximum-Node.md,0.00,C:\Users\noahr_b1q7080\My project\Library\PackageCache\com.unity.shadergraph@34406da38d62\Documentation~
Metal-Reflectance-Node.md,0.00,C:\Users\noahr_b1q7080\My project\Library\PackageCache\com.unity.shadergraph@34406da38d62\Documentation~
Minimum-Node.md,0.00,C:\Users\noahr_b1q7080\My project\Library\PackageCache\com.unity.shadergraph@34406da38d62\Documentation~
Modulo-Node.md,0.00,C:\Users\noahr_b1q7080\My project\Library\PackageCache\com.unity.shadergraph@34406da38d62\Documentation~
Multiply-Node.md,0.00,C:\Users\noahr_b1q7080\My project\Library\PackageCache\com.unity.shadergraph@34406da38d62\Documentation~
Nand-Node.md,0.00,C:\Users\noahr_b1q7080\My project\Library\PackageCache\com.unity.shadergraph@34406da38d62\Documentation~
Negate-Node.md,0.00,C:\Users\noahr_b1q7080\My project\Library\PackageCache\com.unity.shadergraph@34406da38d62\Documentation~
Node-Library.md,0.00,C:\Users\noahr_b1q7080\My project\Library\PackageCache\com.unity.shadergraph@34406da38d62\Documentation~
Node.md,0.00,C:\Users\noahr_b1q7080\My project\Library\PackageCache\com.unity.shadergraph@34406da38d62\Documentation~
Noise-Sine-Wave-Node.md,0.00,C:\Users\noahr_b1q7080\My project\Library\PackageCache\com.unity.shadergraph@34406da38d62\Documentation~
Normal-Blend-Node.md,0.00,C:\Users\noahr_b1q7080\My project\Library\PackageCache\com.unity.shadergraph@34406da38d62\Documentation~
Normal-From-Height-Node.md,0.00,C:\Users\noahr_b1q7080\My project\Library\PackageCache\com.unity.shadergraph@34406da38d62\Documentation~
Normal-From-Texture-Node.md,0.00,C:\Users\noahr_b1q7080\My project\Library\PackageCache\com.unity.shadergraph@34406da38d62\Documentation~
Normal-Reconstruct-Z-Node.md,0.00,C:\Users\noahr_b1q7080\My project\Library\PackageCache\com.unity.shadergraph@34406da38d62\Documentation~
Normal-Strength-Node.md,0.00,C:\Users\noahr_b1q7080\My project\Library\PackageCache\com.unity.shadergraph@34406da38d62\Documentation~
Normal-Unpack-Node.md,0.00,C:\Users\noahr_b1q7080\My project\Library\PackageCache\com.unity.shadergraph@34406da38d62\Documentation~
Normal-Vector-Node.md,0.00,C:\Users\noahr_b1q7080\My project\Library\PackageCache\com.unity.shadergraph@34406da38d62\Documentation~
Normalize-Node.md,0.00,C:\Users\noahr_b1q7080\My project\Library\PackageCache\com.unity.shadergraph@34406da38d62\Documentation~
Not-Node.md,0.00,C:\Users\noahr_b1q7080\My project\Library\PackageCache\com.unity.shadergraph@34406da38d62\Documentation~
Object-Node.md,0.00,C:\Users\noahr_b1q7080\My project\Library\PackageCache\com.unity.shadergraph@34406da38d62\Documentation~
One-Minus-Node.md,0.00,C:\Users\noahr_b1q7080\My project\Library\PackageCache\com.unity.shadergraph@34406da38d62\Documentation~
Or-Node.md,0.00,C:\Users\noahr_b1q7080\My project\Library\PackageCache\com.unity.shadergraph@34406da38d62\Documentation~
Parallax-Mapping-Node.md,0.00,C:\Users\noahr_b1q7080\My project\Library\PackageCache\com.unity.shadergraph@34406da38d62\Documentation~
Parallax-Occlusion-Mapping-Node.md,0.00,C:\Users\noahr_b1q7080\My project\Library\PackageCache\com.unity.shadergraph@34406da38d62\Documentation~
Polar-Coordinates-Node.md,0.00,C:\Users\noahr_b1q7080\My project\Library\PackageCache\com.unity.shadergraph@34406da38d62\Documentation~
Polygon-Node.md,0.00,C:\Users\noahr_b1q7080\My project\Library\PackageCache\com.unity.shadergraph@34406da38d62\Documentation~
Port-Bindings.md,0.00,C:\Users\noahr_b1q7080\My project\Library\PackageCache\com.unity.shadergraph@34406da38d62\Documentation~
Port.md,0.00,C:\Users\noahr_b1q7080\My project\Library\PackageCache\com.unity.shadergraph@34406da38d62\Documentation~
Position-Node.md,0.00,C:\Users\noahr_b1q7080\My project\Library\PackageCache\com.unity.shadergraph@34406da38d62\Documentation~
Posterize-Node.md,0.00,C:\Users\noahr_b1q7080\My project\Library\PackageCache\com.unity.shadergraph@34406da38d62\Documentation~
Power-Node.md,0.00,C:\Users\noahr_b1q7080\My project\Library\PackageCache\com.unity.shadergraph@34406da38d62\Documentation~
Precision-Modes.md,0.01,C:\Users\noahr_b1q7080\My project\Library\PackageCache\com.unity.shadergraph@34406da38d62\Documentation~
Preview-Mode-Control.md,0.00,C:\Users\noahr_b1q7080\My project\Library\PackageCache\com.unity.shadergraph@34406da38d62\Documentation~
Preview-Node.md,0.00,C:\Users\noahr_b1q7080\My project\Library\PackageCache\com.unity.shadergraph@34406da38d62\Documentation~
Procedural-Nodes.md,0.00,C:\Users\noahr_b1q7080\My project\Library\PackageCache\com.unity.shadergraph@34406da38d62\Documentation~
Projection-Node.md,0.00,C:\Users\noahr_b1q7080\My project\Library\PackageCache\com.unity.shadergraph@34406da38d62\Documentation~
Property-Node.md,0.00,C:\Users\noahr_b1q7080\My project\Library\PackageCache\com.unity.shadergraph@34406da38d62\Documentation~
Property-Types.md,0.02,C:\Users\noahr_b1q7080\My project\Library\PackageCache\com.unity.shadergraph@34406da38d62\Documentation~
Radial-Shear-Node.md,0.00,C:\Users\noahr_b1q7080\My project\Library\PackageCache\com.unity.shadergraph@34406da38d62\Documentation~
Radians-To-Degrees-Node.md,0.00,C:\Users\noahr_b1q7080\My project\Library\PackageCache\com.unity.shadergraph@34406da38d62\Documentation~
Random-Range-Node.md,0.00,C:\Users\noahr_b1q7080\My project\Library\PackageCache\com.unity.shadergraph@34406da38d62\Documentation~
Raytracing-Quality-Keyword-Node.md,0.00,C:\Users\noahr_b1q7080\My project\Library\PackageCache\com.unity.shadergraph@34406da38d62\Documentation~
Reciprocal-Node.md,0.00,C:\Users\noahr_b1q7080\My project\Library\PackageCache\com.unity.shadergraph@34406da38d62\Documentation~
Reciprocal-Square-Root-Node.md,0.00,C:\Users\noahr_b1q7080\My project\Library\PackageCache\com.unity.shadergraph@34406da38d62\Documentation~
Rectangle-Node.md,0.00,C:\Users\noahr_b1q7080\My project\Library\PackageCache\com.unity.shadergraph@34406da38d62\Documentation~
Redirect-Node.md,0.00,C:\Users\noahr_b1q7080\My project\Library\PackageCache\com.unity.shadergraph@34406da38d62\Documentation~
Reflection-Node.md,0.00,C:\Users\noahr_b1q7080\My project\Library\PackageCache\com.unity.shadergraph@34406da38d62\Documentation~
Reflection-Probe-Node.md,0.00,C:\Users\noahr_b1q7080\My project\Library\PackageCache\com.unity.shadergraph@34406da38d62\Documentation~
Refract-Node.md,0.00,C:\Users\noahr_b1q7080\My project\Library\PackageCache\com.unity.shadergraph@34406da38d62\Documentation~
Rejection-Node.md,0.00,C:\Users\noahr_b1q7080\My project\Library\PackageCache\com.unity.shadergraph@34406da38d62\Documentation~
Remap-Node.md,0.00,C:\Users\noahr_b1q7080\My project\Library\PackageCache\com.unity.shadergraph@34406da38d62\Documentation~
render-type-branch-node.md,0.00,C:\Users\noahr_b1q7080\My project\Library\PackageCache\com.unity.shadergraph@34406da38d62\Documentation~
render-type-node.md,0.00,C:\Users\noahr_b1q7080\My project\Library\PackageCache\com.unity.shadergraph@34406da38d62\Documentation~
Replace-Color-Node.md,0.00,C:\Users\noahr_b1q7080\My project\Library\PackageCache\com.unity.shadergraph@34406da38d62\Documentation~
Rotate-About-Axis-Node.md,0.00,C:\Users\noahr_b1q7080\My project\Library\PackageCache\com.unity.shadergraph@34406da38d62\Documentation~
Rotate-Node.md,0.00,C:\Users\noahr_b1q7080\My project\Library\PackageCache\com.unity.shadergraph@34406da38d62\Documentation~
Round-Node.md,0.00,C:\Users\noahr_b1q7080\My project\Library\PackageCache\com.unity.shadergraph@34406da38d62\Documentation~
Rounded-Polygon-Node.md,0.00,C:\Users\noahr_b1q7080\My project\Library\PackageCache\com.unity.shadergraph@34406da38d62\Documentation~
Rounded-Rectangle-Node.md,0.00,C:\Users\noahr_b1q7080\My project\Library\PackageCache\com.unity.shadergraph@34406da38d62\Documentation~
Sample-Cubemap-Node.md,0.00,C:\Users\noahr_b1q7080\My project\Library\PackageCache\com.unity.shadergraph@34406da38d62\Documentation~
sample-element-texture-node.md,0.00,C:\Users\noahr_b1q7080\My project\Library\PackageCache\com.unity.shadergraph@34406da38d62\Documentation~
Sample-Gradient-Node.md,0.00,C:\Users\noahr_b1q7080\My project\Library\PackageCache\com.unity.shadergraph@34406da38d62\Documentation~
Sample-Reflected-Cubemap-Node.md,0.00,C:\Users\noahr_b1q7080\My project\Library\PackageCache\com.unity.shadergraph@34406da38d62\Documentation~
Sample-Texture-2D-Array-Node.md,0.01,C:\Users\noahr_b1q7080\My project\Library\PackageCache\com.unity.shadergraph@34406da38d62\Documentation~
Sample-Texture-2D-LOD-Node.md,0.00,C:\Users\noahr_b1q7080\My project\Library\PackageCache\com.unity.shadergraph@34406da38d62\Documentation~
Sample-Texture-2D-Node.md,0.01,C:\Users\noahr_b1q7080\My project\Library\PackageCache\com.unity.shadergraph@34406da38d62\Documentation~
Sample-Texture-3D-Node.md,0.00,C:\Users\noahr_b1q7080\My project\Library\PackageCache\com.unity.shadergraph@34406da38d62\Documentation~
Sample-Virtual-Texture-Node.md,0.00,C:\Users\noahr_b1q7080\My project\Library\PackageCache\com.unity.shadergraph@34406da38d62\Documentation~
Sampler-State-Node.md,0.00,C:\Users\noahr_b1q7080\My project\Library\PackageCache\com.unity.shadergraph@34406da38d62\Documentation~
Saturate-Node.md,0.00,C:\Users\noahr_b1q7080\My project\Library\PackageCache\com.unity.shadergraph@34406da38d62\Documentation~
Saturation-Node.md,0.00,C:\Users\noahr_b1q7080\My project\Library\PackageCache\com.unity.shadergraph@34406da38d62\Documentation~
Sawtooth-Wave-Node.md,0.00,C:\Users\noahr_b1q7080\My project\Library\PackageCache\com.unity.shadergraph@34406da38d62\Documentation~
Scene-Color-Node.md,0.00,C:\Users\noahr_b1q7080\My project\Library\PackageCache\com.unity.shadergraph@34406da38d62\Documentation~
Scene-Depth-Difference-Node.md,0.00,C:\Users\noahr_b1q7080\My project\Library\PackageCache\com.unity.shadergraph@34406da38d62\Documentation~
Scene-Depth-Node.md,0.00,C:\Users\noahr_b1q7080\My project\Library\PackageCache\com.unity.shadergraph@34406da38d62\Documentation~
Sclera-Iris-Blend-Node.md,0.00,C:\Users\noahr_b1q7080\My project\Library\PackageCache\com.unity.shadergraph@34406da38d62\Documentation~
Sclera-Limbal-Ring-Node.md,0.00,C:\Users\noahr_b1q7080\My project\Library\PackageCache\com.unity.shadergraph@34406da38d62\Documentation~
Sclera-UV-Location-Node.md,0.00,C:\Users\noahr_b1q7080\My project\Library\PackageCache\com.unity.shadergraph@34406da38d62\Documentation~
Screen-Node.md,0.00,C:\Users\noahr_b1q7080\My project\Library\PackageCache\com.unity.shadergraph@34406da38d62\Documentation~
Screen-Position-Node.md,0.00,C:\Users\noahr_b1q7080\My project\Library\PackageCache\com.unity.shadergraph@34406da38d62\Documentation~
Shader-Graph-Asset.md,0.00,C:\Users\noahr_b1q7080\My project\Library\PackageCache\com.unity.shadergraph@34406da38d62\Documentation~
Shader-Graph-Preferences.md,0.01,C:\Users\noahr_b1q7080\My project\Library\PackageCache\com.unity.shadergraph@34406da38d62\Documentation~
Shader-Graph-Project-Settings.md,0.00,C:\Users\noahr_b1q7080\My project\Library\PackageCache\com.unity.shadergraph@34406da38d62\Documentation~
Shader-Graph-Sample-Custom-Lighting-Components.md,0.01,C:\Users\noahr_b1q7080\My project\Library\PackageCache\com.unity.shadergraph@34406da38d62\Documentation~
Shader-Graph-Sample-Custom-Lighting-Get-Started.md,0.00,C:\Users\noahr_b1q7080\My project\Library\PackageCache\com.unity.shadergraph@34406da38d62\Documentation~
Shader-Graph-Sample-Custom-Lighting-Introduction.md,0.00,C:\Users\noahr_b1q7080\My project\Library\PackageCache\com.unity.shadergraph@34406da38d62\Documentation~
Shader-Graph-Sample-Custom-Lighting-Lighting-Models.md,0.00,C:\Users\noahr_b1q7080\My project\Library\PackageCache\com.unity.shadergraph@34406da38d62\Documentation~
Shader-Graph-Sample-Custom-Lighting-Templates.md,0.00,C:\Users\noahr_b1q7080\My project\Library\PackageCache\com.unity.shadergraph@34406da38d62\Documentation~
Shader-Graph-Sample-Custom-Lighting.md,0.00,C:\Users\noahr_b1q7080\My project\Library\PackageCache\com.unity.shadergraph@34406da38d62\Documentation~
Shader-Graph-Sample-Feature-Examples.md,0.04,C:\Users\noahr_b1q7080\My project\Library\PackageCache\com.unity.shadergraph@34406da38d62\Documentation~
Shader-Graph-Sample-Production-Ready-Decal.md,0.00,C:\Users\noahr_b1q7080\My project\Library\PackageCache\com.unity.shadergraph@34406da38d62\Documentation~
Shader-Graph-Sample-Production-Ready-Detail.md,0.03,C:\Users\noahr_b1q7080\My project\Library\PackageCache\com.unity.shadergraph@34406da38d62\Documentation~
Shader-Graph-Sample-Production-Ready-Lit.md,0.00,C:\Users\noahr_b1q7080\My project\Library\PackageCache\com.unity.shadergraph@34406da38d62\Documentation~
Shader-Graph-Sample-Production-Ready-Misc.md,0.00,C:\Users\noahr_b1q7080\My project\Library\PackageCache\com.unity.shadergraph@34406da38d62\Documentation~
Shader-Graph-Sample-Production-Ready-Post.md,0.00,C:\Users\noahr_b1q7080\My project\Library\PackageCache\com.unity.shadergraph@34406da38d62\Documentation~
Shader-Graph-Sample-Production-Ready-Rock.md,0.01,C:\Users\noahr_b1q7080\My project\Library\PackageCache\com.unity.shadergraph@34406da38d62\Documentation~
Shader-Graph-Sample-Production-Ready-Tutorial.md,0.01,C:\Users\noahr_b1q7080\My project\Library\PackageCache\com.unity.shadergraph@34406da38d62\Documentation~
Shader-Graph-Sample-Production-Ready-Water.md,0.00,C:\Users\noahr_b1q7080\My project\Library\PackageCache\com.unity.shadergraph@34406da38d62\Documentation~
Shader-Graph-Sample-Production-Ready-Weather.md,0.00,C:\Users\noahr_b1q7080\My project\Library\PackageCache\com.unity.shadergraph@34406da38d62\Documentation~
Shader-Graph-Sample-Production-Ready.md,0.00,C:\Users\noahr_b1q7080\My project\Library\PackageCache\com.unity.shadergraph@34406da38d62\Documentation~
Shader-Graph-Sample-Terrain-Components.md,0.01,C:\Users\noahr_b1q7080\My project\Library\PackageCache\com.unity.shadergraph@34406da38d62\Documentation~
Shader-Graph-Sample-Terrain-Layers.md,0.01,C:\Users\noahr_b1q7080\My project\Library\PackageCache\com.unity.shadergraph@34406da38d62\Documentation~
Shader-Graph-Sample-Terrain-Packing.md,0.00,C:\Users\noahr_b1q7080\My project\Library\PackageCache\com.unity.shadergraph@34406da38d62\Documentation~
Shader-Graph-Sample-Terrain-Performance.md,0.00,C:\Users\noahr_b1q7080\My project\Library\PackageCache\com.unity.shadergraph@34406da38d62\Documentation~
Shader-Graph-Sample-Terrain-Shaders.md,0.01,C:\Users\noahr_b1q7080\My project\Library\PackageCache\com.unity.shadergraph@34406da38d62\Documentation~
Shader-Graph-Sample-Terrain-Solutions.md,0.01,C:\Users\noahr_b1q7080\My project\Library\PackageCache\com.unity.shadergraph@34406da38d62\Documentation~
Shader-Graph-Sample-Terrain.md,0.00,C:\Users\noahr_b1q7080\My project\Library\PackageCache\com.unity.shadergraph@34406da38d62\Documentation~
Shader-Graph-Sample-UGUI-Shaders-Custom-nodes.md,0.00,C:\Users\noahr_b1q7080\My project\Library\PackageCache\com.unity.shadergraph@34406da38d62\Documentation~
Shader-Graph-Sample-UGUI-Shaders-Custom-UI-components.md,0.00,C:\Users\noahr_b1q7080\My project\Library\PackageCache\com.unity.shadergraph@34406da38d62\Documentation~
Shader-Graph-Sample-UGUI-Shaders-Examples.md,0.01,C:\Users\noahr_b1q7080\My project\Library\PackageCache\com.unity.shadergraph@34406da38d62\Documentation~
Shader-Graph-Sample-UGUI-Shaders-Getting-Started.md,0.00,C:\Users\noahr_b1q7080\My project\Library\PackageCache\com.unity.shadergraph@34406da38d62\Documentation~
Shader-Graph-Sample-UGUI-Shaders-How-tos-aspect-ratio.md,0.00,C:\Users\noahr_b1q7080\My project\Library\PackageCache\com.unity.shadergraph@34406da38d62\Documentation~
Shader-Graph-Sample-UGUI-Shaders-How-tos-Button.md,0.00,C:\Users\noahr_b1q7080\My project\Library\PackageCache\com.unity.shadergraph@34406da38d62\Documentation~
Shader-Graph-Sample-UGUI-Shaders-How-tos-Res-indepenent.md,0.00,C:\Users\noahr_b1q7080\My project\Library\PackageCache\com.unity.shadergraph@34406da38d62\Documentation~
Shader-Graph-Sample-UGUI-Shaders-How-tos.md,0.00,C:\Users\noahr_b1q7080\My project\Library\PackageCache\com.unity.shadergraph@34406da38d62\Documentation~
Shader-Graph-Sample-UGUI-Shaders-Notes-on-performance.md,0.00,C:\Users\noahr_b1q7080\My project\Library\PackageCache\com.unity.shadergraph@34406da38d62\Documentation~
Shader-Graph-Sample-UGUI-Shaders-Subgraph-nodes.md,0.02,C:\Users\noahr_b1q7080\My project\Library\PackageCache\com.unity.shadergraph@34406da38d62\Documentation~
Shader-Graph-Sample-UGUI-Shaders.md,0.00,C:\Users\noahr_b1q7080\My project\Library\PackageCache\com.unity.shadergraph@34406da38d62\Documentation~
Shader-Graph-Window.md,0.01,C:\Users\noahr_b1q7080\My project\Library\PackageCache\com.unity.shadergraph@34406da38d62\Documentation~
Shader-Stage.md,0.00,C:\Users\noahr_b1q7080\My project\Library\PackageCache\com.unity.shadergraph@34406da38d62\Documentation~
ShaderGraph-Samples.md,0.01,C:\Users\noahr_b1q7080\My project\Library\PackageCache\com.unity.shadergraph@34406da38d62\Documentation~
Sign-Node.md,0.00,C:\Users\noahr_b1q7080\My project\Library\PackageCache\com.unity.shadergraph@34406da38d62\Documentation~
Simple-Noise-Node.md,0.00,C:\Users\noahr_b1q7080\My project\Library\PackageCache\com.unity.shadergraph@34406da38d62\Documentation~
Sine-Node.md,0.00,C:\Users\noahr_b1q7080\My project\Library\PackageCache\com.unity.shadergraph@34406da38d62\Documentation~
Slice-Index-Cubemap-Face-Node.md,0.00,C:\Users\noahr_b1q7080\My project\Library\PackageCache\com.unity.shadergraph@34406da38d62\Documentation~
Slider-Node.md,0.00,C:\Users\noahr_b1q7080\My project\Library\PackageCache\com.unity.shadergraph@34406da38d62\Documentation~
Smoothstep-Node.md,0.00,C:\Users\noahr_b1q7080\My project\Library\PackageCache\com.unity.shadergraph@34406da38d62\Documentation~
SpeedTree8-SubGraphAssets.md,0.01,C:\Users\noahr_b1q7080\My project\Library\PackageCache\com.unity.shadergraph@34406da38d62\Documentation~
Sphere-Mask-Node.md,0.00,C:\Users\noahr_b1q7080\My project\Library\PackageCache\com.unity.shadergraph@34406da38d62\Documentation~
Spherize-Node.md,0.00,C:\Users\noahr_b1q7080\My project\Library\PackageCache\com.unity.shadergraph@34406da38d62\Documentation~
Split-Node.md,0.00,C:\Users\noahr_b1q7080\My project\Library\PackageCache\com.unity.shadergraph@34406da38d62\Documentation~
Split-Texture-Transform-Node.md,0.00,C:\Users\noahr_b1q7080\My project\Library\PackageCache\com.unity.shadergraph@34406da38d62\Documentation~
Sprite-Skinning-Node.md,0.00,C:\Users\noahr_b1q7080\My project\Library\PackageCache\com.unity.shadergraph@34406da38d62\Documentation~
Square-Root-Node.md,0.00,C:\Users\noahr_b1q7080\My project\Library\PackageCache\com.unity.shadergraph@34406da38d62\Documentation~
Square-Wave-Node.md,0.00,C:\Users\noahr_b1q7080\My project\Library\PackageCache\com.unity.shadergraph@34406da38d62\Documentation~
Step-Node.md,0.00,C:\Users\noahr_b1q7080\My project\Library\PackageCache\com.unity.shadergraph@34406da38d62\Documentation~
Sticky-Notes.md,0.00,C:\Users\noahr_b1q7080\My project\Library\PackageCache\com.unity.shadergraph@34406da38d62\Documentation~
Sub-graph-Asset.md,0.00,C:\Users\noahr_b1q7080\My project\Library\PackageCache\com.unity.shadergraph@34406da38d62\Documentation~
Sub-Graph-Default-Property-Values.md,0.00,C:\Users\noahr_b1q7080\My project\Library\PackageCache\com.unity.shadergraph@34406da38d62\Documentation~
Sub-graph-Node.md,0.00,C:\Users\noahr_b1q7080\My project\Library\PackageCache\com.unity.shadergraph@34406da38d62\Documentation~
Sub-Graph-Promote-Property.md,0.00,C:\Users\noahr_b1q7080\My project\Library\PackageCache\com.unity.shadergraph@34406da38d62\Documentation~
Sub-graph.md,0.00,C:\Users\noahr_b1q7080\My project\Library\PackageCache\com.unity.shadergraph@34406da38d62\Documentation~
Sub-graphs.md,0.00,C:\Users\noahr_b1q7080\My project\Library\PackageCache\com.unity.shadergraph@34406da38d62\Documentation~
Subtract-Node.md,0.00,C:\Users\noahr_b1q7080\My project\Library\PackageCache\com.unity.shadergraph@34406da38d62\Documentation~
surface-options.md,0.01,C:\Users\noahr_b1q7080\My project\Library\PackageCache\com.unity.shadergraph@34406da38d62\Documentation~
Swizzle-Node.md,0.00,C:\Users\noahr_b1q7080\My project\Library\PackageCache\com.unity.shadergraph@34406da38d62\Documentation~
TableOfContents.md,0.02,C:\Users\noahr_b1q7080\My project\Library\PackageCache\com.unity.shadergraph@34406da38d62\Documentation~
Tangent-Node.md,0.00,C:\Users\noahr_b1q7080\My project\Library\PackageCache\com.unity.shadergraph@34406da38d62\Documentation~
Tangent-Vector-Node.md,0.00,C:\Users\noahr_b1q7080\My project\Library\PackageCache\com.unity.shadergraph@34406da38d62\Documentation~
template-browser.md,0.00,C:\Users\noahr_b1q7080\My project\Library\PackageCache\com.unity.shadergraph@34406da38d62\Documentation~
Terrain-Nodes.md,0.00,C:\Users\noahr_b1q7080\My project\Library\PackageCache\com.unity.shadergraph@34406da38d62\Documentation~
Terrain-Properties-Node.md,0.00,C:\Users\noahr_b1q7080\My project\Library\PackageCache\com.unity.shadergraph@34406da38d62\Documentation~
Terrain-Texture-Node.md,0.00,C:\Users\noahr_b1q7080\My project\Library\PackageCache\com.unity.shadergraph@34406da38d62\Documentation~
Texture-2D-Array-Asset-Node.md,0.00,C:\Users\noahr_b1q7080\My project\Library\PackageCache\com.unity.shadergraph@34406da38d62\Documentation~
Texture-2D-Asset-Node.md,0.00,C:\Users\noahr_b1q7080\My project\Library\PackageCache\com.unity.shadergraph@34406da38d62\Documentation~
Texture-3D-Asset-Node.md,0.00,C:\Users\noahr_b1q7080\My project\Library\PackageCache\com.unity.shadergraph@34406da38d62\Documentation~
Texture-Size-Node.md,0.00,C:\Users\noahr_b1q7080\My project\Library\PackageCache\com.unity.shadergraph@34406da38d62\Documentation~
ThreadMapDetail-Node.md,0.01,C:\Users\noahr_b1q7080\My project\Library\PackageCache\com.unity.shadergraph@34406da38d62\Documentation~
Tiling-And-Offset-Node.md,0.00,C:\Users\noahr_b1q7080\My project\Library\PackageCache\com.unity.shadergraph@34406da38d62\Documentation~
Time-Node.md,0.00,C:\Users\noahr_b1q7080\My project\Library\PackageCache\com.unity.shadergraph@34406da38d62\Documentation~
Transform-Node.md,0.01,C:\Users\noahr_b1q7080\My project\Library\PackageCache\com.unity.shadergraph@34406da38d62\Documentation~
Transformation-Matrix-Node.md,0.00,C:\Users\noahr_b1q7080\My project\Library\PackageCache\com.unity.shadergraph@34406da38d62\Documentation~
Triangle-Wave-Node.md,0.00,C:\Users\noahr_b1q7080\My project\Library\PackageCache\com.unity.shadergraph@34406da38d62\Documentation~
Triplanar-Node.md,0.00,C:\Users\noahr_b1q7080\My project\Library\PackageCache\com.unity.shadergraph@34406da38d62\Documentation~
Truncate-Node.md,0.00,C:\Users\noahr_b1q7080\My project\Library\PackageCache\com.unity.shadergraph@34406da38d62\Documentation~
Twirl-Node.md,0.00,C:\Users\noahr_b1q7080\My project\Library\PackageCache\com.unity.shadergraph@34406da38d62\Documentation~
ui-nodes.md,0.00,C:\Users\noahr_b1q7080\My project\Library\PackageCache\com.unity.shadergraph@34406da38d62\Documentation~
ui-reference.md,0.00,C:\Users\noahr_b1q7080\My project\Library\PackageCache\com.unity.shadergraph@34406da38d62\Documentation~
Upgrade-Guide-10-0-x.md,0.01,C:\Users\noahr_b1q7080\My project\Library\PackageCache\com.unity.shadergraph@34406da38d62\Documentation~
Utility-Nodes.md,0.00,C:\Users\noahr_b1q7080\My project\Library\PackageCache\com.unity.shadergraph@34406da38d62\Documentation~
UV-Node.md,0.00,C:\Users\noahr_b1q7080\My project\Library\PackageCache\com.unity.shadergraph@34406da38d62\Documentation~
UV-Nodes.md,0.00,C:\Users\noahr_b1q7080\My project\Library\PackageCache\com.unity.shadergraph@34406da38d62\Documentation~
UVCombine-Node.md,0.00,C:\Users\noahr_b1q7080\My project\Library\PackageCache\com.unity.shadergraph@34406da38d62\Documentation~
Vector-2-Node.md,0.00,C:\Users\noahr_b1q7080\My project\Library\PackageCache\com.unity.shadergraph@34406da38d62\Documentation~
Vector-3-Node.md,0.00,C:\Users\noahr_b1q7080\My project\Library\PackageCache\com.unity.shadergraph@34406da38d62\Documentation~
Vector-4-Node.md,0.00,C:\Users\noahr_b1q7080\My project\Library\PackageCache\com.unity.shadergraph@34406da38d62\Documentation~
Vertex-Color-Node.md,0.00,C:\Users\noahr_b1q7080\My project\Library\PackageCache\com.unity.shadergraph@34406da38d62\Documentation~
Vertex-ID-Node.md,0.00,C:\Users\noahr_b1q7080\My project\Library\PackageCache\com.unity.shadergraph@34406da38d62\Documentation~
View-Direction-Node.md,0.00,C:\Users\noahr_b1q7080\My project\Library\PackageCache\com.unity.shadergraph@34406da38d62\Documentation~
View-Vector-Node.md,0.00,C:\Users\noahr_b1q7080\My project\Library\PackageCache\com.unity.shadergraph@34406da38d62\Documentation~
Voronoi-Node.md,0.00,C:\Users\noahr_b1q7080\My project\Library\PackageCache\com.unity.shadergraph@34406da38d62\Documentation~
whats-new.md,0.00,C:\Users\noahr_b1q7080\My project\Library\PackageCache\com.unity.shadergraph@34406da38d62\Documentation~
White-Balance-Node.md,0.00,C:\Users\noahr_b1q7080\My project\Library\PackageCache\com.unity.shadergraph@34406da38d62\Documentation~
hdrp-latest-link.md,0.00,C:\Users\noahr_b1q7080\My project\Library\PackageCache\com.unity.shadergraph@34406da38d62\Documentation~\snippets
nodes-additional-settings.md,0.00,C:\Users\noahr_b1q7080\My project\Library\PackageCache\com.unity.shadergraph@34406da38d62\Documentation~\snippets
nodes-all-contexts.md,0.00,C:\Users\noahr_b1q7080\My project\Library\PackageCache\com.unity.shadergraph@34406da38d62\Documentation~\snippets
nodes-compatibility-all.md,0.00,C:\Users\noahr_b1q7080\My project\Library\PackageCache\com.unity.shadergraph@34406da38d62\Documentation~\snippets
nodes-compatibility-hdrp.md,0.00,C:\Users\noahr_b1q7080\My project\Library\PackageCache\com.unity.shadergraph@34406da38d62\Documentation~\snippets
nodes-controls.md,0.00,C:\Users\noahr_b1q7080\My project\Library\PackageCache\com.unity.shadergraph@34406da38d62\Documentation~\snippets
nodes-fragment-only.md,0.00,C:\Users\noahr_b1q7080\My project\Library\PackageCache\com.unity.shadergraph@34406da38d62\Documentation~\snippets
nodes-generated-code.md,0.00,C:\Users\noahr_b1q7080\My project\Library\PackageCache\com.unity.shadergraph@34406da38d62\Documentation~\snippets
nodes-inputs.md,0.00,C:\Users\noahr_b1q7080\My project\Library\PackageCache\com.unity.shadergraph@34406da38d62\Documentation~\snippets
nodes-outputs.md,0.00,C:\Users\noahr_b1q7080\My project\Library\PackageCache\com.unity.shadergraph@34406da38d62\Documentation~\snippets
nodes-related.md,0.00,C:\Users\noahr_b1q7080\My project\Library\PackageCache\com.unity.shadergraph@34406da38d62\Documentation~\snippets
nodes-single-control.md,0.00,C:\Users\noahr_b1q7080\My project\Library\PackageCache\com.unity.shadergraph@34406da38d62\Documentation~\snippets
nodes-single-input.md,0.00,C:\Users\noahr_b1q7080\My project\Library\PackageCache\com.unity.shadergraph@34406da38d62\Documentation~\snippets
nodes-single-output.md,0.00,C:\Users\noahr_b1q7080\My project\Library\PackageCache\com.unity.shadergraph@34406da38d62\Documentation~\snippets
nodes-subgraph-node.md,0.00,C:\Users\noahr_b1q7080\My project\Library\PackageCache\com.unity.shadergraph@34406da38d62\Documentation~\snippets
sg-node-fragment-only.md,0.00,C:\Users\noahr_b1q7080\My project\Library\PackageCache\com.unity.shadergraph@34406da38d62\Documentation~\snippets
nodes-sample-errors.md,0.00,C:\Users\noahr_b1q7080\My project\Library\PackageCache\com.unity.shadergraph@34406da38d62\Documentation~\snippets\sample-nodes
nodes-sample-fragment-lod.md,0.00,C:\Users\noahr_b1q7080\My project\Library\PackageCache\com.unity.shadergraph@34406da38d62\Documentation~\snippets\sample-nodes
nodes-sample-mip-bias-sample-mode-table.md,0.01,C:\Users\noahr_b1q7080\My project\Library\PackageCache\com.unity.shadergraph@34406da38d62\Documentation~\snippets\sample-nodes
nodes-sample-mip-mode-table.md,0.00,C:\Users\noahr_b1q7080\My project\Library\PackageCache\com.unity.shadergraph@34406da38d62\Documentation~\snippets\sample-nodes
nodes-sample-rgba-output-table.md,0.00,C:\Users\noahr_b1q7080\My project\Library\PackageCache\com.unity.shadergraph@34406da38d62\Documentation~\snippets\sample-nodes
CHANGELOG.md,0.03,C:\Users\noahr_b1q7080\My project\Library\PackageCache\com.unity.splines@9b00833aca09
LICENSE.md,0.00,C:\Users\noahr_b1q7080\My project\Library\PackageCache\com.unity.splines@9b00833aca09
animate-alignment.md,0.00,C:\Users\noahr_b1q7080\My project\Library\PackageCache\com.unity.splines@9b00833aca09\Documentation~
animate-component.md,0.00,C:\Users\noahr_b1q7080\My project\Library\PackageCache\com.unity.splines@9b00833aca09\Documentation~
animate-movement.md,0.00,C:\Users\noahr_b1q7080\My project\Library\PackageCache\com.unity.splines@9b00833aca09\Documentation~
animate-spline.md,0.00,C:\Users\noahr_b1q7080\My project\Library\PackageCache\com.unity.splines@9b00833aca09\Documentation~
animate.md,0.00,C:\Users\noahr_b1q7080\My project\Library\PackageCache\com.unity.splines@9b00833aca09\Documentation~
api_index.md,0.00,C:\Users\noahr_b1q7080\My project\Library\PackageCache\com.unity.splines@9b00833aca09\Documentation~
create-a-spline.md,0.00,C:\Users\noahr_b1q7080\My project\Library\PackageCache\com.unity.splines@9b00833aca09\Documentation~
element-inspector.md,0.00,C:\Users\noahr_b1q7080\My project\Library\PackageCache\com.unity.splines@9b00833aca09\Documentation~
extrude-component.md,0.00,C:\Users\noahr_b1q7080\My project\Library\PackageCache\com.unity.splines@9b00833aca09\Documentation~
extrude-mesh.md,0.00,C:\Users\noahr_b1q7080\My project\Library\PackageCache\com.unity.splines@9b00833aca09\Documentation~
extrude-runtime.md,0.00,C:\Users\noahr_b1q7080\My project\Library\PackageCache\com.unity.splines@9b00833aca09\Documentation~
extrude.md,0.00,C:\Users\noahr_b1q7080\My project\Library\PackageCache\com.unity.splines@9b00833aca09\Documentation~
index.md,0.00,C:\Users\noahr_b1q7080\My project\Library\PackageCache\com.unity.splines@9b00833aca09\Documentation~
instantiate-component.md,0.00,C:\Users\noahr_b1q7080\My project\Library\PackageCache\com.unity.splines@9b00833aca09\Documentation~
join-knots.md,0.00,C:\Users\noahr_b1q7080\My project\Library\PackageCache\com.unity.splines@9b00833aca09\Documentation~
knots.md,0.00,C:\Users\noahr_b1q7080\My project\Library\PackageCache\com.unity.splines@9b00833aca09\Documentation~
link-unlink-knots.md,0.00,C:\Users\noahr_b1q7080\My project\Library\PackageCache\com.unity.splines@9b00833aca09\Documentation~
manipulate-splines.md,0.00,C:\Users\noahr_b1q7080\My project\Library\PackageCache\com.unity.splines@9b00833aca09\Documentation~
reverse-spline-flow.md,0.00,C:\Users\noahr_b1q7080\My project\Library\PackageCache\com.unity.splines@9b00833aca09\Documentation~
select-default-tangent.md,0.00,C:\Users\noahr_b1q7080\My project\Library\PackageCache\com.unity.splines@9b00833aca09\Documentation~
select-tangent-mode.md,0.00,C:\Users\noahr_b1q7080\My project\Library\PackageCache\com.unity.splines@9b00833aca09\Documentation~
spline-component.md,0.00,C:\Users\noahr_b1q7080\My project\Library\PackageCache\com.unity.splines@9b00833aca09\Documentation~
split-knots.md,0.00,C:\Users\noahr_b1q7080\My project\Library\PackageCache\com.unity.splines@9b00833aca09\Documentation~
TableOfContents.md,0.00,C:\Users\noahr_b1q7080\My project\Library\PackageCache\com.unity.splines@9b00833aca09\Documentation~
tangent-modes.md,0.00,C:\Users\noahr_b1q7080\My project\Library\PackageCache\com.unity.splines@9b00833aca09\Documentation~
tangents.md,0.00,C:\Users\noahr_b1q7080\My project\Library\PackageCache\com.unity.splines@9b00833aca09\Documentation~
upgrade-guide.md,0.00,C:\Users\noahr_b1q7080\My project\Library\PackageCache\com.unity.splines@9b00833aca09\Documentation~
whats-new.md,0.00,C:\Users\noahr_b1q7080\My project\Library\PackageCache\com.unity.splines@9b00833aca09\Documentation~
select-spline.md,0.00,C:\Users\noahr_b1q7080\My project\Library\PackageCache\com.unity.splines@9b00833aca09\Documentation~\snippets
set-spline-context.md,0.00,C:\Users\noahr_b1q7080\My project\Library\PackageCache\com.unity.splines@9b00833aca09\Documentation~\snippets
README.md,0.00,C:\Users\noahr_b1q7080\My project\Library\PackageCache\com.unity.splines@9b00833aca09\Samples~\SplineExamples
README.md,0.00,C:\Users\noahr_b1q7080\My project\Library\PackageCache\com.unity.splines@9b00833aca09\Samples~\SplineExamples\Scenes\Animate Component
README.md,0.00,C:\Users\noahr_b1q7080\My project\Library\PackageCache\com.unity.splines@9b00833aca09\Samples~\SplineExamples\Scenes\Extrude Spline and Nearest Point
README.md,0.00,C:\Users\noahr_b1q7080\My project\Library\PackageCache\com.unity.splines@9b00833aca09\Samples~\SplineExamples\Scenes\GPU Evaluation
README.md,0.00,C:\Users\noahr_b1q7080\My project\Library\PackageCache\com.unity.splines@9b00833aca09\Samples~\SplineExamples\Scenes\Instantiate Component
README.md,0.00,C:\Users\noahr_b1q7080\My project\Library\PackageCache\com.unity.splines@9b00833aca09\Samples~\SplineExamples\Scenes\Path Fitting
README.md,0.00,C:\Users\noahr_b1q7080\My project\Library\PackageCache\com.unity.splines@9b00833aca09\Samples~\SplineExamples\Scenes\SplineData and Generation
README.md,0.00,C:\Users\noahr_b1q7080\My project\Library\PackageCache\com.unity.splines@9b00833aca09\Samples~\SplineExamples\Scenes\SplinePath
CHANGELOG.md,0.01,C:\Users\noahr_b1q7080\My project\Library\PackageCache\com.unity.test-framework.performance@aa81a99c4a75
LICENSE.md,0.00,C:\Users\noahr_b1q7080\My project\Library\PackageCache\com.unity.test-framework.performance@aa81a99c4a75
Third Party Notices.md,0.00,C:\Users\noahr_b1q7080\My project\Library\PackageCache\com.unity.test-framework.performance@aa81a99c4a75
classes.md,0.00,C:\Users\noahr_b1q7080\My project\Library\PackageCache\com.unity.test-framework.performance@aa81a99c4a75\Documentation~
cmd-line-args.md,0.00,C:\Users\noahr_b1q7080\My project\Library\PackageCache\com.unity.test-framework.performance@aa81a99c4a75\Documentation~
index.md,0.01,C:\Users\noahr_b1q7080\My project\Library\PackageCache\com.unity.test-framework.performance@aa81a99c4a75\Documentation~
measure-custom.md,0.00,C:\Users\noahr_b1q7080\My project\Library\PackageCache\com.unity.test-framework.performance@aa81a99c4a75\Documentation~
measure-frames.md,0.00,C:\Users\noahr_b1q7080\My project\Library\PackageCache\com.unity.test-framework.performance@aa81a99c4a75\Documentation~
measure-method.md,0.00,C:\Users\noahr_b1q7080\My project\Library\PackageCache\com.unity.test-framework.performance@aa81a99c4a75\Documentation~
measure-profile-markers.md,0.00,C:\Users\noahr_b1q7080\My project\Library\PackageCache\com.unity.test-framework.performance@aa81a99c4a75\Documentation~
measure-scope.md,0.00,C:\Users\noahr_b1q7080\My project\Library\PackageCache\com.unity.test-framework.performance@aa81a99c4a75\Documentation~
TableOfContents.md,0.00,C:\Users\noahr_b1q7080\My project\Library\PackageCache\com.unity.test-framework.performance@aa81a99c4a75\Documentation~
taking-measurements.md,0.00,C:\Users\noahr_b1q7080\My project\Library\PackageCache\com.unity.test-framework.performance@aa81a99c4a75\Documentation~
test-attributes.md,0.00,C:\Users\noahr_b1q7080\My project\Library\PackageCache\com.unity.test-framework.performance@aa81a99c4a75\Documentation~
viewing-results.md,0.00,C:\Users\noahr_b1q7080\My project\Library\PackageCache\com.unity.test-framework.performance@aa81a99c4a75\Documentation~
writing-tests.md,0.01,C:\Users\noahr_b1q7080\My project\Library\PackageCache\com.unity.test-framework.performance@aa81a99c4a75\Documentation~
CHANGELOG.md,0.03,C:\Users\noahr_b1q7080\My project\Library\PackageCache\com.unity.test-framework@76560ee600cb
LICENSE.md,0.00,C:\Users\noahr_b1q7080\My project\Library\PackageCache\com.unity.test-framework@76560ee600cb
index.md,0.00,C:\Users\noahr_b1q7080\My project\Library\PackageCache\com.unity.test-framework@76560ee600cb\Documentation~
TableOfContents.md,0.00,C:\Users\noahr_b1q7080\My project\Library\PackageCache\com.unity.test-framework@76560ee600cb\Documentation~
CHANGELOG.md,0.00,C:\Users\noahr_b1q7080\My project\Library\PackageCache\com.unity.ugui@d8a2716f3013
LICENSE.md,0.00,C:\Users\noahr_b1q7080\My project\Library\PackageCache\com.unity.ugui@d8a2716f3013
README.md,0.00,C:\Users\noahr_b1q7080\My project\Library\PackageCache\com.unity.ugui@d8a2716f3013
api_index.md,0.00,C:\Users\noahr_b1q7080\My project\Library\PackageCache\com.unity.ugui@d8a2716f3013\Documentation~
class-Canvas.md,0.00,C:\Users\noahr_b1q7080\My project\Library\PackageCache\com.unity.ugui@d8a2716f3013\Documentation~
class-CanvasGroup.md,0.00,C:\Users\noahr_b1q7080\My project\Library\PackageCache\com.unity.ugui@d8a2716f3013\Documentation~
class-CanvasRenderer.md,0.00,C:\Users\noahr_b1q7080\My project\Library\PackageCache\com.unity.ugui@d8a2716f3013\Documentation~
class-RectTransform.md,0.00,C:\Users\noahr_b1q7080\My project\Library\PackageCache\com.unity.ugui@d8a2716f3013\Documentation~
comp-CanvasComponents.md,0.00,C:\Users\noahr_b1q7080\My project\Library\PackageCache\com.unity.ugui@d8a2716f3013\Documentation~
comp-UIAutoLayout.md,0.00,C:\Users\noahr_b1q7080\My project\Library\PackageCache\com.unity.ugui@d8a2716f3013\Documentation~
comp-UIEffects.md,0.00,C:\Users\noahr_b1q7080\My project\Library\PackageCache\com.unity.ugui@d8a2716f3013\Documentation~
comp-UIInteraction.md,0.00,C:\Users\noahr_b1q7080\My project\Library\PackageCache\com.unity.ugui@d8a2716f3013\Documentation~
comp-UIVisual.md,0.00,C:\Users\noahr_b1q7080\My project\Library\PackageCache\com.unity.ugui@d8a2716f3013\Documentation~
EventSystem.md,0.00,C:\Users\noahr_b1q7080\My project\Library\PackageCache\com.unity.ugui@d8a2716f3013\Documentation~
EventSystemReference.md,0.00,C:\Users\noahr_b1q7080\My project\Library\PackageCache\com.unity.ugui@d8a2716f3013\Documentation~
HOWTO-ShaderGraph.md,0.01,C:\Users\noahr_b1q7080\My project\Library\PackageCache\com.unity.ugui@d8a2716f3013\Documentation~
HOWTO-UICreateFromScripting.md,0.00,C:\Users\noahr_b1q7080\My project\Library\PackageCache\com.unity.ugui@d8a2716f3013\Documentation~
HOWTO-UIFitContentSize.md,0.01,C:\Users\noahr_b1q7080\My project\Library\PackageCache\com.unity.ugui@d8a2716f3013\Documentation~
HOWTO-UIMultiResolution.md,0.01,C:\Users\noahr_b1q7080\My project\Library\PackageCache\com.unity.ugui@d8a2716f3013\Documentation~
HOWTO-UIScreenTransition.md,0.01,C:\Users\noahr_b1q7080\My project\Library\PackageCache\com.unity.ugui@d8a2716f3013\Documentation~
HOWTO-UIWorldSpace.md,0.00,C:\Users\noahr_b1q7080\My project\Library\PackageCache\com.unity.ugui@d8a2716f3013\Documentation~
index.md,0.00,C:\Users\noahr_b1q7080\My project\Library\PackageCache\com.unity.ugui@d8a2716f3013\Documentation~
InputModules.md,0.00,C:\Users\noahr_b1q7080\My project\Library\PackageCache\com.unity.ugui@d8a2716f3013\Documentation~
MessagingSystem.md,0.00,C:\Users\noahr_b1q7080\My project\Library\PackageCache\com.unity.ugui@d8a2716f3013\Documentation~
ProfilerUI.md,0.00,C:\Users\noahr_b1q7080\My project\Library\PackageCache\com.unity.ugui@d8a2716f3013\Documentation~
Raycasters.md,0.00,C:\Users\noahr_b1q7080\My project\Library\PackageCache\com.unity.ugui@d8a2716f3013\Documentation~
script-AspectRatioFitter.md,0.00,C:\Users\noahr_b1q7080\My project\Library\PackageCache\com.unity.ugui@d8a2716f3013\Documentation~
script-Button.md,0.00,C:\Users\noahr_b1q7080\My project\Library\PackageCache\com.unity.ugui@d8a2716f3013\Documentation~
script-CanvasScaler.md,0.01,C:\Users\noahr_b1q7080\My project\Library\PackageCache\com.unity.ugui@d8a2716f3013\Documentation~
script-ContentSizeFitter.md,0.00,C:\Users\noahr_b1q7080\My project\Library\PackageCache\com.unity.ugui@d8a2716f3013\Documentation~
script-Dropdown.md,0.01,C:\Users\noahr_b1q7080\My project\Library\PackageCache\com.unity.ugui@d8a2716f3013\Documentation~
script-EventSystem.md,0.00,C:\Users\noahr_b1q7080\My project\Library\PackageCache\com.unity.ugui@d8a2716f3013\Documentation~
script-EventTrigger.md,0.00,C:\Users\noahr_b1q7080\My project\Library\PackageCache\com.unity.ugui@d8a2716f3013\Documentation~
script-GraphicRaycaster.md,0.00,C:\Users\noahr_b1q7080\My project\Library\PackageCache\com.unity.ugui@d8a2716f3013\Documentation~
script-GridLayoutGroup.md,0.00,C:\Users\noahr_b1q7080\My project\Library\PackageCache\com.unity.ugui@d8a2716f3013\Documentation~
script-HorizontalLayoutGroup.md,0.00,C:\Users\noahr_b1q7080\My project\Library\PackageCache\com.unity.ugui@d8a2716f3013\Documentation~
script-Image.md,0.00,C:\Users\noahr_b1q7080\My project\Library\PackageCache\com.unity.ugui@d8a2716f3013\Documentation~
script-InputField.md,0.01,C:\Users\noahr_b1q7080\My project\Library\PackageCache\com.unity.ugui@d8a2716f3013\Documentation~
script-LayoutElement.md,0.00,C:\Users\noahr_b1q7080\My project\Library\PackageCache\com.unity.ugui@d8a2716f3013\Documentation~
script-Mask.md,0.00,C:\Users\noahr_b1q7080\My project\Library\PackageCache\com.unity.ugui@d8a2716f3013\Documentation~
script-Outline.md,0.00,C:\Users\noahr_b1q7080\My project\Library\PackageCache\com.unity.ugui@d8a2716f3013\Documentation~
script-PanelEventHandler.md,0.00,C:\Users\noahr_b1q7080\My project\Library\PackageCache\com.unity.ugui@d8a2716f3013\Documentation~
script-PanelRaycaster.md,0.00,C:\Users\noahr_b1q7080\My project\Library\PackageCache\com.unity.ugui@d8a2716f3013\Documentation~
script-Physics2DRaycaster.md,0.00,C:\Users\noahr_b1q7080\My project\Library\PackageCache\com.unity.ugui@d8a2716f3013\Documentation~
script-PhysicsRaycaster.md,0.00,C:\Users\noahr_b1q7080\My project\Library\PackageCache\com.unity.ugui@d8a2716f3013\Documentation~
script-PositionAsUV1.md,0.00,C:\Users\noahr_b1q7080\My project\Library\PackageCache\com.unity.ugui@d8a2716f3013\Documentation~
script-RawImage.md,0.00,C:\Users\noahr_b1q7080\My project\Library\PackageCache\com.unity.ugui@d8a2716f3013\Documentation~
script-RectMask2D.md,0.00,C:\Users\noahr_b1q7080\My project\Library\PackageCache\com.unity.ugui@d8a2716f3013\Documentation~
script-Scrollbar.md,0.00,C:\Users\noahr_b1q7080\My project\Library\PackageCache\com.unity.ugui@d8a2716f3013\Documentation~
script-ScrollRect.md,0.01,C:\Users\noahr_b1q7080\My project\Library\PackageCache\com.unity.ugui@d8a2716f3013\Documentation~
script-Selectable.md,0.00,C:\Users\noahr_b1q7080\My project\Library\PackageCache\com.unity.ugui@d8a2716f3013\Documentation~
script-SelectableNavigation.md,0.00,C:\Users\noahr_b1q7080\My project\Library\PackageCache\com.unity.ugui@d8a2716f3013\Documentation~
script-SelectableTransition.md,0.00,C:\Users\noahr_b1q7080\My project\Library\PackageCache\com.unity.ugui@d8a2716f3013\Documentation~
script-Shadow.md,0.00,C:\Users\noahr_b1q7080\My project\Library\PackageCache\com.unity.ugui@d8a2716f3013\Documentation~
script-Slider.md,0.00,C:\Users\noahr_b1q7080\My project\Library\PackageCache\com.unity.ugui@d8a2716f3013\Documentation~
script-StandaloneInputModule.md,0.00,C:\Users\noahr_b1q7080\My project\Library\PackageCache\com.unity.ugui@d8a2716f3013\Documentation~
script-Text.md,0.00,C:\Users\noahr_b1q7080\My project\Library\PackageCache\com.unity.ugui@d8a2716f3013\Documentation~
script-Toggle.md,0.00,C:\Users\noahr_b1q7080\My project\Library\PackageCache\com.unity.ugui@d8a2716f3013\Documentation~
script-ToggleGroup.md,0.00,C:\Users\noahr_b1q7080\My project\Library\PackageCache\com.unity.ugui@d8a2716f3013\Documentation~
script-TouchInputModule.md,0.00,C:\Users\noahr_b1q7080\My project\Library\PackageCache\com.unity.ugui@d8a2716f3013\Documentation~
script-VerticalLayoutGroup.md,0.00,C:\Users\noahr_b1q7080\My project\Library\PackageCache\com.unity.ugui@d8a2716f3013\Documentation~
StyledText.md,0.01,C:\Users\noahr_b1q7080\My project\Library\PackageCache\com.unity.ugui@d8a2716f3013\Documentation~
SupportedEvents.md,0.00,C:\Users\noahr_b1q7080\My project\Library\PackageCache\com.unity.ugui@d8a2716f3013\Documentation~
TableOfContents.md,0.01,C:\Users\noahr_b1q7080\My project\Library\PackageCache\com.unity.ugui@d8a2716f3013\Documentation~
ugui.md,0.00,C:\Users\noahr_b1q7080\My project\Library\PackageCache\com.unity.ugui@d8a2716f3013\Documentation~
UIAnimationIntegration.md,0.00,C:\Users\noahr_b1q7080\My project\Library\PackageCache\com.unity.ugui@d8a2716f3013\Documentation~
UIAutoLayout.md,0.01,C:\Users\noahr_b1q7080\My project\Library\PackageCache\com.unity.ugui@d8a2716f3013\Documentation~
UIBasicLayout.md,0.01,C:\Users\noahr_b1q7080\My project\Library\PackageCache\com.unity.ugui@d8a2716f3013\Documentation~
UICanvas.md,0.00,C:\Users\noahr_b1q7080\My project\Library\PackageCache\com.unity.ugui@d8a2716f3013\Documentation~
UIHowTos.md,0.00,C:\Users\noahr_b1q7080\My project\Library\PackageCache\com.unity.ugui@d8a2716f3013\Documentation~
UIInteractionComponents.md,0.00,C:\Users\noahr_b1q7080\My project\Library\PackageCache\com.unity.ugui@d8a2716f3013\Documentation~
UIReference.md,0.00,C:\Users\noahr_b1q7080\My project\Library\PackageCache\com.unity.ugui@d8a2716f3013\Documentation~
UIVisualComponents.md,0.00,C:\Users\noahr_b1q7080\My project\Library\PackageCache\com.unity.ugui@d8a2716f3013\Documentation~
ColorEmojis.md,0.00,C:\Users\noahr_b1q7080\My project\Library\PackageCache\com.unity.ugui@d8a2716f3013\Documentation~\TextMeshPro
ColorGradients.md,0.00,C:\Users\noahr_b1q7080\My project\Library\PackageCache\com.unity.ugui@d8a2716f3013\Documentation~\TextMeshPro
ColorGradientsPresets.md,0.00,C:\Users\noahr_b1q7080\My project\Library\PackageCache\com.unity.ugui@d8a2716f3013\Documentation~\TextMeshPro
ColorGradientsTypes.md,0.00,C:\Users\noahr_b1q7080\My project\Library\PackageCache\com.unity.ugui@d8a2716f3013\Documentation~\TextMeshPro
CustomStyles.md,0.00,C:\Users\noahr_b1q7080\My project\Library\PackageCache\com.unity.ugui@d8a2716f3013\Documentation~\TextMeshPro
Debugging.md,0.00,C:\Users\noahr_b1q7080\My project\Library\PackageCache\com.unity.ugui@d8a2716f3013\Documentation~\TextMeshPro
DebugTool.md,0.00,C:\Users\noahr_b1q7080\My project\Library\PackageCache\com.unity.ugui@d8a2716f3013\Documentation~\TextMeshPro
exportdoc.md,0.18,C:\Users\noahr_b1q7080\My project\Library\PackageCache\com.unity.ugui@d8a2716f3013\Documentation~\TextMeshPro
FontAssets.md,0.00,C:\Users\noahr_b1q7080\My project\Library\PackageCache\com.unity.ugui@d8a2716f3013\Documentation~\TextMeshPro
FontAssetsCreator.md,0.01,C:\Users\noahr_b1q7080\My project\Library\PackageCache\com.unity.ugui@d8a2716f3013\Documentation~\TextMeshPro
FontAssetsDynamicFonts.md,0.00,C:\Users\noahr_b1q7080\My project\Library\PackageCache\com.unity.ugui@d8a2716f3013\Documentation~\TextMeshPro
FontAssetsFallback.md,0.00,C:\Users\noahr_b1q7080\My project\Library\PackageCache\com.unity.ugui@d8a2716f3013\Documentation~\TextMeshPro
FontAssetsLineMetrics.md,0.00,C:\Users\noahr_b1q7080\My project\Library\PackageCache\com.unity.ugui@d8a2716f3013\Documentation~\TextMeshPro
FontAssetsProperties.md,0.01,C:\Users\noahr_b1q7080\My project\Library\PackageCache\com.unity.ugui@d8a2716f3013\Documentation~\TextMeshPro
FontAssetsSDF.md,0.00,C:\Users\noahr_b1q7080\My project\Library\PackageCache\com.unity.ugui@d8a2716f3013\Documentation~\TextMeshPro
include-rich-text-tags.md,0.00,C:\Users\noahr_b1q7080\My project\Library\PackageCache\com.unity.ugui@d8a2716f3013\Documentation~\TextMeshPro
include-tmpobject-alignment.md,0.00,C:\Users\noahr_b1q7080\My project\Library\PackageCache\com.unity.ugui@d8a2716f3013\Documentation~\TextMeshPro
include-tmpobject-color.md,0.00,C:\Users\noahr_b1q7080\My project\Library\PackageCache\com.unity.ugui@d8a2716f3013\Documentation~\TextMeshPro
include-tmpobject-extra-settings-3d.md,0.00,C:\Users\noahr_b1q7080\My project\Library\PackageCache\com.unity.ugui@d8a2716f3013\Documentation~\TextMeshPro
include-tmpobject-extra-settings-ui.md,0.00,C:\Users\noahr_b1q7080\My project\Library\PackageCache\com.unity.ugui@d8a2716f3013\Documentation~\TextMeshPro
include-tmpobject-font.md,0.00,C:\Users\noahr_b1q7080\My project\Library\PackageCache\com.unity.ugui@d8a2716f3013\Documentation~\TextMeshPro
include-tmpobject-legend.md,0.00,C:\Users\noahr_b1q7080\My project\Library\PackageCache\com.unity.ugui@d8a2716f3013\Documentation~\TextMeshPro
include-tmpobject-main-settings.md,0.00,C:\Users\noahr_b1q7080\My project\Library\PackageCache\com.unity.ugui@d8a2716f3013\Documentation~\TextMeshPro
include-tmpobject-spacing.md,0.00,C:\Users\noahr_b1q7080\My project\Library\PackageCache\com.unity.ugui@d8a2716f3013\Documentation~\TextMeshPro
include-tmpobject-text.md,0.00,C:\Users\noahr_b1q7080\My project\Library\PackageCache\com.unity.ugui@d8a2716f3013\Documentation~\TextMeshPro
include-tmpobject-uv-mapping.md,0.00,C:\Users\noahr_b1q7080\My project\Library\PackageCache\com.unity.ugui@d8a2716f3013\Documentation~\TextMeshPro
include-tmpobject-wrapping.md,0.00,C:\Users\noahr_b1q7080\My project\Library\PackageCache\com.unity.ugui@d8a2716f3013\Documentation~\TextMeshPro
index.md,0.00,C:\Users\noahr_b1q7080\My project\Library\PackageCache\com.unity.ugui@d8a2716f3013\Documentation~\TextMeshPro
RichText.md,0.00,C:\Users\noahr_b1q7080\My project\Library\PackageCache\com.unity.ugui@d8a2716f3013\Documentation~\TextMeshPro
RichTextAlignment.md,0.00,C:\Users\noahr_b1q7080\My project\Library\PackageCache\com.unity.ugui@d8a2716f3013\Documentation~\TextMeshPro
RichTextBoldItalic.md,0.00,C:\Users\noahr_b1q7080\My project\Library\PackageCache\com.unity.ugui@d8a2716f3013\Documentation~\TextMeshPro
RichTextCharacterSpacing.md,0.00,C:\Users\noahr_b1q7080\My project\Library\PackageCache\com.unity.ugui@d8a2716f3013\Documentation~\TextMeshPro
RichTextColor.md,0.00,C:\Users\noahr_b1q7080\My project\Library\PackageCache\com.unity.ugui@d8a2716f3013\Documentation~\TextMeshPro
RichTextFont.md,0.00,C:\Users\noahr_b1q7080\My project\Library\PackageCache\com.unity.ugui@d8a2716f3013\Documentation~\TextMeshPro
RichTextFontWeight.md,0.00,C:\Users\noahr_b1q7080\My project\Library\PackageCache\com.unity.ugui@d8a2716f3013\Documentation~\TextMeshPro
RichTextGradient.md,0.00,C:\Users\noahr_b1q7080\My project\Library\PackageCache\com.unity.ugui@d8a2716f3013\Documentation~\TextMeshPro
RichTextIndentation.md,0.00,C:\Users\noahr_b1q7080\My project\Library\PackageCache\com.unity.ugui@d8a2716f3013\Documentation~\TextMeshPro
RichTextLetterCase.md,0.00,C:\Users\noahr_b1q7080\My project\Library\PackageCache\com.unity.ugui@d8a2716f3013\Documentation~\TextMeshPro
RichTextLineBreak.md,0.00,C:\Users\noahr_b1q7080\My project\Library\PackageCache\com.unity.ugui@d8a2716f3013\Documentation~\TextMeshPro
RichTextLineHeight.md,0.00,C:\Users\noahr_b1q7080\My project\Library\PackageCache\com.unity.ugui@d8a2716f3013\Documentation~\TextMeshPro
RichTextLineIndentation.md,0.00,C:\Users\noahr_b1q7080\My project\Library\PackageCache\com.unity.ugui@d8a2716f3013\Documentation~\TextMeshPro
RichTextLink.md,0.00,C:\Users\noahr_b1q7080\My project\Library\PackageCache\com.unity.ugui@d8a2716f3013\Documentation~\TextMeshPro
RichTextMargins.md,0.00,C:\Users\noahr_b1q7080\My project\Library\PackageCache\com.unity.ugui@d8a2716f3013\Documentation~\TextMeshPro
RichTextMark.md,0.00,C:\Users\noahr_b1q7080\My project\Library\PackageCache\com.unity.ugui@d8a2716f3013\Documentation~\TextMeshPro
RichTextMonospace.md,0.00,C:\Users\noahr_b1q7080\My project\Library\PackageCache\com.unity.ugui@d8a2716f3013\Documentation~\TextMeshPro
RichTextNoBreak.md,0.00,C:\Users\noahr_b1q7080\My project\Library\PackageCache\com.unity.ugui@d8a2716f3013\Documentation~\TextMeshPro
RichTextNoParse.md,0.00,C:\Users\noahr_b1q7080\My project\Library\PackageCache\com.unity.ugui@d8a2716f3013\Documentation~\TextMeshPro
RichTextOpacity.md,0.00,C:\Users\noahr_b1q7080\My project\Library\PackageCache\com.unity.ugui@d8a2716f3013\Documentation~\TextMeshPro
RichTextPageBreak.md,0.00,C:\Users\noahr_b1q7080\My project\Library\PackageCache\com.unity.ugui@d8a2716f3013\Documentation~\TextMeshPro
RichTextPos.md,0.00,C:\Users\noahr_b1q7080\My project\Library\PackageCache\com.unity.ugui@d8a2716f3013\Documentation~\TextMeshPro
RichTextRotate.md,0.00,C:\Users\noahr_b1q7080\My project\Library\PackageCache\com.unity.ugui@d8a2716f3013\Documentation~\TextMeshPro
RichTextSize.md,0.00,C:\Users\noahr_b1q7080\My project\Library\PackageCache\com.unity.ugui@d8a2716f3013\Documentation~\TextMeshPro
RichTextSpace.md,0.00,C:\Users\noahr_b1q7080\My project\Library\PackageCache\com.unity.ugui@d8a2716f3013\Documentation~\TextMeshPro
RichTextSprite.md,0.00,C:\Users\noahr_b1q7080\My project\Library\PackageCache\com.unity.ugui@d8a2716f3013\Documentation~\TextMeshPro
RichTextStrikethroughUnderline.md,0.00,C:\Users\noahr_b1q7080\My project\Library\PackageCache\com.unity.ugui@d8a2716f3013\Documentation~\TextMeshPro
RichTextStyle.md,0.00,C:\Users\noahr_b1q7080\My project\Library\PackageCache\com.unity.ugui@d8a2716f3013\Documentation~\TextMeshPro
RichTextSubSuper.md,0.00,C:\Users\noahr_b1q7080\My project\Library\PackageCache\com.unity.ugui@d8a2716f3013\Documentation~\TextMeshPro
RichTextSupportedTags.md,0.00,C:\Users\noahr_b1q7080\My project\Library\PackageCache\com.unity.ugui@d8a2716f3013\Documentation~\TextMeshPro
RichTextVOffset.md,0.00,C:\Users\noahr_b1q7080\My project\Library\PackageCache\com.unity.ugui@d8a2716f3013\Documentation~\TextMeshPro
RichTextWidth.md,0.00,C:\Users\noahr_b1q7080\My project\Library\PackageCache\com.unity.ugui@d8a2716f3013\Documentation~\TextMeshPro
Settings.md,0.01,C:\Users\noahr_b1q7080\My project\Library\PackageCache\com.unity.ugui@d8a2716f3013\Documentation~\TextMeshPro
Shaders.md,0.00,C:\Users\noahr_b1q7080\My project\Library\PackageCache\com.unity.ugui@d8a2716f3013\Documentation~\TextMeshPro
ShadersBitmap.md,0.00,C:\Users\noahr_b1q7080\My project\Library\PackageCache\com.unity.ugui@d8a2716f3013\Documentation~\TextMeshPro
ShadersBitmapCustomAtlas.md,0.00,C:\Users\noahr_b1q7080\My project\Library\PackageCache\com.unity.ugui@d8a2716f3013\Documentation~\TextMeshPro
ShadersBitmapMobile.md,0.00,C:\Users\noahr_b1q7080\My project\Library\PackageCache\com.unity.ugui@d8a2716f3013\Documentation~\TextMeshPro
ShadersDistanceField.md,0.02,C:\Users\noahr_b1q7080\My project\Library\PackageCache\com.unity.ugui@d8a2716f3013\Documentation~\TextMeshPro
ShadersDistanceFieldMaskingMobile.md,0.01,C:\Users\noahr_b1q7080\My project\Library\PackageCache\com.unity.ugui@d8a2716f3013\Documentation~\TextMeshPro
ShadersDistanceFieldMobile.md,0.01,C:\Users\noahr_b1q7080\My project\Library\PackageCache\com.unity.ugui@d8a2716f3013\Documentation~\TextMeshPro
ShadersDistanceFieldSurface.md,0.01,C:\Users\noahr_b1q7080\My project\Library\PackageCache\com.unity.ugui@d8a2716f3013\Documentation~\TextMeshPro
ShadersDistanceFieldSurfaceMobile.md,0.01,C:\Users\noahr_b1q7080\My project\Library\PackageCache\com.unity.ugui@d8a2716f3013\Documentation~\TextMeshPro
Sprites.md,0.01,C:\Users\noahr_b1q7080\My project\Library\PackageCache\com.unity.ugui@d8a2716f3013\Documentation~\TextMeshPro
StyleSheets.md,0.00,C:\Users\noahr_b1q7080\My project\Library\PackageCache\com.unity.ugui@d8a2716f3013\Documentation~\TextMeshPro
TextMeshPro.md,0.00,C:\Users\noahr_b1q7080\My project\Library\PackageCache\com.unity.ugui@d8a2716f3013\Documentation~\TextMeshPro
TMPObject3DText.md,0.00,C:\Users\noahr_b1q7080\My project\Library\PackageCache\com.unity.ugui@d8a2716f3013\Documentation~\TextMeshPro
TMPObjects.md,0.00,C:\Users\noahr_b1q7080\My project\Library\PackageCache\com.unity.ugui@d8a2716f3013\Documentation~\TextMeshPro
TMPObjectUIText.md,0.00,C:\Users\noahr_b1q7080\My project\Library\PackageCache\com.unity.ugui@d8a2716f3013\Documentation~\TextMeshPro
README.md,0.00,C:\Users\noahr_b1q7080\OneDrive\Desktop\Battery Checker
README.md,0.00,C:\Users\noahr_b1q7080\OneDrive\Desktop\File Extension Finder
main.md,0.00,C:\Users\noahr_b1q7080\OneDrive\Desktop\Geany\data\templates\files
LICENSE.md,0.01,C:\Users\noahr_b1q7080\OneDrive\Desktop\Geany\share\licenses\libjpeg-turbo
README.md,0.02,C:\Users\noahr_b1q7080\OneDrive\Desktop\Geany\share\licenses\libjpeg-turbo
LICENSE.md,0.00,C:\Users\noahr_b1q7080\OneDrive\Desktop\Geany\share\licenses\libtiff
LICENCE.md,0.00,C:\Users\noahr_b1q7080\OneDrive\Desktop\Geany\share\licenses\pcre2
README.md,0.00,C:\Users\noahr_b1q7080\OneDrive\Desktop\IntroToDefold
Credits.md,0.00,C:\Users\noahr_b1q7080\OneDrive\Desktop\Speed Eating Sabotage
README.md,0.00,C:\Users\noahr_b1q7080\OneDrive\Desktop\Speed Eating Sabotage
README.md,0.00,C:\Users\noahr_b1q7080\OneDrive\Desktop\Speed Eating Sabotage - Copy
README.md,0.00,C:\Users\noahr_b1q7080\OneDrive\Documents\Meteor Dash
LICENSE.md,0.00,C:\Users\noahr_b1q7080\PyCharmMiscProject\.venv\Lib\site-packages\pip\_vendor\idna
LICENSE.md,0.00,C:\Users\noahr_b1q7080\PyCharmMiscProject\.venv\Lib\site-packages\pip-26.0.1.dist-info\licenses\src\pip\_vendor\idna
